weight,density,degree,runtime,stretch
1865.0,0.02,5,17.99,9.25
1937.0,0.02,6,14.96,6.26666666667
1900.0,0.02,5,18.52,8.69565217391
2015.0,0.02,5,18.43,7.78125
2172.0,0.02,5,14.48,9.57692307692
1832.0,0.02,4,18.29,6.76666666667
1885.0,0.02,5,18.78,5.71428571429
2058.0,0.02,5,18.04,9.56756756757
1927.0,0.02,5,17.97,11.8214285714
2365.0,0.02,5,14.95,7.95454545455
