weight,density,degree,runtime,stretch
2488.0,0.0161290322581,6,31.74,7.1724137931
2570.0,0.0162580645161,6,32.0,6.57692307692
2472.0,0.016,5,31.17,8.63888888889
2421.0,0.016,4,30.91,8.81081081081
2796.0,0.016,5,25.91,7.25
2328.0,0.016,5,31.45,8.33333333333
2465.0,0.0161290322581,5,31.12,8.18181818182
2210.0,0.0162580645161,5,30.76,7.4
2641.0,0.0162580645161,6,24.74,9.0
2189.0,0.0161290322581,6,31.2,8.80769230769
