weight,density,degree,runtime,stretch
1607.0,0.08,4,0.11,2.96
1662.0,0.0833333333333,6,0.1,2.86754966887
1786.0,0.0833333333333,5,0.1,2.86885245902
1196.0,0.08,5,0.1,2.65333333333
2300.0,0.0866666666667,5,0.11,2.77519379845
2137.0,0.09,5,0.11,2.99159663866
2666.0,0.0866666666667,5,0.11,2.79856115108
1867.0,0.0866666666667,4,0.11,2.56701030928
1747.0,0.08,3,0.1,2.98198198198
1701.0,0.08,5,0.11,2.92592592593
