weight,density,degree,runtime,stretch
1290.0,0.08,5,0.11,2.5474137931
1232.0,0.08,5,0.11,3.35294117647
1632.0,0.08,6,0.09,4.61437908497
1526.0,0.08,4,0.11,3.76923076923
1684.0,0.08,5,0.09,4.02797202797
1812.0,0.08,4,0.1,4.66666666667
1573.0,0.0833333333333,4,0.11,3.19166666667
1551.0,0.08,6,0.1,3.54545454545
1542.0,0.08,5,0.1,2.64406779661
1136.0,0.08,4,0.09,3.14754098361
