weight,density,degree,runtime,stretch
1771.0,0.08,4,0.19,3.81420765027
1292.0,0.08,5,0.2,3.61333333333
1502.0,0.08,4,0.19,4.38571428571
1919.0,0.08,3,0.22,4.29530201342
1553.0,0.08,4,0.21,3.16216216216
1789.0,0.08,5,0.21,3.8407079646
1992.0,0.08,3,0.24,4.54802259887
1317.0,0.08,4,0.19,4.59504132231
2156.0,0.08,3,0.22,5.52380952381
1365.0,0.08,6,0.22,2.59090909091
