weight,density,degree,runtime,stretch
1945.0,0.08,5,0.08,3.28104575163
1579.0,0.08,5,0.08,2.74576271186
1779.0,0.08,6,0.09,3.65608465608
2969.0,0.08,6,0.09,3.07359307359
2214.0,0.08,4,0.08,2.63636363636
2214.0,0.08,3,0.09,3.38219895288
2274.0,0.08,5,0.09,5.87428571429
1366.0,0.08,4,0.09,3.06617647059
1176.0,0.08,4,0.08,3.03086419753
1360.0,0.08,3,0.1,3.96551724138
