weight,density,degree,runtime,stretch
1332.0,0.08,4,0.12,4.44444444444
1295.0,0.08,6,0.14,3.11538461538
1626.0,0.0833333333333,4,0.14,4.73195876289
1355.0,0.08,4,0.13,4.29166666667
986.0,0.08,5,0.14,1.90540540541
1744.0,0.08,4,0.15,3.80110497238
982.0,0.08,4,0.14,4.69736842105
931.0,0.08,5,0.13,3.55905511811
1174.0,0.08,7,0.14,2.85106382979
963.0,0.08,4,0.13,4.25
