weight,density,degree,runtime,stretch
1669.0,0.02,5,17.65,6.20588235294
1771.0,0.02,5,21.79,8.47826086957
1708.0,0.020404040404,5,22.02,8.51851851852
1659.0,0.02,6,22.68,5.68181818182
1519.0,0.02,6,22.94,7.56
1791.0,0.020202020202,5,22.42,8.7037037037
1922.0,0.020404040404,6,22.35,6.92857142857
1585.0,0.02,5,22.15,7.41379310345
1802.0,0.02,6,21.87,9.0
1827.0,0.02,6,17.55,6.6875
