weight,density,degree,runtime,stretch
1759.0,0.0266666666667,5,13.37,4.91228070175
2014.0,0.027027027027,6,13.24,4.16393442623
1630.0,0.027027027027,5,13.34,4.42857142857
1761.0,0.0273873873874,5,13.24,4.43333333333
1523.0,0.027027027027,6,10.66,3.94871794872
1976.0,0.0284684684685,5,13.38,4.37096774194
1755.0,0.0288288288288,5,13.78,4.83333333333
1895.0,0.0281081081081,5,13.92,4.6
1359.0,0.0273873873874,5,13.35,4.22891566265
1682.0,0.027027027027,6,10.23,4.95652173913
