weight,density,degree,runtime,stretch
1747.0,0.08,5,0.24,3.61744966443
1548.0,0.08,6,0.25,4.55445544554
1211.0,0.08,4,0.22,5.21495327103
1203.0,0.08,3,0.25,4.68518518519
890.0,0.08,4,0.27,5.5
1642.0,0.08,5,0.25,4.46212121212
1489.0,0.08,4,0.23,6.08737864078
1291.0,0.08,4,0.25,3.72727272727
1839.0,0.08,5,0.24,4.6
1423.0,0.08,4,0.24,4.05208333333
