weight,density,degree,runtime,stretch
1198.0,0.04,7,3.19,4.01754385965
1353.0,0.04,6,3.19,5.0
1754.0,0.04,4,3.07,5.98837209302
1760.0,0.04,5,3.07,7.23287671233
1430.0,0.04,5,3.27,3.97872340426
1320.0,0.04,5,3.15,6.38235294118
1287.0,0.04,6,3.2,3.94252873563
1385.0,0.04,5,3.11,5.7
1442.0,0.04,6,3.24,5.92682926829
1413.0,0.04,4,3.24,3.73333333333
