weight,density,degree,runtime,stretch
1900.0,0.08,5,0.14,4.21710526316
2308.0,0.08,4,0.13,3.70454545455
1667.0,0.08,4,0.17,2.112
2086.0,0.08,4,0.14,5.99319727891
2145.0,0.08,4,0.16,3.63184079602
1727.0,0.08,3,0.14,4.19075144509
1916.0,0.08,4,0.14,3.6125
1807.0,0.08,5,0.17,5.77272727273
2631.0,0.08,4,0.17,5.37857142857
2300.0,0.08,4,0.16,4.68316831683
