weight,density,degree,runtime,stretch
1486.0,0.08,4,0.28,5.18939393939
1278.0,0.08,4,0.27,3.15
1200.0,0.08,4,0.27,4.16822429907
709.0,0.08,3,0.3,4.37209302326
1706.0,0.08,5,0.28,4.22222222222
1439.0,0.08,5,0.27,3.2688172043
906.0,0.08,4,0.28,4.1375
1173.0,0.08,5,0.27,5.18461538462
1398.0,0.08,4,0.27,4.19444444444
1065.0,0.08,4,0.3,5.5
