weight,density,degree,runtime,stretch
1596.0,0.0266666666667,6,10.2,6.06666666667
1700.0,0.0266666666667,5,8.11,6.9696969697
1711.0,0.0266666666667,5,10.12,5.5
1296.0,0.0266666666667,5,9.96,7.6875
1213.0,0.0266666666667,5,10.08,7.91666666667
1953.0,0.0266666666667,8,10.28,6.34210526316
1828.0,0.0266666666667,6,10.06,5.48387096774
1344.0,0.0266666666667,6,8.44,5.81818181818
1602.0,0.0266666666667,5,8.13,6.2
1321.0,0.0266666666667,5,10.13,8.42307692308
