weight,density,degree,runtime,stretch
1486.0,0.04,6,3.49,3.66666666667
1394.0,0.0416326530612,7,4.26,3.1186440678
1535.0,0.0408163265306,4,4.25,4.73255813953
1327.0,0.04,5,4.16,4.18461538462
1221.0,0.04,6,4.29,4.3
1844.0,0.0416326530612,6,4.36,4.39682539683
1317.0,0.04,5,4.24,4.13235294118
1703.0,0.0416326530612,5,4.36,4.81333333333
1558.0,0.0416326530612,6,4.44,4.66265060241
1647.0,0.04,6,4.25,4.0652173913
