weight,density,degree,runtime,stretch
1374.0,0.04,5,2.54,4.08
1528.0,0.04,6,2.93,3.92452830189
2101.0,0.04,5,3.18,4.90566037736
1588.0,0.04,5,3.2,4.93442622951
1587.0,0.04,5,3.23,4.59523809524
1950.0,0.04,6,3.06,5.5
1540.0,0.04,5,3.18,4.52631578947
1498.0,0.0408163265306,5,3.02,4.61111111111
2023.0,0.04,4,2.98,4.88059701493
2060.0,0.04,4,3.03,5.94642857143
