weight,density,degree,runtime,stretch
1691.0,0.08,5,0.41,5.04444444444
1420.0,0.08,4,0.36,2.54502369668
1147.0,0.08,5,0.38,2.67857142857
1694.0,0.08,4,0.25,5.33620689655
1451.0,0.08,4,0.22,5.20149253731
1338.0,0.08,4,0.25,3.5
1374.0,0.08,5,0.25,2.75
1222.0,0.08,4,0.25,6.00840336134
1637.0,0.08,6,0.24,4.19379844961
1815.0,0.08,4,0.25,5.775
