weight,density,degree,runtime,stretch
1341.0,0.0266666666667,6,11.41,6.0
1140.0,0.0266666666667,7,11.45,4.125
1219.0,0.0266666666667,6,11.09,6.66666666667
1457.0,0.0266666666667,5,11.03,6.5
1255.0,0.0266666666667,5,11.09,8.09090909091
1533.0,0.0266666666667,5,9.01,5.85365853659
1559.0,0.0266666666667,5,11.11,7.8064516129
1349.0,0.0266666666667,4,11.18,8.0
1374.0,0.0266666666667,5,11.24,7.1724137931
1092.0,0.0266666666667,6,11.04,5.0
