weight,density,degree,runtime,stretch
1035.0,0.04,5,3.49,5.65
1054.0,0.04,5,3.62,3.64705882353
1076.0,0.04,5,3.57,4.70175438596
1044.0,0.04,5,3.61,5.825
1118.0,0.04,5,3.66,5.15384615385
720.0,0.04,5,3.43,5.17948717949
1086.0,0.04,5,3.78,3.46153846154
1741.0,0.04,4,2.89,5.86363636364
1339.0,0.04,6,2.9,5.34246575342
1318.0,0.04,5,2.82,5.70731707317
