weight,density,degree,runtime,stretch
1762.0,0.08,5,0.1,4.1974522293
1742.0,0.08,4,0.11,3.7131147541
1598.0,0.08,5,0.11,3.52272727273
1812.0,0.08,5,0.1,6.21276595745
1547.0,0.08,5,0.1,3.53225806452
932.0,0.08,5,0.09,3.57575757576
1901.0,0.08,3,0.1,5.78991596639
1451.0,0.08,6,0.09,2.6935483871
2117.0,0.08,5,0.09,4.33918128655
1686.0,0.08,4,0.1,3.34437086093
