weight,density,degree,runtime,stretch
2219.0,0.02,5,15.08,8.6
2354.0,0.02,6,14.52,10.8113207547
2515.0,0.02,5,12.07,9.7
2890.0,0.02,6,15.66,6.93939393939
2443.0,0.02,5,15.24,6.58695652174
2278.0,0.02,6,14.92,10.5625
2442.0,0.02,7,11.89,8.27272727273
2311.0,0.02,5,15.52,7.24324324324
2472.0,0.02,5,14.91,11.3055555556
2326.0,0.02,5,11.75,11.1590909091
