weight,density,degree,runtime,stretch
2495.0,0.0424489795918,4,3.18,4.95945945946
1843.0,0.04,5,3.23,3.73684210526
2532.0,0.0416326530612,5,3.05,4.69791666667
2183.0,0.0408163265306,4,3.19,5.0
2062.0,0.0408163265306,4,3.15,4.80821917808
1812.0,0.0408163265306,5,3.34,4.88235294118
2560.0,0.0424489795918,5,3.11,4.92
1646.0,0.04,4,3.19,3.87931034483
2017.0,0.0408163265306,5,3.1,3.8085106383
2613.0,0.04,6,3.18,4.57317073171
