weight,density,degree,runtime,stretch
1416.0,0.0416326530612,5,4.9,4.925
1318.0,0.0416326530612,5,4.85,3.67391304348
1436.0,0.0408163265306,6,4.98,4.72340425532
1285.0,0.04,6,4.74,4.58974358974
1367.0,0.04,6,4.73,3.91666666667
1567.0,0.0424489795918,5,4.85,4.65306122449
1475.0,0.0424489795918,5,3.85,4.98591549296
1422.0,0.0416326530612,5,3.94,4.86046511628
1408.0,0.0408163265306,5,3.82,5.0
1239.0,0.0408163265306,5,3.83,4.61290322581
