weight,density,degree,runtime,stretch
1876.0,0.02,5,17.75,9.67647058824
1718.0,0.02,6,18.59,7.83783783784
2077.0,0.02,5,14.55,8.28571428571
2206.0,0.02,4,18.54,7.09090909091
2570.0,0.02,5,18.52,5.5
1919.0,0.02,7,18.15,7.07692307692
2244.0,0.02,6,18.99,6.07142857143
2086.0,0.02,5,14.39,7.23529411765
2204.0,0.02,6,19.08,5.85964912281
2481.0,0.02,5,17.71,13.4210526316
