weight,density,degree,runtime,stretch
2477.0,0.02,5,15.77,8.24242424242
2271.0,0.02,5,15.54,8.59090909091
2642.0,0.02,5,15.68,7.825
2668.0,0.02,5,15.16,8.0
2631.0,0.02,8,16.15,5.62222222222
2613.0,0.02,5,15.14,11.4571428571
2395.0,0.02,6,15.36,8.16129032258
2442.0,0.02,6,15.85,6.44444444444
2482.0,0.02,7,15.72,7.84210526316
2362.0,0.02,6,15.93,7.2380952381
