weight,density,degree,runtime,stretch
1381.0,0.04,5,3.4,3.94915254237
1281.0,0.04,4,3.4,6.77419354839
1536.0,0.0408163265306,4,3.27,5.62686567164
1375.0,0.04,4,3.39,4.7868852459
1632.0,0.04,6,4.39,3.675
1506.0,0.04,6,4.13,3.51282051282
1424.0,0.04,5,4.33,4.9
1563.0,0.0408163265306,3,4.09,6.46153846154
1496.0,0.04,6,3.99,5.33333333333
1441.0,0.04,6,4.17,5.78260869565
