weight,density,degree,runtime,stretch
1462.0,0.0266666666667,5,8.78999999999,5.5
1877.0,0.0266666666667,4,8.84,5.71428571429
1569.0,0.0266666666667,5,8.79,6.6170212766
1424.0,0.0266666666667,5,9.08,5.40740740741
1191.0,0.0266666666667,4,7.27,5.0
1549.0,0.0266666666667,4,7.1,5.76666666667
1686.0,0.0266666666667,5,9.07,5.73529411765
1694.0,0.0266666666667,6,9.03,5.22222222222
2092.0,0.0266666666667,5,8.96,5.33333333333
1909.0,0.0266666666667,5,8.81,7.5652173913
