weight,density,degree,runtime,stretch
1177.0,0.02,5,31.37,6.38095238095
1255.0,0.02,5,25.57,6.57142857143
1329.0,0.02,7,31.44,8.88235294118
1102.0,0.02,5,25.5,6.6
1070.0,0.02,7,32.36,7.64705882353
1245.0,0.02,7,25.08,7.5
1160.0,0.02,4,30.32,10.4
1289.0,0.02,5,27.73,9.55555555556
1410.0,0.02,5,32.76,6.61111111111
1271.0,0.02,5,31.48,9.0
