weight,density,degree,runtime,stretch
1675.0,0.02,6,24.8,7.40740740741
1680.0,0.02,6,23.97,8.36363636364
1554.0,0.02,5,22.9,10.8260869565
1497.0,0.02,5,24.38,7.85714285714
1682.0,0.02,6,25.37,6.20588235294
1427.0,0.02,5,24.58,6.84
1642.0,0.02,6,22.06,8.1
1546.0,0.02,5,24.22,8.95833333333
1475.0,0.02,7,19.36,9.86363636364
1723.0,0.02,6,25.1,6.66666666667
