weight,density,degree,runtime,stretch
2142.0,0.02,6,21.16,10.0
2035.0,0.02,5,20.79,9.09090909091
1725.0,0.02,5,20.26,12.1071428571
1647.0,0.02,5,22.03,7.03846153846
1779.0,0.02,6,16.65,7.25
1827.0,0.02,5,20.89,9.48387096774
1986.0,0.02,5,21.89,7.44
1598.0,0.02,5,21.45,6.80952380952
1818.0,0.02,6,21.58,5.65517241379
1624.0,0.02,5,16.33,8.55555555556
