weight,density,degree,runtime,stretch
1616.0,0.04,5,3.49,8.05263157895
1112.0,0.04,5,3.6,4.80769230769
1177.0,0.04,4,3.6,4.97368421053
1428.0,0.04,6,3.61,3.39726027397
1148.0,0.04,4,3.47,6.93333333333
1538.0,0.04,5,3.56,5.42647058824
1341.0,0.04,6,2.79,4.4
975.0,0.04,5,2.83,5.46153846154
1151.0,0.04,5,2.76,7.26666666667
1058.0,0.04,5,2.85,7.05
