weight,density,degree,runtime,stretch
1311.0,0.0266666666667,5,7.98,6.08571428571
1738.0,0.0266666666667,6,10.33,5.71739130435
1540.0,0.0266666666667,6,10.23,7.64285714286
1430.0,0.0266666666667,4,10.5,4.91666666667
1620.0,0.0266666666667,6,10.36,8.44117647059
1529.0,0.0266666666667,5,10.3,6.22222222222
1163.0,0.0266666666667,5,8.06,6.0
1817.0,0.0266666666667,5,7.97,8.19512195122
1174.0,0.0266666666667,5,10.43,5.04761904762
1534.0,0.027027027027,4,10.1,8.39473684211
