weight,density,degree,runtime,stretch
1642.0,0.02,6,25.13,7.70588235294
1550.0,0.02,5,24.55,7.55
1373.0,0.02,5,23.24,5.15789473684
1449.0,0.02,6,25.05,6.6875
1495.0,0.02,6,19.42,8.73529411765
1406.0,0.02,5,24.02,9.95833333333
1478.0,0.02,5,19.6,10.2631578947
1565.0,0.02,5,24.17,11.4642857143
1452.0,0.02,5,24.87,8.28571428571
1847.0,0.02,5,25.57,7.46428571429
