weight,density,degree,runtime,stretch
1715.0,0.04,5,2.32,5.85964912281
1284.0,0.04,5,2.2,6.45161290323
1668.0,0.04,4,2.23,5.12698412698
1581.0,0.04,5,2.22,6.53968253968
1432.0,0.04,6,2.33,3.96721311475
1690.0,0.04,5,2.82,4.49107142857
1697.0,0.04,5,2.91,4.85714285714
1598.0,0.04,4,2.63,5.90322580645
1255.0,0.04,6,2.71,6.02222222222
1585.0,0.04,5,2.83,4.0
