weight,density,degree,runtime,stretch
1876.0,0.0161290322581,6,37.27,7.66666666667
1892.0,0.016,7,38.81,7.43243243243
2196.0,0.0161290322581,6,37.46,8.875
1923.0,0.016,6,30.09,8.21212121212
2146.0,0.0161290322581,5,33.05,8.47058823529
2371.0,0.016,6,38.15,8.90625
2056.0,0.016,5,37.56,7.48275862069
2094.0,0.016,5,37.72,8.2
2029.0,0.0161290322581,5,38.98,8.69230769231
1785.0,0.016,5,38.21,6.26086956522
