weight,density,degree,runtime,stretch
1252.0,0.04,5,3.6,4.13793103448
1075.0,0.04,5,3.65,4.58974358974
1373.0,0.04,6,3.49,5.67213114754
1128.0,0.04,5,3.52,6.12820512821
1350.0,0.04,5,3.52,5.26229508197
1036.0,0.04,5,2.79,4.08928571429
1117.0,0.04,4,2.78,6.06451612903
1244.0,0.04,4,2.83,5.0350877193
1437.0,0.04,6,2.84,7.78260869565
1435.0,0.04,5,2.76,5.54098360656
