weight,density,degree,runtime,stretch
1230.0,0.0266666666667,5,10.23,8.13636363636
1110.0,0.0266666666667,5,12.72,6.33333333333
1236.0,0.0266666666667,5,13.21,6.05
1163.0,0.0266666666667,6,12.95,7.2
1171.0,0.0266666666667,5,12.99,5.30555555556
1253.0,0.0266666666667,5,10.19,9.51851851852
1063.0,0.0266666666667,5,12.67,8.33333333333
1069.0,0.0266666666667,4,12.67,7.30434782609
1136.0,0.0266666666667,6,12.92,6.18518518519
837.0,0.0266666666667,8,12.81,5.45714285714
