weight,density,degree,runtime,stretch
1746.0,0.0238383838384,6,45.58,2.93103448276
1840.0,0.0240404040404,6,43.91,2.94444444444
1576.0,0.0228282828283,6,45.41,3.0
1731.0,0.0234343434343,6,46.15,3.0
1910.0,0.0240404040404,5,36.55,2.96296296296
1678.0,0.0218181818182,6,44.83,2.95918367347
2351.0,0.0250505050505,6,47.02,2.89473684211
1931.0,0.0248484848485,6,37.22,2.96774193548
2097.0,0.0244444444444,6,46.12,2.95454545455
1859.0,0.0236363636364,6,45.56,3.0
