weight,density,degree,runtime,stretch
2784.0,0.016,5,26.75,10.92
2828.0,0.016,6,29.9,11.1034482759
2102.0,0.016,6,30.27,10.4814814815
2019.0,0.016,5,31.25,9.21212121212
2735.0,0.016,8,24.09,6.92857142857
2361.0,0.016,6,30.27,7.58823529412
2526.0,0.016,7,30.71,7.61764705882
2648.0,0.016,6,29.67,12.8148148148
2662.0,0.016,5,28.35,7.12820512821
2523.0,0.016,6,31.05,6.84615384615
