weight,density,degree,runtime,stretch
968.0,0.04,5,3.69,4.96296296296
1168.0,0.04,7,3.44,8.47916666667
1099.0,0.04,4,3.44,5.19047619048
1130.0,0.04,5,3.56,7.10714285714
972.0,0.04,5,3.52,6.05714285714
1250.0,0.04,6,2.88,5.78947368421
1132.0,0.04,5,2.82,5.86666666667
1509.0,0.04,5,2.9,4.39024390244
1175.0,0.04,5,2.82,5.89655172414
1330.0,0.04,6,2.89,5.10526315789
