weight,density,degree,runtime,stretch
2519.0,0.0196129032258,6,72.11,3.0
2272.0,0.0192258064516,9,73.5,2.9696969697
2103.0,0.0184516129032,7,56.09,2.88888888889
2388.0,0.0193548387097,6,72.23,3.0
2604.0,0.0206451612903,6,73.05,2.95
2855.0,0.0210322580645,5,74.07,2.97058823529
2736.0,0.0194838709677,8,71.83,3.0
2904.0,0.0206451612903,5,73.21,2.92592592593
