weight,density,degree,runtime,stretch
1778.0,0.016,6,49.02,11.3684210526
1742.0,0.016,7,48.36,13.6956521739
1554.0,0.016,5,38.57,9.86666666667
1398.0,0.016,6,39.37,8.75
1522.0,0.016,7,39.52,7.16
1501.0,0.016,6,47.21,8.2380952381
1337.0,0.016,6,52.0,6.93333333333
1621.0,0.016,6,49.29,10.2
1514.0,0.016,5,48.87,8.09090909091
1893.0,0.016,5,49.79,8.0
