weight,density,degree,runtime,stretch
1286.0,0.04,4,3.8,3.93023255814
1752.0,0.04,5,3.63,4.31081081081
1655.0,0.04,6,3.83,4.44186046512
2078.0,0.04,5,3.56,6.1875
2107.0,0.04,5,3.5,4.34210526316
2261.0,0.0408163265306,4,3.64,5.20183486239
1661.0,0.0408163265306,5,3.63,6.48076923077
1573.0,0.04,5,3.67,6.51851851852
1607.0,0.04,5,3.79,4.02985074627
1758.0,0.0408163265306,4,2.91,5.77777777778
