weight,density,degree,runtime,stretch
1562.0,0.0266666666667,5,11.48,5.92307692308
1407.0,0.0266666666667,6,11.65,4.96875
1587.0,0.0266666666667,6,11.61,6.1
1218.0,0.0266666666667,5,9.17,6.93103448276
1561.0,0.0266666666667,6,9.71,6.5
1108.0,0.0266666666667,5,10.88,11.0
1119.0,0.0266666666667,5,11.28,8.47619047619
1158.0,0.0266666666667,5,11.44,7.15789473684
1219.0,0.0266666666667,5,11.5,8.2962962963
1535.0,0.0266666666667,5,9.34,8.12820512821
