weight,density,degree,runtime,stretch
2130.0,0.0210101010101,6,22.4,4.89130434783
2265.0,0.020404040404,6,18.13,4.72549019608
2572.0,0.0210101010101,5,23.32,4.88
2360.0,0.0210101010101,6,18.85,4.94736842105
2564.0,0.0218181818182,4,24.01,4.73076923077
2894.0,0.0208080808081,6,18.92,4.45652173913
2503.0,0.0208080808081,6,23.48,4.86363636364
2125.0,0.020404040404,6,18.5,4.84
2060.0,0.0214141414141,6,23.6,4.33333333333
2427.0,0.0210101010101,6,23.35,4.87234042553
