weight,density,degree,runtime,stretch
2602.0,0.02,5,16.44,8.97872340426
2392.0,0.02,5,15.52,8.875
2679.0,0.02,6,15.92,5.76666666667
2457.0,0.02,5,15.76,9.5625
2512.0,0.02,7,12.53,7.43333333333
2265.0,0.02,5,15.68,6.1
2793.0,0.02,6,15.65,10.0810810811
2257.0,0.02,6,13.54,5.60714285714
2244.0,0.02,6,16.57,7.5
2456.0,0.02,5,15.27,10.2820512821
