weight,density,degree,runtime,stretch
1569.0,0.08,4,0.13,3.33121019108
1135.0,0.08,4,0.13,2.88785046729
1310.0,0.08,4,0.14,3.59550561798
1031.0,0.08,5,0.13,3.31147540984
1127.0,0.08,4,0.13,3.20833333333
934.0,0.08,4,0.14,5.93617021277
1330.0,0.08,4,0.12,3.92405063291
1545.0,0.0833333333333,4,0.12,3.7519379845
1491.0,0.08,3,0.12,6.37037037037
1608.0,0.08,7,0.13,3.53398058252
