weight,density,degree,runtime,stretch
1363.0,0.08,4,0.22,6.00917431193
1293.0,0.08,4,0.24,2.42352941176
1125.0,0.08,4,0.25,3.95
1813.0,0.08,4,0.22,4.61445783133
1117.0,0.08,4,0.25,3.36363636364
1181.0,0.08,4,0.25,3.10569105691
1375.0,0.08,4,0.25,2.35789473684
1265.0,0.08,4,0.22,3.38172043011
1551.0,0.08,5,0.24,3.76576576577
1566.0,0.08,5,0.22,3.26666666667
