weight,density,degree,runtime,stretch
2638.0,0.0277477477477,6,9.62,5.0
2189.0,0.027027027027,7,9.3,4.68292682927
2227.0,0.0266666666667,6,7.45,4.95833333333
2181.0,0.027027027027,6,9.5,4.8125
1820.0,0.027027027027,7,9.13,4.65384615385
2795.0,0.027027027027,6,8.97,4.84615384615
3082.0,0.0273873873874,6,9.34,4.95833333333
2520.0,0.0277477477477,5,9.58,4.41818181818
2329.0,0.0273873873874,6,7.7,4.40540540541
3146.0,0.027027027027,8,9.38,4.56164383562
