weight,density,degree,runtime,stretch
1974.0,0.0266666666667,6,6.06,8.13793103448
2274.0,0.0266666666667,5,5.97,6.56603773585
2052.0,0.0266666666667,5,7.66,6.61904761905
1854.0,0.0266666666667,6,7.25,8.28947368421
2410.0,0.0266666666667,5,7.16,6.26530612245
2227.0,0.0266666666667,5,7.41,6.5
2333.0,0.0266666666667,5,7.38,5.62222222222
1838.0,0.0266666666667,7,7.65,5.23255813953
2094.0,0.0266666666667,5,5.69,8.72972972973
2180.0,0.0266666666667,5,5.97,7.58695652174
