weight,density,degree,runtime,stretch
1197.0,0.0266666666667,6,11.28,7.72727272727
1508.0,0.0266666666667,5,11.6,6.28571428571
1474.0,0.0266666666667,5,11.13,10.7692307692
1747.0,0.0266666666667,5,9.17,8.16666666667
1566.0,0.0266666666667,5,9.45,4.525
1540.0,0.0266666666667,5,11.29,7.96296296296
1489.0,0.0266666666667,5,11.61,6.09523809524
1243.0,0.0266666666667,6,11.41,6.2
1051.0,0.0266666666667,5,11.37,9.2
1508.0,0.0266666666667,5,9.2,5.79411764706
