weight,density,degree,runtime,stretch
1120.0,0.08,4,0.29,3.93203883495
1105.0,0.08,6,0.32,2.8961038961
1264.0,0.08,4,0.33,4.10810810811
1251.0,0.08,4,0.34,4.56701030928
1418.0,0.08,6,0.33,4.06837606838
1726.0,0.08,3,0.32,3.79518072289
1585.0,0.08,4,0.33,2.80582524272
1170.0,0.08,4,0.34,2.96183206107
1474.0,0.08,5,0.33,4.8
1517.0,0.08,5,0.33,4.02173913043
