weight,density,degree,runtime,stretch
1201.0,0.0266666666667,5,13.09,4.75
1005.0,0.0266666666667,5,12.41,5.06451612903
1268.0,0.0266666666667,7,10.12,5.28571428571
1437.0,0.0266666666667,5,12.72,6.18181818182
1400.0,0.0266666666667,5,12.64,7.08
1179.0,0.0266666666667,4,12.59,7.38095238095
1220.0,0.0266666666667,5,12.47,7.86363636364
1293.0,0.0266666666667,5,9.94,6.62857142857
1399.0,0.0266666666667,5,9.89000000001,6.69444444444
1079.0,0.0266666666667,5,12.92,6.125
