weight,density,degree,runtime,stretch
1280.0,0.027027027027,8,19.56,3.95833333333
1409.0,0.027027027027,5,15.31,4.73684210526
1136.0,0.0284684684685,6,19.17,5.0
1250.0,0.0277477477477,5,19.12,4.86842105263
1259.0,0.0273873873874,5,19.25,5.0
1319.0,0.027027027027,5,15.52,4.96666666667
1622.0,0.0273873873874,8,19.54,4.74358974359
987.0,0.027027027027,4,18.96,5.0
1459.0,0.0273873873874,5,19.62,4.0
1168.0,0.027027027027,6,17.3,4.91176470588
