weight,density,degree,runtime,stretch
1232.0,0.04,5,3.49,7.5
1257.0,0.04,5,3.6,5.23529411765
1400.0,0.04,4,3.57,6.0
1246.0,0.04,6,3.69,5.07317073171
1157.0,0.04,4,3.7,4.97142857143
1235.0,0.04,5,3.52,6.1724137931
838.0,0.04,6,3.66,5.23076923077
1111.0,0.04,5,2.82,7.37037037037
1344.0,0.04,4,2.88,4.72
1112.0,0.04,5,3.01,4.35185185185
