weight,density,degree,runtime,stretch
1791.0,0.04,5,2.38,6.4
1583.0,0.04,5,2.46,7.05357142857
1584.0,0.04,5,2.33,8.36
1724.0,0.04,5,2.42,5.98387096774
1793.0,0.04,5,2.45,6.234375
1706.0,0.04,5,2.43,7.15789473684
1998.0,0.04,5,2.5,5.125
1670.0,0.04,5,2.62,4.83333333333
1561.0,0.04,5,2.43,5.63793103448
1870.0,0.04,5,2.57,5.58666666667
