weight,density,degree,runtime,stretch
1345.0,0.0833333333333,4,0.14,3.75
857.0,0.08,4,0.14,3.68518518519
1665.0,0.08,4,0.15,4.29655172414
1394.0,0.08,5,0.14,4.20689655172
912.0,0.08,5,0.14,4.79452054795
1499.0,0.08,4,0.14,3.66972477064
1035.0,0.08,4,0.16,4.11764705882
940.0,0.08,5,0.15,3.4328358209
1429.0,0.08,4,0.14,3.0
1045.0,0.08,4,0.15,3.44791666667
