weight,density,degree,runtime,stretch
1344.0,0.016,7,54.3,10.2272727273
1109.0,0.016,6,56.4,5.71428571429
1390.0,0.016,6,55.63,7.93333333333
1409.0,0.016,6,44.29,9.0
