weight,density,degree,runtime,stretch
1218.0,0.04,7,3.15,5.63888888889
1350.0,0.04,5,3.07,7.66666666667
1579.0,0.04,4,3.12,6.5
1181.0,0.04,5,3.27,4.12727272727
1134.0,0.04,5,3.1,5.7037037037
1222.0,0.04,5,3.19,4.10256410256
1927.0,0.04,6,3.39,4.58333333333
1223.0,0.04,5,3.16,3.75362318841
1317.0,0.04,5,3.11,7.52083333333
1148.0,0.04,5,3.04,5.0
