weight,density,degree,runtime,stretch
1288.0,0.02,7,32.05,8.4
1290.0,0.02,5,33.46,5.10526315789
1128.0,0.02,5,32.7,6.16666666667
1009.0,0.020202020202,5,31.18,6.76923076923
1366.0,0.02,6,31.92,7.96
1157.0,0.02,6,26.63,5.30769230769
1402.0,0.02,5,32.37,7.36
1227.0,0.02,7,25.74,6.93333333333
1411.0,0.020202020202,5,32.06,7.24137931034
1412.0,0.020404040404,6,26.03,7.28571428571
