weight,density,degree,runtime,stretch
2556.0,0.0266666666667,5,7.52,8.92682926829
2314.0,0.0266666666667,5,7.41,8.08695652174
1765.0,0.0266666666667,5,7.34,5.39130434783
2143.0,0.0266666666667,6,7.54,4.65909090909
1782.0,0.0266666666667,6,7.46,7.02127659574
1826.0,0.0266666666667,5,6.09,7.1
2109.0,0.0266666666667,6,6.2,4.36734693878
2407.0,0.0266666666667,5,7.25,8.40677966102
2449.0,0.0266666666667,5,7.67,5.91489361702
1868.0,0.0266666666667,6,7.53,5.46296296296
