weight,density,degree,runtime,stretch
1350.0,0.027027027027,5,16.71,6.07692307692
1475.0,0.0273873873874,4,16.97,6.38461538462
1219.0,0.0266666666667,5,17.05,4.74193548387
1474.0,0.027027027027,5,14.88,6.25806451613
1100.0,0.0266666666667,4,17.08,5.88235294118
1223.0,0.0266666666667,5,17.03,6.4
1379.0,0.027027027027,5,16.93,6.26315789474
1153.0,0.0266666666667,6,17.11,4.88
1599.0,0.0266666666667,5,13.55,4.48387096774
1778.0,0.027027027027,6,17.05,6.2
