weight,density,degree,runtime,stretch
1671.0,0.0424489795918,6,4.31,3.0
1093.0,0.0416326530612,6,4.37,2.94871794872
2072.0,0.0457142857143,5,4.57,2.96739130435
1941.0,0.0440816326531,5,4.41,2.91549295775
1843.0,0.0473469387755,7,4.73,2.84210526316
2100.0,0.0473469387755,5,4.57,3.0
1829.0,0.0465306122449,5,4.49,2.77586206897
1765.0,0.0432653061224,5,4.44,2.51219512195
2138.0,0.0448979591837,5,4.45,2.98214285714
2035.0,0.0432653061224,6,4.49,3.0
