weight,density,degree,runtime,stretch
1179.0,0.02,7,24.81,7.375
1025.0,0.02,7,30.75,6.5
1286.0,0.02,7,25.06,8.35714285714
1127.0,0.02,5,31.25,7.52631578947
1477.0,0.02,6,31.53,8.61111111111
1171.0,0.02,5,30.82,10.5714285714
1186.0,0.02,5,30.88,7.09090909091
1327.0,0.02,6,31.32,9.47619047619
1285.0,0.02,6,31.87,7.85714285714
1323.0,0.02,5,30.21,8.15384615385
