weight,density,degree,runtime,stretch
1907.0,0.04,6,2.05,6.25862068966
2203.0,0.04,6,2.09,7.75806451613
1674.0,0.04,6,2.12,4.77777777778
2044.0,0.04,5,2.0,7.18333333333
2241.0,0.04,4,2.13,4.3950617284
2040.0,0.04,4,1.97,4.26785714286
2167.0,0.04,5,1.98,6.24324324324
1881.0,0.04,4,2.04,4.98734177215
1845.0,0.04,5,2.03,7.14864864865
2008.0,0.04,7,2.09,4.0253164557
