weight,density,degree,runtime,stretch
2126.0,0.02,5,18.34,7.61538461538
1993.0,0.02,5,18.18,7.25806451613
1907.0,0.02,4,14.86,7.34375
1978.0,0.020202020202,5,18.78,7.59259259259
1944.0,0.020202020202,6,19.44,7.2
1999.0,0.02,5,14.5,7.63636363636
2029.0,0.020202020202,6,18.56,6.0
2445.0,0.020202020202,6,19.2,7.28205128205
2116.0,0.02,7,19.28,6.31818181818
2566.0,0.020202020202,5,18.9,7.61363636364
