weight,density,degree,runtime,stretch
1590.0,0.016,5,47.38,7.41666666667
1760.0,0.0162580645161,6,51.36,8.62068965517
1695.0,0.016,5,51.52,7.23529411765
1493.0,0.016,5,51.55,6.57894736842
1546.0,0.016,6,49.63,8.25
1509.0,0.016,6,51.81,8.10526315789
1562.0,0.0161290322581,5,49.62,7.45454545455
1630.0,0.0162580645161,7,51.61,7.04347826087
1424.0,0.016,6,50.33,7.30769230769
1423.0,0.0161290322581,5,40.33,8.64285714286
