weight,density,degree,runtime,stretch
1647.0,0.04,5,3.9,3.45070422535
1877.0,0.0416326530612,5,3.64,4.51063829787
1864.0,0.04,6,3.7,4.76119402985
1710.0,0.0416326530612,5,3.83,4.97752808989
1711.0,0.0408163265306,4,3.55,4.89230769231
1491.0,0.04,5,3.71,4.75510204082
1914.0,0.0416326530612,5,2.96,4.37096774194
1849.0,0.0432653061224,4,2.87,4.45714285714
1771.0,0.04,7,3.04,3.96825396825
1734.0,0.04,6,3.15,3.35087719298
