weight,density,degree,runtime,stretch
1676.0,0.08,7,0.17,3.00884955752
1712.0,0.08,5,0.16,3.90178571429
1733.0,0.08,4,0.17,4.20869565217
1574.0,0.08,5,0.17,5.26612903226
2558.0,0.08,4,0.19,4.5
1280.0,0.08,4,0.19,5.19565217391
1840.0,0.08,5,0.16,5.1186440678
1405.0,0.08,5,0.17,3.3956043956
1885.0,0.08,5,0.19,2.80158730159
1475.0,0.08,4,0.22,3.81012658228
