weight,density,degree,runtime,stretch
1239.0,0.08,4,0.12,2.55639097744
2026.0,0.08,4,0.1,4.59154929577
1451.0,0.08,4,0.12,3.54143646409
1382.0,0.08,4,0.12,3.36666666667
1078.0,0.08,4,0.12,3.4
1152.0,0.08,4,0.12,5.16666666667
1579.0,0.08,5,0.13,3.59310344828
1591.0,0.08,4,0.11,4.65346534653
1892.0,0.08,4,0.11,3.52403846154
1414.0,0.08,4,0.12,3.75324675325
