weight,density,degree,runtime,stretch
1024.0,0.04,4,3.58,5.16129032258
1160.0,0.04,4,3.41,8.80952380952
1194.0,0.04,4,3.44,7.42553191489
1222.0,0.04,6,3.56,6.3125
1485.0,0.04,5,3.62,4.89795918367
1246.0,0.04,5,3.53,5.8813559322
1266.0,0.04,5,3.61,7.63636363636
1145.0,0.04,6,2.88,5.30952380952
1335.0,0.04,5,2.91,3.97674418605
1252.0,0.04,5,2.79,7.79545454545
