weight,density,degree,runtime,stretch
2116.0,0.027027027027,6,11.46,4.83333333333
1793.0,0.0273873873874,6,11.3,4.22
2235.0,0.027027027027,5,11.2,4.78571428571
2166.0,0.0277477477477,5,9.24000000001,4.57446808511
2232.0,0.0266666666667,5,8.84,4.54545454545
2006.0,0.0281081081081,5,11.95,4.7027027027
1936.0,0.027027027027,4,11.21,4.56451612903
2097.0,0.0281081081081,5,11.6,4.825
1726.0,0.027027027027,5,11.34,4.03846153846
2253.0,0.0281081081081,6,9.04,4.57142857143
