weight,density,degree,runtime,stretch
2076.0,0.04,6,2.62,4.51612903226
2075.0,0.04,6,2.5,4.25581395349
2002.0,0.04,6,2.5,5.43055555556
1399.0,0.04,4,2.46,4.90163934426
1689.0,0.04,5,2.42,5.94117647059
1842.0,0.04,5,2.42,6.69811320755
1292.0,0.04,5,2.45,5.17543859649
1594.0,0.04,4,2.37,8.10526315789
1689.0,0.04,4,2.45,3.70833333333
1624.0,0.04,4,2.46,6.08064516129
