weight,density,degree,runtime,stretch
2625.0,0.0266666666667,5,4.86,8.04166666667
2447.0,0.0266666666667,5,6.38,6.62222222222
1921.0,0.0266666666667,5,6.12,8.01960784314
2108.0,0.0266666666667,5,6.38,8.08571428571
2702.0,0.0266666666667,5,6.6,4.88235294118
2249.0,0.0266666666667,4,6.2,8.19230769231
2621.0,0.0266666666667,4,6.38,7.33898305085
2285.0,0.0266666666667,5,5.01,6.09756097561
2315.0,0.0266666666667,5,5.05,7.33962264151
2158.0,0.0266666666667,5,6.4,6.54761904762
