weight,density,degree,runtime,stretch
2210.0,0.04,5,1.85,4.47945205479
1896.0,0.04,5,1.63,6.24719101124
2902.0,0.04,6,1.77,4.77647058824
2769.0,0.04,7,1.72,4.3829787234
2568.0,0.04,4,1.71,4.55769230769
2673.0,0.04,6,1.67,5.125
2109.0,0.04,5,1.65,3.9756097561
2765.0,0.04,6,1.76,7.02631578947
2674.0,0.04,6,1.68,5.61764705882
2165.0,0.04,4,1.68,5.38636363636
