weight,density,degree,runtime,stretch
1853.0,0.04,6,2.53,4.72839506173
2021.0,0.04,6,2.56,4.33898305085
1950.0,0.04,5,2.42,3.81896551724
1662.0,0.04,5,2.37,9.66666666667
1694.0,0.04,4,2.41,5.61616161616
1218.0,0.04,5,2.33,5.90277777778
2655.0,0.04,6,2.34,7.20481927711
1425.0,0.04,4,1.8,5.88372093023
1909.0,0.04,5,1.97,4.84782608696
1963.0,0.04,4,1.98,7.04411764706
