weight,density,degree,runtime,stretch
1192.0,0.02,5,22.96,8.5625
1436.0,0.020202020202,5,28.54,9.0
1440.0,0.020202020202,5,22.96,8.75
1287.0,0.02,5,28.91,6.5
1157.0,0.02,5,22.96,7.9375
1318.0,0.02,6,29.05,6.27272727273
1589.0,0.02,6,28.44,8.24137931034
1323.0,0.02,5,27.83,8.02941176471
1275.0,0.02,5,29.24,6.83333333333
1207.0,0.02,6,28.98,7.25
