weight,density,degree,runtime,stretch
2576.0,0.08,3,0.11,6.94418604651
1808.0,0.08,4,0.11,3.69585253456
2239.0,0.08,4,0.14,3.01973684211
1860.0,0.08,4,0.13,3.72115384615
1752.0,0.08,4,0.14,3.335
1932.0,0.08,4,0.13,3.37837837838
2109.0,0.08,4,0.14,3.10126582278
2147.0,0.08,3,0.11,4.41584158416
2978.0,0.08,4,0.11,6.14814814815
2995.0,0.08,4,0.11,2.98214285714
