weight,density,degree,runtime,stretch
1078.0,0.02,5,22.74,5.42857142857
1279.0,0.02,6,27.79,6.67857142857
1275.0,0.02,7,22.63,8.4375
1244.0,0.02,6,27.49,10.0
1276.0,0.02,6,21.4,10.4705882353
1260.0,0.02,5,27.41,8.0
1235.0,0.02,6,22.98,8.0
1179.0,0.02,5,27.57,6.9375
1201.0,0.02,5,22.22,6.5
1676.0,0.02,5,26.76,9.16666666667
