weight,density,degree,runtime,stretch
1358.0,0.04,6,4.36,4.97916666667
1366.0,0.04,5,4.08,7.0
999.0,0.04,4,5.41,4.375
1149.0,0.04,4,5.42,4.48484848485
1045.0,0.04,5,5.19,5.11363636364
1261.0,0.04,4,5.26,4.91176470588
987.0,0.04,5,5.18,6.18918918919
1317.0,0.04,5,5.26,5.15384615385
1508.0,0.04,5,5.31,6.14285714286
1096.0,0.04,4,5.19,5.66666666667
