weight,density,degree,runtime,stretch
1719.0,0.02,7,25.02,6.23076923077
1432.0,0.02,5,24.94,7.42307692308
1556.0,0.02,5,25.46,7.51612903226
1735.0,0.02,5,25.91,5.45454545455
1560.0,0.02,5,25.39,7.39130434783
1574.0,0.02,5,24.34,10.1428571429
1350.0,0.02,5,25.32,8.27272727273
1550.0,0.02,6,26.41,5.90476190476
1434.0,0.02,6,20.1,8.29166666667
1734.0,0.020202020202,5,25.15,7.72727272727
