weight,density,degree,runtime,stretch
1651.0,0.08,7,0.24,3.22448979592
1323.0,0.08,4,0.27,5.54621848739
1361.0,0.08,4,0.24,2.63888888889
1325.0,0.08,5,0.25,5.60550458716
1628.0,0.08,5,0.24,3.00699300699
1494.0,0.08,4,0.24,3.8875
1226.0,0.08,6,0.22,3.70967741935
697.0,0.08,4,0.21,3.44117647059
1228.0,0.08,4,0.21,5.18823529412
1050.0,0.08,4,0.22,4.83333333333
