weight,density,degree,runtime,stretch
1827.0,0.02,5,17.55,8.0
1618.0,0.02,5,22.52,9.51851851852
1734.0,0.02,7,17.17,8.0
1867.0,0.02,5,22.1,7.70833333333
1942.0,0.02,8,21.77,7.5
1730.0,0.02,6,21.73,7.46153846154
1570.0,0.02,5,21.66,9.55555555556
1715.0,0.02,4,18.05,8.12
1871.0,0.02,5,21.42,7.46153846154
1800.0,0.02,5,21.45,10.2608695652
