weight,density,degree,runtime,stretch
1516.0,0.08,4,0.14,2.91266375546
1677.0,0.09,4,0.12,2.9247311828
1471.0,0.09,4,0.14,2.93965517241
1588.0,0.08,4,0.14,2.91764705882
1874.0,0.09,4,0.13,2.81132075472
1642.0,0.0833333333333,5,0.14,2.73279352227
1316.0,0.0866666666667,5,0.14,2.31325301205
1435.0,0.0833333333333,4,0.16,2.44897959184
1147.0,0.08,5,0.15,2.52713178295
1690.0,0.09,5,0.15,2.91803278689
