weight,density,degree,runtime,stretch
1512.0,0.0277477477477,5,17.26,4.66666666667
1345.0,0.0277477477477,5,17.51,4.62962962963
1252.0,0.0277477477477,5,17.09,4.13636363636
1201.0,0.0277477477477,5,13.99,4.26086956522
1293.0,0.0277477477477,5,17.11,4.55555555556
1193.0,0.0273873873874,5,17.49,4.15
1569.0,0.0273873873874,6,17.5,4.90625
1618.0,0.0277477477477,6,13.95,4.96774193548
1744.0,0.0281081081081,6,17.57,4.75
1336.0,0.0281081081081,6,17.55,4.93103448276
