weight,density,degree,runtime,stretch
1616.0,0.0266666666667,6,12.82,6.18421052632
2013.0,0.0266666666667,5,10.19,6.36363636364
1612.0,0.0266666666667,5,13.03,6.0
2001.0,0.0266666666667,6,13.0,6.93333333333
1906.0,0.0266666666667,5,13.38,4.1875
1909.0,0.027027027027,5,13.09,6.5
1410.0,0.0266666666667,5,10.41,5.05882352941
1863.0,0.027027027027,5,13.62,6.33333333333
1668.0,0.0266666666667,7,13.4,5.52
1678.0,0.0266666666667,5,13.05,5.59615384615
