weight,density,degree,runtime,stretch
1631.0,0.04,5,2.23,6.18
1760.0,0.04,5,2.2,6.27160493827
1372.0,0.04,5,2.23,5.45901639344
1517.0,0.04,5,2.29,4.81538461538
1201.0,0.04,6,2.87,6.80357142857
1444.0,0.04,5,2.74,7.12121212121
1631.0,0.04,5,2.71,6.78333333333
1529.0,0.04,5,2.7,4.96470588235
1498.0,0.04,5,2.81,5.25
1775.0,0.04,5,2.7,4.7625
