weight,density,degree,runtime,stretch
1637.0,0.04,4,2.18,6.60655737705
1674.0,0.04,5,2.29,6.92156862745
1879.0,0.04,4,2.3,6.5
1557.0,0.04,6,2.32,7.25
1644.0,0.04,5,2.36,4.7
1488.0,0.04,5,2.39,4.23255813953
1526.0,0.04,6,2.26,4.87037037037
1654.0,0.04,5,2.83,6.36538461538
1713.0,0.04,6,2.92,4.98795180723
1439.0,0.04,4,2.83,5.0
