weight,density,degree,runtime,stretch
1846.0,0.016,5,45.57,8.72
1893.0,0.0161290322581,7,45.63,8.27272727273
1895.0,0.0161290322581,5,45.1,7.77777777778
2057.0,0.016,7,44.12,8.48
1963.0,0.0161290322581,6,44.65,6.52083333333
2108.0,0.016,6,45.99,6.79310344828
1551.0,0.016,6,43.7,7.83333333333
1879.0,0.016,7,34.61,6.47058823529
1785.0,0.0161290322581,5,34.09,9.0
1843.0,0.0161290322581,5,36.09,7.81818181818
