weight,density,degree,runtime,stretch
2207.0,0.08,6,0.06,3.07960199005
1810.0,0.08,3,0.08,3.53603603604
1265.0,0.08,5,0.08,3.0
2645.0,0.08,5,0.08,4.2380952381
2699.0,0.08,4,0.09,3.15079365079
2096.0,0.08,4,0.08,2.59863945578
2028.0,0.08,5,0.07,3.79470198675
2556.0,0.08,4,0.08,3.75
2206.0,0.0833333333333,5,0.08,4.71951219512
1436.0,0.08,5,0.07,2.53571428571
