weight,density,degree,runtime,stretch
1615.0,0.0291891891892,5,16.18,4.73076923077
1997.0,0.0277477477477,5,14.99,4.78787878788
1762.0,0.0288288288288,4,15.81,4.58620689655
1526.0,0.027027027027,5,15.29,4.67857142857
1626.0,0.0277477477477,5,12.44,4.8
1717.0,0.0288288288288,5,15.66,4.79411764706
1248.0,0.027027027027,6,15.33,4.84444444444
1664.0,0.0284684684685,5,15.54,4.78571428571
2308.0,0.027027027027,6,15.3,3.9696969697
1822.0,0.0284684684685,5,12.28,4.81632653061
