weight,density,degree,runtime,stretch
2501.0,0.08,6,0.11,2.53177257525
2325.0,0.08,4,0.13,3.93301435407
2240.0,0.08,4,0.11,3.60344827586
1964.0,0.08,4,0.14,3.11917098446
2735.0,0.08,7,0.14,3.91477272727
2494.0,0.08,5,0.14,4.2037037037
2560.0,0.08,6,0.13,4.46245059289
2622.0,0.08,3,0.12,3.66666666667
2487.0,0.08,5,0.11,3.85042735043
2475.0,0.08,4,0.14,4.04838709677
