weight,density,degree,runtime,stretch
1898.0,0.08,4,0.14,2.05517241379
1887.0,0.08,5,0.17,3.36184210526
2209.0,0.08,4,0.17,5.04819277108
1657.0,0.08,3,0.17,3.80208333333
2487.0,0.08,4,0.14,2.92893401015
1655.0,0.08,5,0.13,2.61688311688
2225.0,0.08,4,0.16,4.05583756345
3017.0,0.08,4,0.14,3.66518847007
1728.0,0.08,4,0.17,3.58536585366
1501.0,0.08,4,0.16,3.50322580645
