weight,density,degree,runtime,stretch
2651.0,0.04,5,1.8,5.73529411765
2841.0,0.04,6,1.76,4.19259259259
2139.0,0.04,4,1.72,7.51898734177
2339.0,0.04,5,1.73,5.57471264368
3133.0,0.04,7,1.72,5.31168831169
2838.0,0.04,5,1.72,4.49056603774
2795.0,0.04,6,1.81,4.35294117647
2709.0,0.04,5,1.67,5.0078125
2567.0,0.04,5,1.71,6.07207207207
2164.0,0.04,6,1.8,6.29113924051
