weight,density,degree,runtime,stretch
1352.0,0.0266666666667,6,11.66,4.71428571429
1430.0,0.0266666666667,5,11.43,7.55555555556
1440.0,0.0266666666667,6,11.06,6.97619047619
1487.0,0.0266666666667,5,9.03,6.5652173913
1519.0,0.0266666666667,5,11.66,5.38461538462
1422.0,0.0266666666667,6,11.43,4.75862068966
1355.0,0.0266666666667,7,11.31,6.47368421053
1594.0,0.0266666666667,6,11.15,8.81481481481
1170.0,0.0266666666667,5,11.27,6.19230769231
1131.0,0.0266666666667,6,8.75,6.86206896552
