weight,density,degree,runtime,stretch
1726.0,0.020202020202,5,30.34,6.07692307692
1792.0,0.020202020202,5,37.19,6.95238095238
1515.0,0.020202020202,5,39.12,5.35714285714
1625.0,0.0208080808081,5,30.42,6.4375
1356.0,0.02,6,38.23,6.4375
1558.0,0.02,7,38.89,6.64
1481.0,0.0208080808081,6,31.03,6.5
1471.0,0.0206060606061,5,38.3,6.05882352941
1413.0,0.020202020202,6,38.34,6.65217391304
1487.0,0.020202020202,5,30.3,6.18518518519
