weight,density,degree,runtime,stretch
1665.0,0.08,5,0.32,4.60396039604
1198.0,0.08,4,0.29,4.63025210084
1312.0,0.08,4,0.32,3.93055555556
1544.0,0.08,4,0.34,3.5730994152
1380.0,0.08,4,0.36,2.71186440678
1116.0,0.08,6,0.37,2.70588235294
1415.0,0.08,4,0.33,3.11643835616
1521.0,0.08,4,0.33,4.07142857143
2200.0,0.08,5,0.33,3.5618556701
1734.0,0.08,4,0.33,4.08943089431
