weight,density,degree,runtime,stretch
2333.0,0.0266666666667,5,7.05,11.1086956522
1579.0,0.0266666666667,6,7.54,6.91666666667
1834.0,0.0266666666667,5,5.8,4.96078431373
1839.0,0.0266666666667,4,5.63,9.02127659574
2209.0,0.0266666666667,4,7.32999999999,5.91666666667
1719.0,0.0266666666667,5,7.48,7.19565217391
2002.0,0.0266666666667,5,7.7,4.25
2147.0,0.0266666666667,6,7.45,5.203125
2217.0,0.0266666666667,5,7.45,6.75362318841
2171.0,0.0266666666667,4,7.25,10.2295081967
