weight,density,degree,runtime,stretch
2396.0,0.04,6,1.5,7.98591549296
2129.0,0.04,4,1.44,7.48648648649
2426.0,0.04,4,1.41,4.49264705882
1870.0,0.04,4,1.32,5.41176470588
2586.0,0.04,4,1.68,6.8375
3198.0,0.04,4,1.7,5.26126126126
3449.0,0.04,4,1.68,8.32307692308
2915.0,0.04,5,1.73,8.52173913043
2417.0,0.04,5,1.72,4.71153846154
2232.0,0.04,4,1.67,8.925
