weight,density,degree,runtime,stretch
1187.0,0.0266666666667,8,12.89,6.20689655172
1390.0,0.0266666666667,5,13.11,6.35714285714
1223.0,0.0266666666667,5,12.83,8.13636363636
1482.0,0.027027027027,5,13.17,6.2380952381
1075.0,0.0266666666667,5,9.93,6.96666666667
1090.0,0.0266666666667,5,12.71,6.84615384615
1091.0,0.027027027027,5,12.71,8.69230769231
1221.0,0.0266666666667,5,13.05,7.0
1124.0,0.0266666666667,4,12.33,7.51851851852
1326.0,0.027027027027,5,10.26,6.32
