weight,density,degree,runtime,stretch
2277.0,0.02,8,18.99,6.48148148148
1653.0,0.02,5,18.43,6.33333333333
1702.0,0.02,6,14.54,6.825
1715.0,0.02,5,18.35,6.96428571429
2185.0,0.02,5,17.94,6.60526315789
1998.0,0.02,5,14.78,6.68571428571
1791.0,0.02,5,18.66,7.92857142857
2049.0,0.02,6,18.68,7.54166666667
2016.0,0.02,6,18.71,4.63043478261
1733.0,0.02,6,18.21,6.84
