weight,density,degree,runtime,stretch
1543.0,0.04,5,2.37,4.62686567164
2058.0,0.04,4,2.36,6.22950819672
1409.0,0.04,5,2.3,6.51351351351
1583.0,0.04,5,2.26,7.24489795918
1226.0,0.04,5,2.37,3.60714285714
1359.0,0.04,4,2.33,4.46666666667
1420.0,0.04,4,2.26,4.77586206897
1767.0,0.04,5,2.97,3.20833333333
1471.0,0.04,4,2.78,7.48275862069
1764.0,0.04,5,2.82,5.39240506329
