weight,density,degree,runtime,stretch
1108.0,0.0266666666667,5,12.36,6.68965517241
1191.0,0.0266666666667,5,9.9,7.41176470588
1280.0,0.0266666666667,5,12.34,8.30434782609
1367.0,0.0266666666667,6,12.67,5.2962962963
1094.0,0.0266666666667,6,13.07,5.36
1184.0,0.0266666666667,8,12.65,5.33333333333
1226.0,0.0266666666667,5,9.75,9.19230769231
1351.0,0.0266666666667,6,9.92,6.65789473684
1297.0,0.0266666666667,6,12.83,4.52173913043
1331.0,0.0266666666667,5,12.56,6.1875
