weight,density,degree,runtime,stretch
2525.0,0.0327927927928,6,12.71,2.96610169492
3091.0,0.0313513513514,5,11.88,2.93670886076
2698.0,0.0320720720721,5,11.8,2.984375
2209.0,0.0306306306306,6,12.05,2.96
2665.0,0.0302702702703,5,9.48,3.0
2778.0,0.0317117117117,5,12.24,3.0
1938.0,0.0288288288288,5,11.76,2.65384615385
2288.0,0.0320720720721,6,12.99,2.96666666667
2561.0,0.0317117117117,5,12.29,2.8125
2596.0,0.030990990991,6,9.63,3.0
