weight,density,degree,runtime,stretch
2426.0,0.0628571428571,9,0.17,2.45833333333
2832.0,0.0644897959184,8,0.21,2.0
3077.0,0.0628571428571,7,0.16,3.32
3341.0,0.0710204081633,7,0.21,3.0
2927.0,0.0669387755102,7,0.17,2.79487179487
1941.0,0.0628571428571,6,0.2,2.28205128205
2317.0,0.0595918367347,10,0.2,2.79166666667
5562.0,0.08,7,0.16,2.38823529412
3696.0,0.0685714285714,10,0.160000000001,2.2
4169.0,0.0734693877551,8,0.16,2.3829787234
