weight,density,degree,runtime,stretch
5053.0,0.0734693877551,8,0.16,2.49253731343
5361.0,0.0718367346939,6,0.14,2.57954545455
4636.0,0.0710204081633,8,0.17,2.6125
4612.0,0.0702040816327,6,0.17,2.58441558442
2688.0,0.0612244897959,7,0.16,3.33333333333
5175.0,0.0759183673469,9,0.2,2.81632653061
5888.0,0.0783673469388,8,0.17,2.18644067797
3109.0,0.054693877551,6,0.16,3.07692307692
4097.0,0.065306122449,8,0.2,2.79365079365
5865.0,0.0742857142857,9,0.17,2.33333333333
