weight,density,degree,runtime,stretch
8311.0,0.0354838709677,9,2.18000000002,2.12195121951
6735.0,0.0330322580645,11,1.31,2.02040816327
7328.0,0.0336774193548,10,2.04999999999,2.2
8953.0,0.0374193548387,10,1.75,1.91836734694
9443.0,0.0396129032258,11,1.82999999999,1.95833333333
9709.0,0.0394838709677,10,1.84,2.125
10558.0,0.038064516129,11,1.82999999999,1.92537313433
9042.0,0.0375483870968,10,1.72,2.16923076923
10047.0,0.04,10,1.92000000001,1.84782608696
