weight,density,degree,runtime,stretch
7651.0,0.0677551020408,8,0.1,3.80821917808
7533.0,0.069387755102,7,0.129999999999,2.6265060241
7408.0,0.0710204081633,10,0.13,2.11764705882
7946.0,0.0702040816327,6,0.169999999999,3.20512820513
7687.0,0.0742857142857,7,0.16,2.07
5250.0,0.0595918367347,6,0.16,2.27586206897
6242.0,0.069387755102,7,0.2,2.63157894737
7563.0,0.0669387755102,7,0.17,2.99074074074
7023.0,0.0702040816327,8,0.2,2.55
4542.0,0.0587755102041,7,0.16,2.99019607843
