weight,density,degree,runtime,stretch
4700.0,0.0751020408163,7,0.19,2.13580246914
3726.0,0.0677551020408,8,0.2,1.92957746479
5122.0,0.0751020408163,8,0.2,1.84090909091
4679.0,0.0751020408163,9,0.240000000001,1.86734693878
4550.0,0.0718367346939,8,0.28,1.72727272727
9528.0,0.0938775510204,9,0.25,2.3
3553.0,0.065306122449,6,0.2,2.46
5612.0,0.0759183673469,8,0.24,2.25352112676
4396.0,0.0718367346939,7,0.28,2.21978021978
6493.0,0.08,9,0.29,2.15841584158
