weight,density,degree,runtime,stretch
8077.0,0.14,5,0.05,2.10526315789
3732.0,0.11,5,0.03,3.04132231405
5820.0,0.126666666667,6,0.06,2.6978021978
4180.0,0.116666666667,6,0.03,2.04375
4422.0,0.126666666667,8,0.05,1.753894081
5167.0,0.116666666667,5,0.03,2.17021276596
4829.0,0.13,6,0.03,1.86708860759
6109.0,0.123333333333,5,0.03,2.23595505618
12576.0,0.173333333333,9,0.03,1.58546168959
7538.0,0.126666666667,6,0.02,2.63360881543
