weight,density,degree,runtime,stretch
5256.0,0.0702040816327,10,0.16,2.675
5092.0,0.0710204081633,10,0.17,2.32894736842
5234.0,0.0759183673469,8,0.21,2.01639344262
4584.0,0.0685714285714,8,0.17,2.734375
4788.0,0.0685714285714,10,0.160000000001,2.15
5203.0,0.0677551020408,7,0.169999999999,2.5625
5842.0,0.0751020408163,7,0.16,2.66990291262
5760.0,0.0726530612245,7,0.169999999999,2.2125
4117.0,0.0669387755102,9,0.16,2.76543209877
6363.0,0.0791836734694,8,0.2,2.175
