weight,density,degree,runtime,stretch
5864.0,0.0710204081633,7,0.13,2.54945054945
4791.0,0.065306122449,7,0.13,2.93023255814
7730.0,0.0759183673469,10,0.17,1.74594594595
8795.0,0.0767346938776,8,0.16,2.95789473684
4744.0,0.0685714285714,8,0.12,1.87301587302
5978.0,0.069387755102,8,0.12,2.20833333333
9859.0,0.0816326530612,9,0.17,2.51219512195
6184.0,0.0726530612245,7,0.2,2.0
5021.0,0.065306122449,8,0.12,3.64705882353
4541.0,0.065306122449,7,0.13,2.27433628319
