weight,density,degree,runtime,stretch
3114.0,0.126666666667,6,0.02,2.11392405063
4402.0,0.12,5,0.02,2.30324909747
8169.0,0.18,6,0.02,1.22459893048
2852.0,0.113333333333,4,0.01,1.48387096774
4077.0,0.14,8,0.02,1.41176470588
3060.0,0.13,6,0.02,1.82222222222
2881.0,0.133333333333,5,0.0,1.736
3036.0,0.116666666667,7,0.00999999999999,2.3786407767
7595.0,0.176666666667,7,0.02,2.20212765957
2757.0,0.126666666667,7,0.02,1.54814814815
