weight,density,degree,runtime,stretch
4675.0,0.0669387755102,7,0.21,1.99115044248
6186.0,0.0775510204082,9,0.169999999999,1.9156626506
8390.0,0.0881632653061,9,0.25,1.792
5107.0,0.0767346938776,8,0.23,2.04
6521.0,0.0808163265306,10,0.200000000001,1.62745098039
3873.0,0.065306122449,7,0.200000000001,2.19696969697
6151.0,0.0751020408163,7,0.21,1.91262135922
5715.0,0.0791836734694,9,0.16,2.0564516129
4405.0,0.0669387755102,10,0.16,1.85314685315
5545.0,0.0685714285714,7,0.16,2.0303030303
