weight,density,degree,runtime,stretch
2779.0,0.11,7,0.02,1.58389261745
5716.0,0.153333333333,7,0.0,1.70503597122
3498.0,0.126666666667,6,0.0,2.27972027972
3532.0,0.143333333333,7,0.02,1.46153846154
2592.0,0.126666666667,6,0.00999999999999,1.66153846154
3300.0,0.143333333333,6,0.01,1.05140186916
3861.0,0.13,6,0.02,2.18644067797
5189.0,0.143333333333,8,0.02,1.35028248588
4877.0,0.13,6,0.02,3.43636363636
3426.0,0.126666666667,5,0.02,1.88636363636
