weight,density,degree,runtime,stretch
6158.0,0.133333333333,6,0.02,1.77370030581
6967.0,0.143333333333,8,0.02,2.00696864111
6269.0,0.123333333333,7,0.02,1.98993288591
6611.0,0.133333333333,6,0.02,1.73986486486
6300.0,0.153333333333,7,0.02,1.54545454545
8846.0,0.156666666667,8,0.02,2.21468926554
10381.0,0.166666666667,9,0.00999999999999,1.56115107914
16862.0,0.196666666667,7,0.02,2.07211538462
3404.0,0.1,5,0.00999999999999,1.44628099174
13614.0,0.166666666667,8,0.0,1.92307692308
