weight,density,degree,runtime,stretch
5430.0,0.143333333333,6,0.00999999999999,2.00540540541
4454.0,0.123333333333,5,0.02,1.92708333333
5319.0,0.133333333333,7,0.02,2.11282051282
10099.0,0.163333333333,9,0.02,1.52044609665
4730.0,0.113333333333,6,0.02,1.9263803681
6384.0,0.14,7,0.00999999999999,2.05128205128
7307.0,0.156666666667,7,0.02,1.78367346939
2961.0,0.113333333333,5,0.02,2.06422018349
3232.0,0.126666666667,6,0.02,1.94285714286
4153.0,0.133333333333,6,0.02,1.51904761905
