weight,density,degree,runtime,stretch
5153.0,0.0710204081633,7,0.16,2.45454545455
4190.0,0.065306122449,7,0.13,2.93548387097
5859.0,0.0718367346939,7,0.16,2.13684210526
4634.0,0.069387755102,7,0.13,2.35087719298
5297.0,0.0759183673469,7,0.13,2.53333333333
3519.0,0.0612244897959,6,0.12,2.2380952381
3892.0,0.0644897959184,8,0.14,2.83116883117
4732.0,0.0685714285714,7,0.17,2.16279069767
4947.0,0.0702040816327,7,0.179999999999,1.84375
4445.0,0.0718367346939,7,0.16,2.76811594203
