weight,density,degree,runtime,stretch
4940.0,0.0661224489796,8,0.12,2.07070707071
7891.0,0.0767346938776,10,0.17,1.73275862069
6270.0,0.069387755102,8,0.16,1.71851851852
6042.0,0.0742857142857,7,0.21,2.4623655914
5256.0,0.0677551020408,8,0.12,2.20833333333
7629.0,0.0824489795918,8,0.17,2.07936507937
7516.0,0.08,7,0.16,2.15217391304
6194.0,0.0710204081633,8,0.17,2.58333333333
6721.0,0.0718367346939,10,0.2,2.140969163
6818.0,0.0759183673469,7,0.13,2.01724137931
