weight,density,degree,runtime,stretch
5706.0,0.0466666666667,11,1.39,1.91111111111
6494.0,0.0492929292929,10,1.51,1.77631578947
7415.0,0.049898989899,10,1.56,1.94871794872
5245.0,0.0434343434343,9,1.08,1.6875
4048.0,0.0371717171717,7,1.06,2.06451612903
5492.0,0.0456565656566,10,1.35,1.78378378378
6807.0,0.0492929292929,13,1.59,1.63043478261
8143.0,0.0515151515152,12,1.51,1.79245283019
6067.0,0.0472727272727,11,1.24,1.94594594595
6136.0,0.0444444444444,10,1.42000000001,2.10344827586
