weight,density,degree,runtime,stretch
4059.0,0.0515315315315,7,0.360000000001,3.21875
2858.0,0.0396396396396,7,0.41,2.8
3236.0,0.0468468468468,8,0.41,2.25
3344.0,0.0482882882883,8,0.490000000002,2.86111111111
3166.0,0.0468468468468,10,0.449999999997,3.14285714286
3923.0,0.0468468468468,7,0.450000000001,3.05555555556
3876.0,0.0482882882883,8,0.380000000001,3.1875
4353.0,0.0511711711712,11,0.5,3.04545454545
3174.0,0.0475675675676,9,0.52,2.6
3087.0,0.0414414414414,6,0.450000000001,5.85714285714
