weight,density,degree,runtime,stretch
4381.0,0.133333333333,6,0.02,1.0
2505.0,0.113333333333,10,0.02,1.49707602339
5209.0,0.146666666667,9,0.01,1.77551020408
2691.0,0.11,6,0.01,2.25925925926
3492.0,0.123333333333,6,0.0,1.58196721311
7070.0,0.166666666667,7,0.0,1.61538461538
3838.0,0.133333333333,7,0.01,1.90566037736
4195.0,0.133333333333,7,0.02,1.41
4054.0,0.133333333333,5,0.00999999999999,1.67399267399
3039.0,0.13,5,0.02,2.15454545455
