weight,density,degree,runtime,stretch
5566.0,0.039797979798,8,1.18,1.88888888889
7166.0,0.0446464646465,10,0.880000000001,1.97222222222
6230.0,0.0432323232323,10,1.39,1.5
9228.0,0.0482828282828,9,1.35,1.79245283019
9047.0,0.050303030303,11,1.08,2.01666666667
9414.0,0.0519191919192,11,1.35,2.09090909091
7323.0,0.0464646464646,9,1.55,2.0
7000.0,0.0454545454545,11,1.17,1.83720930233
7950.0,0.0505050505051,10,1.31,1.84615384615
6563.0,0.0440404040404,10,1.35,1.86153846154
