weight,density,degree,runtime,stretch
3648.0,0.146666666667,7,0.02,1.74712643678
1723.0,0.11,7,0.02,1.84347826087
3926.0,0.15,6,0.02,1.99492385787
2861.0,0.116666666667,7,0.05,2.34126984127
1374.0,0.12,6,0.05,1.82258064516
2913.0,0.123333333333,6,0.05,1.55092592593
2682.0,0.11,5,0.03,3.26213592233
3623.0,0.126666666667,7,0.05,1.41176470588
1967.0,0.116666666667,8,0.06,1.66666666667
4001.0,0.13,7,0.04,1.68508287293
