weight,density,degree,runtime,stretch
2597.0,0.116666666667,5,0.04,2.38095238095
3204.0,0.116666666667,5,0.08,2.47926267281
3353.0,0.126666666667,5,0.04,1.61650485437
3957.0,0.113333333333,7,0.04,2.08849557522
3585.0,0.116666666667,6,0.04,1.92201834862
3887.0,0.123333333333,5,0.04,2.70454545455
4671.0,0.136666666667,7,0.05,1.66666666667
8214.0,0.18,8,0.05,2.14406779661
5616.0,0.136666666667,7,0.05,2.85869565217
3002.0,0.113333333333,5,0.03,2.08333333333
