weight,density,degree,runtime,stretch
3825.0,0.126666666667,5,0.03,2.01769911504
3078.0,0.103333333333,5,0.06,2.70588235294
4205.0,0.136666666667,5,0.03,2.36633663366
5570.0,0.14,6,0.04,1.89171974522
3800.0,0.123333333333,6,0.03,2.27777777778
4604.0,0.133333333333,5,0.02,2.38064516129
5639.0,0.14,6,0.03,1.83817427386
6078.0,0.15,6,0.03,2.50299401198
3533.0,0.133333333333,7,0.05,1.9358974359
4196.0,0.14,6,0.05,1.39759036145
