weight,density,degree,runtime,stretch
3948.0,0.113333333333,5,0.05,2.24022346369
7051.0,0.136666666667,6,0.03,2.36138613861
5982.0,0.133333333333,7,0.03,2.14583333333
7370.0,0.146666666667,8,0.03,2.27240143369
5439.0,0.113333333333,5,0.02,3.05084745763
6529.0,0.133333333333,6,0.03,1.9926199262
5725.0,0.116666666667,5,0.03,1.15833333333
7698.0,0.133333333333,7,0.03,1.78695652174
4527.0,0.1,5,0.02,1.8323699422
4366.0,0.113333333333,5,0.03,2.62264150943
