weight,density,degree,runtime,stretch
3032.0,0.126666666667,6,0.03,2.54545454545
3148.0,0.13,7,0.04,1.77124183007
3062.0,0.133333333333,5,0.03,1.66355140187
4332.0,0.143333333333,7,0.02,2.15328467153
2114.0,0.116666666667,6,0.06,3.19117647059
4120.0,0.136666666667,8,0.03,2.51127819549
4446.0,0.143333333333,6,0.03,2.24418604651
4603.0,0.146666666667,6,0.03,2.18055555556
3618.0,0.136666666667,7,0.02,1.73170731707
2303.0,0.123333333333,7,0.03,1.86274509804
