weight,density,degree,runtime,stretch
3906.0,0.0530612244898,6,0.08,3.06666666667
4549.0,0.065306122449,6,0.17,2.36206896552
14175.0,0.0922448979592,9,0.17,1.99180327869
7140.0,0.0620408163265,8,0.16,2.29147982063
7298.0,0.0718367346939,7,0.17,2.81690140845
8658.0,0.0742857142857,7,0.12,3.16153846154
6606.0,0.0702040816327,7,0.16,2.34532374101
7392.0,0.0669387755102,8,0.13,2.28235294118
6159.0,0.0620408163265,9,0.16,2.7037037037
6664.0,0.0669387755102,7,0.12,2.00877192982
