weight,density,degree,runtime,stretch
2629.0,0.113333333333,7,0.0799999999999,2.14285714286
2959.0,0.126666666667,6,0.0400000000001,4.03174603175
3214.0,0.14,7,0.08,1.39884393064
3332.0,0.13,5,0.08,2.02380952381
3122.0,0.13,6,0.0400000000001,2.0971659919
2287.0,0.126666666667,6,0.08,2.20161290323
3328.0,0.14,7,0.05,2.06140350877
1763.0,0.0933333333333,4,0.05,2.29473684211
5218.0,0.15,7,0.05,2.04316546763
2624.0,0.12,6,0.0799999999999,1.94308943089
