weight,density,degree,runtime,stretch
7985.0,0.0734693877551,8,0.16,2.60909090909
7517.0,0.065306122449,7,0.16,2.10454545455
8213.0,0.0808163265306,7,0.12,2.31707317073
7786.0,0.0718367346939,10,0.13,1.91095890411
9299.0,0.0718367346939,9,0.12,2.42696629213
7032.0,0.065306122449,7,0.12,2.3829787234
6263.0,0.0604081632653,7,0.11,2.48235294118
7326.0,0.069387755102,8,0.12,2.23741007194
7425.0,0.0669387755102,6,0.13,2.84615384615
4949.0,0.0587755102041,7,0.13,2.32038834951
