weight,density,degree,runtime,stretch
3955.0,0.08,8,0.36,1.94736842105
4485.0,0.0824489795918,8,0.36,1.48913043478
5731.0,0.0865306122449,9,0.37,1.77551020408
4537.0,0.0840816326531,9,0.37,2.13114754098
5963.0,0.0930612244898,9,0.29,1.53389830508
5672.0,0.0840816326531,11,0.32,1.63414634146
6462.0,0.0963265306122,8,0.33,1.92753623188
6702.0,0.0889795918367,9,0.32,1.60550458716
3566.0,0.0759183673469,7,0.32,1.44594594595
5348.0,0.0791836734694,7,0.33,1.45283018868
