weight,density,degree,runtime,stretch
6325.0,0.0677551020408,8,0.16,2.86046511628
9049.0,0.0742857142857,7,0.13,2.76543209877
6155.0,0.0710204081633,12,0.2,2.25786163522
9242.0,0.0808163265306,8,0.129999999999,1.77894736842
5882.0,0.0702040816327,7,0.13,2.08450704225
8531.0,0.0791836734694,7,0.13,2.03351955307
10227.0,0.0840816326531,9,0.13,1.93170731707
9550.0,0.0848979591837,8,0.16,1.75735294118
12055.0,0.0914285714286,9,0.14,1.76100628931
8366.0,0.0759183673469,10,0.17,1.51063829787
