weight,density,degree,runtime,stretch
4423.0,0.0775510204082,8,0.21,2.5625
3611.0,0.069387755102,6,0.16,2.23529411765
4476.0,0.0734693877551,7,0.21,2.11764705882
3510.0,0.0677551020408,8,0.17,1.86440677966
2930.0,0.0644897959184,6,0.21,2.73333333333
4651.0,0.0767346938776,9,0.16,2.27419354839
2448.0,0.0669387755102,9,0.16,1.62068965517
3736.0,0.0751020408163,10,0.21,2.14285714286
4198.0,0.0718367346939,6,0.14,2.18181818182
2538.0,0.0604081632653,7,0.16,2.41666666667
