weight,density,degree,runtime,stretch
10764.0,0.163333333333,6,0.03,1.8265060241
9565.0,0.156666666667,6,0.03,1.921875
8395.0,0.15,6,0.05,1.59408602151
6388.0,0.143333333333,6,0.03,1.65427509294
7410.0,0.136666666667,6,0.05,1.30547550432
4723.0,0.113333333333,7,0.03,1.84210526316
6969.0,0.13,6,0.03,2.25652173913
6876.0,0.14,6,0.05,2.06909090909
4528.0,0.106666666667,5,0.03,2.46820809249
6939.0,0.13,6,0.03,1.81428571429
