weight,density,degree,runtime,stretch
6216.0,0.0783673469388,7,0.16,2.64285714286
4025.0,0.0669387755102,8,0.16,3.47727272727
4207.0,0.0685714285714,7,0.169999999999,2.484375
3526.0,0.0604081632653,10,0.2,2.44827586207
7698.0,0.0832653061224,7,0.190000000001,2.45454545455
4388.0,0.0644897959184,6,0.16,2.46666666667
4766.0,0.0767346938776,8,0.2,1.94047619048
5358.0,0.0702040816327,8,0.21,2.3125
3850.0,0.0644897959184,8,0.2,3.79710144928
5493.0,0.0702040816327,7,0.25,2.50793650794
