weight,density,degree,runtime,stretch
3735.0,0.13,7,0.03,3.15625
3408.0,0.12,6,0.03,2.6015625
2511.0,0.13,6,0.03,2.2676056338
2236.0,0.113333333333,5,0.05,2.03649635036
6844.0,0.183333333333,7,0.05,2.00568181818
3657.0,0.126666666667,5,0.05,3.05154639175
2708.0,0.126666666667,6,0.06,2.45454545455
1056.0,0.0933333333333,4,0.03,1.76470588235
1652.0,0.106666666667,5,0.05,2.5350877193
3455.0,0.126666666667,6,0.03,1.71
