weight,density,degree,runtime,stretch
6753.0,0.156666666667,7,0.05,1.86813186813
3104.0,0.126666666667,6,0.05,2.46153846154
4120.0,0.133333333333,5,0.05,1.88235294118
6305.0,0.14,7,0.03,2.265625
2996.0,0.103333333333,5,0.06,2.44295302013
4855.0,0.143333333333,5,0.05,1.84659090909
4097.0,0.123333333333,5,0.05,3.22222222222
3747.0,0.143333333333,6,0.03,2.0
7223.0,0.153333333333,6,0.05,2.5752688172
3740.0,0.13,6,0.02,1.77419354839
