weight,density,degree,runtime,stretch
2844.0,0.13,6,0.05,1.89763779528
2445.0,0.116666666667,6,0.05,2.52040816327
4746.0,0.15,8,0.03,1.85915492958
3291.0,0.143333333333,8,0.05,2.22772277228
1618.0,0.11,6,0.05,2.0
2257.0,0.12,5,0.05,2.4125
4087.0,0.133333333333,6,0.05,2.30208333333
2939.0,0.123333333333,6,0.03,2.15267175573
1624.0,0.11,5,0.03,2.4347826087
2799.0,0.12,5,0.06,2.09090909091
