weight,density,degree,runtime,stretch
4936.0,0.133333333333,6,0.02,1.74736842105
4863.0,0.126666666667,6,0.02,2.86614173228
4410.0,0.13,6,0.02,2.12179487179
8585.0,0.18,7,0.02,1.26345609065
4781.0,0.136666666667,8,0.02,1.94174757282
1841.0,0.11,5,0.02,1.93220338983
5991.0,0.156666666667,6,0.02,2.11894273128
2692.0,0.106666666667,7,0.02,1.53968253968
5727.0,0.143333333333,7,0.0,1.79532163743
4599.0,0.133333333333,7,0.00999999999999,1.7417218543
