weight,density,degree,runtime,stretch
3813.0,0.13,7,0.03,1.88709677419
2059.0,0.103333333333,6,0.05,1.80530973451
3659.0,0.15,7,0.03,1.80341880342
5185.0,0.133333333333,6,0.05,2.34965034965
2753.0,0.126666666667,6,0.03,2.96907216495
2347.0,0.11,6,0.05,2.0487804878
2550.0,0.103333333333,7,0.05,2.06967213115
2422.0,0.11,6,0.03,1.56692913386
3373.0,0.116666666667,6,0.06,2.31067961165
4420.0,0.136666666667,6,0.05,2.02985074627
