weight,density,degree,runtime,stretch
5521.0,0.156666666667,7,0.02,2.08474576271
3519.0,0.136666666667,8,0.02,2.10280373832
3030.0,0.13,6,0.02,2.03260869565
2218.0,0.123333333333,7,0.00999999999999,1.33962264151
2011.0,0.106666666667,6,0.02,1.67039106145
2697.0,0.146666666667,6,0.02,2.09722222222
5305.0,0.156666666667,7,0.02,1.63392857143
5283.0,0.163333333333,7,0.02,1.32211538462
3758.0,0.13,5,0.02,2.3275862069
3136.0,0.123333333333,9,0.03,2.05813953488
