weight,density,degree,runtime,stretch
3253.0,0.0661224489796,7,0.2,2.375
4233.0,0.0718367346939,9,0.17,2.75
7095.0,0.0824489795918,10,0.28,2.4756097561
3488.0,0.0685714285714,6,0.21,2.18181818182
3412.0,0.0661224489796,9,0.24,1.616
2876.0,0.0612244897959,5,0.24,1.58974358974
5539.0,0.0734693877551,8,0.21,2.3
3116.0,0.0644897959184,7,0.21,2.45161290323
3407.0,0.0620408163265,5,0.2,2.58181818182
3446.0,0.0677551020408,7,0.21,2.26153846154
