weight,density,degree,runtime,stretch
4040.0,0.0604081632653,8,0.13,2.33333333333
3248.0,0.0636734693878,6,0.17,2.24778761062
5684.0,0.0742857142857,8,0.160000000001,2.51428571429
3588.0,0.0628571428571,6,0.16,2.25675675676
4308.0,0.069387755102,9,0.16,2.25454545455
4883.0,0.0669387755102,9,0.2,2.38144329897
3559.0,0.0587755102041,8,0.17,3.17333333333
5152.0,0.0710204081633,6,0.17,2.79120879121
3572.0,0.0677551020408,8,0.21,2.47619047619
5161.0,0.0702040816327,6,0.2,2.32608695652
