weight,density,degree,runtime,stretch
3488.0,0.143333333333,7,0.02,1.49038461538
5019.0,0.156666666667,6,0.02,2.41397849462
4429.0,0.173333333333,7,0.02,1.27227722772
2598.0,0.14,7,0.02,1.51094890511
5130.0,0.17,7,0.02,2.45
5124.0,0.166666666667,6,0.02,1.55376344086
4256.0,0.153333333333,8,0.02,1.49315068493
4242.0,0.153333333333,8,0.02,1.61139896373
4679.0,0.163333333333,8,0.02,1.47179487179
3757.0,0.126666666667,5,0.02,2.07894736842
