weight,density,degree,runtime,stretch
3831.0,0.116666666667,5,0.06,2.61194029851
7557.0,0.146666666667,8,0.06,2.72631578947
4496.0,0.12,5,0.03,1.50746268657
6436.0,0.133333333333,7,0.03,3.24683544304
6957.0,0.146666666667,7,0.03,1.9756097561
4451.0,0.136666666667,7,0.03,2.10317460317
3508.0,0.116666666667,5,0.05,1.73705179283
3823.0,0.12,6,0.05,2.81081081081
9709.0,0.16,6,0.02,1.47076023392
6965.0,0.146666666667,6,0.05,1.68990384615
