weight,density,degree,runtime,stretch
2504.0,0.1,8,0.03,2.32380952381
3410.0,0.126666666667,6,0.02,2.71074380165
3345.0,0.126666666667,5,0.03,1.82706766917
2338.0,0.103333333333,5,0.05,1.91397849462
3412.0,0.123333333333,8,0.05,2.47663551402
3672.0,0.133333333333,6,0.03,1.82727272727
2801.0,0.12,6,0.06,1.70503597122
1041.0,0.103333333333,7,0.05,2.0
3310.0,0.13,6,0.03,2.81012658228
2518.0,0.126666666667,5,0.03,2.15671641791
