weight,density,degree,runtime,stretch
4183.0,0.0595918367347,7,0.13,2.41666666667
7751.0,0.0726530612245,8,0.13,4.31481481481
7453.0,0.0677551020408,7,0.21,2.80487804878
7755.0,0.069387755102,7,0.13,2.7619047619
7286.0,0.0734693877551,9,0.16,2.56923076923
5314.0,0.0612244897959,6,0.16,2.09090909091
7517.0,0.0726530612245,9,0.16,2.33088235294
6276.0,0.0710204081633,8,0.17,2.83823529412
8629.0,0.0726530612245,7,0.17,2.49681528662
4827.0,0.0595918367347,6,0.13,2.51388888889
