weight,density,degree,runtime,stretch
6766.0,0.143333333333,7,0.02,1.3
4023.0,0.13,6,0.05,3.30841121495
4059.0,0.126666666667,6,0.06,1.88541666667
3108.0,0.113333333333,5,0.03,1.52717391304
5193.0,0.126666666667,7,0.04,2.66666666667
3403.0,0.116666666667,5,0.03,1.22695035461
6261.0,0.14,7,0.03,1.80434782609
3798.0,0.12,5,0.05,3.20512820513
4517.0,0.123333333333,6,0.03,1.50385604113
5293.0,0.126666666667,7,0.03,2.02941176471
