weight,density,degree,runtime,stretch
5087.0,0.18,8,0.02,1.72727272727
2216.0,0.126666666667,5,0.02,1.6261682243
5508.0,0.156666666667,8,0.02,2.16666666667
3382.0,0.136666666667,7,0.02,2.16463414634
2933.0,0.15,7,0.00999999999999,2.43119266055
5367.0,0.163333333333,6,0.02,1.7277486911
2240.0,0.11,5,0.02,2.2602739726
2344.0,0.123333333333,5,0.02,1.52
3440.0,0.123333333333,6,0.02,1.68823529412
3725.0,0.153333333333,7,0.02,1.91056910569
