weight,density,degree,runtime,stretch
4353.0,0.133333333333,7,0.03,1.24137931034
3423.0,0.116666666667,5,0.03,1.85784313725
3498.0,0.106666666667,5,0.05,2.2466367713
5787.0,0.136666666667,7,0.03,2.30051813472
6633.0,0.133333333333,8,0.03,2.82278481013
5934.0,0.14,6,0.03,2.28915662651
5785.0,0.133333333333,6,0.03,1.58095238095
5512.0,0.13,5,0.03,2.6339869281
6644.0,0.13,7,0.03,1.90404040404
5300.0,0.136666666667,6,0.03,2.05434782609
