weight,density,degree,runtime,stretch
3010.0,0.126666666667,5,0.04,1.79865771812
2000.0,0.11,7,0.04,1.97
2465.0,0.116666666667,5,0.04,2.16504854369
4019.0,0.136666666667,7,0.04,1.45918367347
4688.0,0.15,7,0.04,2.52631578947
4604.0,0.136666666667,7,0.04,2.28834355828
3407.0,0.113333333333,5,0.04,2.15425531915
3026.0,0.126666666667,6,0.04,2.12765957447
3886.0,0.136666666667,6,0.04,1.88535031847
4263.0,0.143333333333,7,0.08,1.89256198347
