weight,density,degree,runtime,stretch
4363.0,0.14,7,0.04,2.89108910891
4450.0,0.15,6,0.04,2.17272727273
3253.0,0.13,6,0.05,1.72932330827
3990.0,0.126666666667,6,0.08,2.64220183486
4572.0,0.143333333333,6,0.04,1.54010695187
2343.0,0.106666666667,6,0.04,1.734375
3471.0,0.123333333333,5,0.0799999999999,1.84307692308
3941.0,0.146666666667,8,0.05,2.07772020725
6427.0,0.15,7,0.0799999999999,2.14084507042
4565.0,0.133333333333,5,0.04,2.0775862069
