weight,density,degree,runtime,stretch
2119.0,0.08,6,0.17,3.56544502618
1853.0,0.08,5,0.19,5.5504587156
1921.0,0.08,4,0.17,3.93560606061
1793.0,0.08,7,0.21,2.92142857143
1331.0,0.08,5,0.19,3.47916666667
1520.0,0.08,4,0.19,3.19796954315
1159.0,0.08,5,0.19,3.74576271186
1745.0,0.08,6,0.19,3.3642384106
1355.0,0.08,4,0.19,4.19801980198
3077.0,0.08,4,0.18,2.65625
