weight,density,degree,runtime,stretch
1426.0,0.02,5,17.32,6.91666666667
1751.0,0.02,6,21.38,7.36585365854
1607.0,0.02,5,21.37,8.24242424242
1823.0,0.02,5,20.14,12.9117647059
1310.0,0.02,6,21.83,5.82352941176
1652.0,0.02,5,17.07,9.28571428571
1667.0,0.02,7,21.64,8.52
1849.0,0.02,5,21.64,9.14285714286
1655.0,0.02,5,21.41,6.25714285714
1932.0,0.02,5,21.86,7.54545454545
