weight,density,degree,runtime,stretch
1446.0,0.0266666666667,5,8.15,7.91176470588
1869.0,0.0266666666667,6,8.85,5.80392156863
1855.0,0.0266666666667,6,8.66,7.69696969697
1554.0,0.0266666666667,4,6.78,5.20967741935
1513.0,0.0266666666667,5,6.75,6.16216216216
1747.0,0.0266666666667,6,8.88,8.65306122449
1789.0,0.0266666666667,5,8.62,7.80769230769
1869.0,0.0266666666667,4,8.46,7.53846153846
1568.0,0.0266666666667,7,8.88,5.71428571429
1827.0,0.0266666666667,5,8.42,6.84615384615
