weight,density,degree,runtime,stretch
2062.0,0.02,4,18.92,12.1481481481
2160.0,0.02,6,18.36,5.04761904762
2161.0,0.02,7,18.91,8.62857142857
2259.0,0.02,5,19.06,8.11764705882
2121.0,0.02,6,14.55,7.86111111111
2507.0,0.02,6,19.03,11.9230769231
2338.0,0.02,4,18.52,10.2631578947
1970.0,0.020202020202,4,18.7,9.41379310345
1763.0,0.02,5,18.42,6.76666666667
2033.0,0.02,5,17.84,10.5263157895
