weight,density,degree,runtime,stretch
1149.0,0.0432653061224,5,5.8,2.6
1256.0,0.0416326530612,5,5.54,3.0
1361.0,0.0424489795918,5,5.55,3.0
1519.0,0.0465306122449,6,5.71,2.73529411765
1848.0,0.0481632653061,5,5.83,3.0
1820.0,0.0432653061224,6,5.59,2.77659574468
2140.0,0.050612244898,5,6.01,2.98113207547
2278.0,0.0481632653061,6,5.88,2.98863636364
1260.0,0.0465306122449,5,5.78,2.76315789474
1372.0,0.0424489795918,6,5.56,2.87234042553
