weight,density,degree,runtime,stretch
1769.0,0.02,6,16.91,9.8125
1773.0,0.02,5,21.29,10.0
2048.0,0.02,5,17.32,7.40740740741
1891.0,0.02,5,21.21,9.23333333333
1764.0,0.02,6,21.29,7.11111111111
1789.0,0.02,8,22.08,5.25806451613
1902.0,0.02,5,22.01,5.44186046512
1695.0,0.02,5,16.56,8.59375
1482.0,0.02,6,22.31,5.39393939394
1927.0,0.02,7,21.17,7.23255813953
