weight,density,degree,runtime,stretch
1392.0,0.0448979591837,6,0.2877,2.92783505155
