weight,density,degree,runtime,stretch
1459.0,0.0833333333333,5,0.06199,3.51724137931
1190.0,0.08,4,0.066166,3.83333333333
1267.0,0.08,4,0.065835,4.53465346535
2135.0,0.08,4,0.059021,3.86554621849
1120.0,0.0833333333333,4,0.063569,3.65934065934
2109.0,0.0833333333333,5,0.06333,3.70238095238
1327.0,0.08,5,0.063741,4.41333333333
1476.0,0.08,4,0.066026,3.75308641975
1163.0,0.08,5,0.06861,2.45555555556
1586.0,0.08,4,0.066313,3.90058479532
