weight,density,degree,runtime,stretch
1826.0,0.08,5,0.22,2.90476190476
1428.0,0.08,4,0.19,6.39743589744
1616.0,0.08,5,0.19,3.90909090909
1119.0,0.08,6,0.21,2.67415730337
875.0,0.08,6,0.2,3.16
1734.0,0.08,4,0.21,3.40287769784
1252.0,0.08,4,0.2,3.54945054945
1555.0,0.08,4,0.19,4.27338129496
1606.0,0.08,5,0.21,2.85714285714
1043.0,0.08,4,0.22,3.85714285714
