weight,density,degree,runtime,stretch
1576.0,0.0266666666667,5,10.03,7.26315789474
1511.0,0.0266666666667,7,9.85000000001,8.61538461538
1371.0,0.0266666666667,6,9.85,7.96
1586.0,0.0266666666667,6,10.05,6.46428571429
1789.0,0.0266666666667,6,8.11,8.43137254902
1674.0,0.0266666666667,9,10.12,4.94
1411.0,0.0266666666667,5,9.63,7.175
1500.0,0.0266666666667,6,9.38,10.5365853659
1488.0,0.0266666666667,5,10.2,6.20689655172
1475.0,0.0266666666667,5,9.55,8.5
