weight,density,degree,runtime,stretch
1258.0,0.02,6,24.5,9.54545454545
1081.0,0.02,7,30.47,8.07142857143
1119.0,0.02,6,24.67,7.94444444444
1074.0,0.02,6,31.11,6.42857142857
1190.0,0.02,5,24.43,8.1
1314.0,0.02,6,31.61,6.6875
920.0,0.02,6,24.55,7.8
1126.0,0.02,5,30.72,6.58333333333
1083.0,0.02,6,25.44,5.73333333333
967.0,0.02,5,30.9,10.5
