weight,density,degree,runtime,stretch
1170.0,0.0833333333333,3,0.035695,3.94871794872
weight,density,degree,runtime,stretch
1322.0,0.08,5,0.037219,2.49438202247
