weight,density,degree,runtime,stretch
2061.0,0.0266666666667,6,8.87,4.66666666667
1889.0,0.0266666666667,4,8.99,6.4776119403
1804.0,0.0266666666667,5,8.62,6.04444444444
1629.0,0.0266666666667,5,8.94,4.66666666667
1729.0,0.0266666666667,6,7.05,8.54901960784
1605.0,0.0266666666667,5,7.14,5.81355932203
1351.0,0.0266666666667,5,9.01,7.05
1433.0,0.0266666666667,4,8.9,6.45945945946
1723.0,0.0266666666667,4,8.62,7.61538461538
1760.0,0.0266666666667,5,9.07,6.90476190476
