weight,density,degree,runtime,stretch
1803.0,0.09,5,0.074117,2.80745341615
1612.0,0.0933333333333,5,0.066667,2.75609756098
1361.0,0.0833333333333,4,0.062128,2.8
1459.0,0.0833333333333,5,0.060623,2.25757575758
2137.0,0.0933333333333,6,0.067277,2.82278481013
1613.0,0.0833333333333,4,0.060204,2.71084337349
1396.0,0.08,4,0.06205,2.77777777778
1205.0,0.0833333333333,4,0.060376,2.45569620253
1582.0,0.09,5,0.067485,2.97619047619
1294.0,0.0866666666667,4,0.069073,2.94736842105
