weight,density,degree,runtime,stretch
1120.0,0.08,4,0.22,3.31
1521.0,0.08,4,0.22,4.25142857143
1068.0,0.08,5,0.19,2.74698795181
1280.0,0.08,5,0.22,3.63
1366.0,0.08,5,0.21,2.8064516129
1888.0,0.08,5,0.25,4.07086614173
1380.0,0.08,5,0.22,3.31460674157
1612.0,0.08,4,0.22,2.90697674419
1158.0,0.08,5,0.19,2.91208791209
1175.0,0.08,3,0.22,3.67375886525
