weight,density,degree,runtime,stretch
2514.0,0.0473469387755,5,0.220477,2.92424242424
