weight,density,degree,runtime,stretch
1145.0,0.04,6,3.25,4.63414634146
1316.0,0.04,4,3.24,4.2037037037
1216.0,0.04,6,3.33,2.93939393939
1348.0,0.04,5,3.29,5.25925925926
1357.0,0.04,4,3.12,8.07142857143
1338.0,0.04,6,3.2,6.21739130435
1401.0,0.04,4,3.11,5.95
1694.0,0.04,7,3.24,9.30769230769
1591.0,0.04,5,3.24,7.0
1665.0,0.04,4,3.16,6.29508196721
