weight,density,degree,runtime,stretch
1095.0,0.08,4,0.33,4.4875
1316.0,0.08,4,0.37,3.59803921569
1796.0,0.08,5,0.37,3.50314465409
1521.0,0.08,4,0.38,2.1640625
1188.0,0.08,4,0.37,4.95535714286
1075.0,0.08,4,0.37,5.15517241379
1380.0,0.08,4,0.36,5.65573770492
1363.0,0.08,4,0.41,4.55319148936
1395.0,0.08,4,0.37,4.216
1296.0,0.08,4,0.37,5.86607142857
