weight,density,degree,runtime,stretch
1772.0,0.08,4,0.16,3.68965517241
2208.0,0.08,4,0.21,5.41353383459
3335.0,0.08,5,0.2,3.77917981073
2718.0,0.08,5,0.21,4.25247524752
1987.0,0.08,4,0.2,3.33031674208
1875.0,0.08,4,0.2,4.26923076923
2608.0,0.08,4,0.17,5.84431137725
1933.0,0.08,5,0.17,3.27272727273
2383.0,0.08,6,0.17,3.88541666667
1839.0,0.08,4,0.21,3.34426229508
