weight,density,degree,runtime,stretch
1256.0,0.08,5,0.28,3.56363636364
1150.0,0.08,4,0.27,3.93162393162
1051.0,0.08,3,0.27,4.9875
1394.0,0.08,4,0.28,5.08609271523
1086.0,0.08,3,0.28,4.83823529412
1514.0,0.08,4,0.27,5.94117647059
1678.0,0.08,4,0.27,5.21875
1461.0,0.08,4,0.27,4.96511627907
1469.0,0.08,5,0.27,4.1875
904.0,0.08,5,0.31,2.96470588235
