weight,density,degree,runtime,stretch
1515.0,0.0432653061224,5,0.259101,2.87878787879
