weight,density,degree,runtime,stretch
2285.0,0.09,6,0.13,2.33088235294
2110.0,0.09,5,0.12,2.83076923077
2150.0,0.0866666666667,5,0.12,2.50285714286
1387.0,0.0833333333333,5,0.12,2.95
1694.0,0.0866666666667,5,0.13,2.81034482759
1349.0,0.0866666666667,5,0.12,2.89908256881
2205.0,0.0866666666667,6,0.12,2.74152542373
1747.0,0.0866666666667,4,0.1,2.70967741935
1940.0,0.0833333333333,5,0.11,2.48409893993
1911.0,0.09,5,0.13,2.94482758621
