weight,density,degree,runtime,stretch
1195.0,0.02,6,31.73,6.2
1126.0,0.02,6,32.09,6.27777777778
1136.0,0.02,5,25.44,7.44
1180.0,0.02,6,32.0,9.38461538462
1213.0,0.02,6,25.73,9.3125
1404.0,0.02,5,30.94,10.2916666667
1166.0,0.02,5,25.26,5.57142857143
1618.0,0.02,6,31.32,10.1578947368
1399.0,0.02,6,31.91,7.96153846154
1086.0,0.02,6,31.97,9.0
