weight,density,degree,runtime,stretch
1560.0,0.0242424242424,6,51.99,3.0
1701.0,0.0240404040404,5,41.31,3.0
1933.0,0.0240404040404,6,51.63,2.9696969697
1454.0,0.0228282828283,6,51.01,2.925
1730.0,0.0240404040404,5,51.29,2.86956521739
1746.0,0.0252525252525,6,41.59,3.0
1865.0,0.0248484848485,6,52.1,2.97297297297
2067.0,0.0254545454545,6,52.75,2.95454545455
1806.0,0.0254545454545,6,52.9,2.9
1618.0,0.0228282828283,5,39.71,3.0
