weight,density,degree,runtime,stretch
2090.0,0.08,4,0.07,4.26484018265
2219.0,0.08,4,0.06,2.78461538462
2630.0,0.08,3,0.06,3.69230769231
2641.0,0.08,5,0.07,3.92718446602
1884.0,0.08,4,0.06,3.27433628319
2085.0,0.08,5,0.08,3.44600938967
2042.0,0.08,4,0.07,3.65100671141
2943.0,0.0833333333333,4,0.07,3.65294117647
2430.0,0.08,4,0.06,3.61271676301
1557.0,0.08,4,0.06,3.34285714286
