weight,density,degree,runtime,stretch
1386.0,0.0212121212121,6,47.64,4.5
1342.0,0.0206060606061,6,47.73,4.76923076923
1249.0,0.0212121212121,6,38.24,4.73076923077
1397.0,0.0212121212121,6,48.35,4.6875
1026.0,0.0206060606061,7,49.26,4.6
1267.0,0.0210101010101,6,49.19,5.0
1372.0,0.0212121212121,5,50.07,4.83333333333
1377.0,0.020404040404,6,39.02,4.94736842105
1353.0,0.0206060606061,7,49.87,3.9375
1294.0,0.0208080808081,5,48.76,5.0
