weight,density,degree,runtime,stretch
2722.0,0.0266666666667,5,5.10000000001,7.63043478261
1938.0,0.0266666666667,5,4.85,8.02222222222
3202.0,0.0266666666667,5,6.08,10.2075471698
2741.0,0.0266666666667,5,5.95,6.98979591837
2155.0,0.0266666666667,7,6.03,6.70588235294
2099.0,0.0266666666667,6,5.94,9.03773584906
3030.0,0.0266666666667,6,6.27,5.34328358209
2686.0,0.0266666666667,5,6.2,4.79310344828
2200.0,0.0266666666667,7,6.45,8.41304347826
2632.0,0.0266666666667,5,4.89,5.328125
