weight,density,degree,runtime,stretch
2147.0,0.04,5,2.01,7.45569620253
2347.0,0.04,5,2.09,5.80459770115
1639.0,0.04,6,2.09,3.62637362637
1993.0,0.04,5,2.04,4.88349514563
2120.0,0.04,4,1.92,7.765625
1797.0,0.04,5,2.0,7.22448979592
2280.0,0.04,5,1.93,4.82653061224
2145.0,0.04,4,2.04,5.10526315789
2125.0,0.04,6,2.16,3.25
2117.0,0.04,5,2.13,4.32291666667
