weight,density,degree,runtime,stretch
1250.0,0.08,4,0.048688,4.46052631579
2554.0,0.08,5,0.044939,3.83615819209
1313.0,0.08,5,0.04446,3.93902439024
1530.0,0.08,5,0.045433,2.45197740113
1508.0,0.08,4,0.057794,5.08661417323
1496.0,0.08,5,0.04899,3.05825242718
1508.0,0.08,5,0.048003,3.31343283582
1231.0,0.08,4,0.046683,3.46534653465
1577.0,0.08,4,0.060968,3.0
1781.0,0.08,4,0.051274,3.31724137931
