weight,density,degree,runtime,stretch
1185.0,0.0266666666667,5,12.57,8.09375
1253.0,0.0266666666667,6,12.86,4.875
965.0,0.0266666666667,6,12.06,10.6153846154
1135.0,0.0266666666667,5,12.69,8.35714285714
1079.0,0.0266666666667,6,12.29,8.06666666667
1351.0,0.0266666666667,4,9.79,9.11538461538
1345.0,0.0266666666667,6,9.91,8.47619047619
1244.0,0.0266666666667,6,12.9,4.7037037037
1006.0,0.0266666666667,6,12.68,4.75
1321.0,0.0266666666667,4,12.81,6.28571428571
