weight,density,degree,runtime,stretch
1726.0,0.027027027027,5,12.07,5.40909090909
1771.0,0.0273873873874,6,14.06,6.27659574468
1613.0,0.027027027027,5,14.9,5.63793103448
1461.0,0.0266666666667,5,14.82,6.29411764706
1483.0,0.0266666666667,6,15.49,5.6
1713.0,0.027027027027,5,11.83,5.8
1163.0,0.027027027027,5,14.91,6.81578947368
1734.0,0.0266666666667,5,15.42,6.94594594595
1290.0,0.0266666666667,5,15.54,4.39534883721
1404.0,0.0273873873874,5,12.34,5.0
