weight,density,degree,runtime,stretch
3016.0,0.08,4,0.035821,4.23195876289
2580.0,0.08,4,0.032479,2.50769230769
2075.0,0.08,4,0.033841,3.55072463768
2775.0,0.08,4,0.030596,4.62380952381
2983.0,0.08,5,0.033587,3.48148148148
2261.0,0.08,5,0.032878,3.76237623762
2798.0,0.08,5,0.030072,2.61635220126
3179.0,0.08,4,0.030849,4.83690987124
2250.0,0.08,4,0.029953,6.95505617978
2331.0,0.08,3,0.032192,3.21604938272
