weight,density,degree,runtime,stretch
990.0,0.08,6,0.28,3.35820895522
960.0,0.08,5,0.3,2.49122807018
1369.0,0.08,5,0.27,2.75510204082
1223.0,0.08,4,0.27,4.05
1164.0,0.08,4,0.27,2.94642857143
1539.0,0.08,4,0.27,3.46052631579
1202.0,0.08,4,0.27,3.48529411765
1698.0,0.08,4,0.28,5.14736842105
985.0,0.08,4,0.25,3.43670886076
1039.0,0.08,4,0.29,3.53333333333
