weight,density,degree,runtime,stretch
1279.0,0.08,4,0.05853,4.86486486486
1703.0,0.08,5,0.06243,3.73722627737
1000.0,0.08,5,0.058265,2.51428571429
1573.0,0.08,4,0.066632,4.1171875
1258.0,0.08,4,0.064409,3.67768595041
1620.0,0.08,5,0.063894,3.47663551402
1574.0,0.08,5,0.060606,3.17222222222
1100.0,0.08,5,0.058482,3.78571428571
1484.0,0.08,5,0.058,4.42253521127
1548.0,0.08,5,0.063384,3.36529680365
