weight,density,degree,runtime,stretch
1782.0,0.02,5,28.39,5.73333333333
1599.0,0.02,5,23.52,9.60606060606
1342.0,0.02,5,28.11,6.41935483871
1442.0,0.02,6,25.47,9.53571428571
1387.0,0.02,6,28.67,5.95
1405.0,0.02,7,26.37,7.95833333333
1466.0,0.02,5,27.68,9.17647058824
1449.0,0.02,5,26.77,8.79166666667
1334.0,0.02,5,27.22,11.4
1639.0,0.02,6,28.26,7.68
