weight,density,degree,runtime,stretch
1231.0,0.08,4,0.0708,4.69724770642
1164.0,0.08,4,0.074639,2.98076923077
878.0,0.08,4,0.06891,2.95238095238
1115.0,0.08,4,0.070873,3.94202898551
1503.0,0.08,5,0.073369,3.30718954248
1493.0,0.08,5,0.07354,2.89285714286
1682.0,0.08,5,0.068147,3.40952380952
1418.0,0.08,4,0.066527,4.85217391304
986.0,0.08,5,0.072065,2.5503875969
993.0,0.08,5,0.074627,4.31
