weight,density,degree,runtime,stretch
1875.0,0.0266666666667,5,8.8,8.7
1622.0,0.0266666666667,5,8.74,5.10526315789
1437.0,0.0266666666667,8,9.15,7.02777777778
1755.0,0.0266666666667,5,6.98,5.75862068966
1665.0,0.0266666666667,5,9.07,6.77419354839
1830.0,0.0266666666667,8,9.17,4.8
1944.0,0.0266666666667,7,8.74,7.25
1830.0,0.027027027027,6,8.87,7.78571428571
1497.0,0.0266666666667,5,8.86,6.85714285714
1560.0,0.0266666666667,6,8.83,7.45454545455
