weight,density,degree,runtime,stretch
1574.0,0.0224242424242,5,39.46,3.0
2492.0,0.0248484848485,7,41.72,2.97058823529
1734.0,0.0230303030303,7,31.37,3.0
2375.0,0.0246464646465,6,41.65,3.0
2205.0,0.0242424242424,5,40.49,2.96153846154
2440.0,0.0248484848485,6,33.55,3.0
1888.0,0.0240404040404,7,41.32,2.82
1884.0,0.0238383838384,8,41.83,3.0
1864.0,0.0236363636364,6,40.54,3.0
2225.0,0.0252525252525,6,42.4,2.92857142857
