weight,density,degree,runtime,stretch
2213.0,0.08,4,0.030352,4.92517006803
2789.0,0.08,5,0.030092,3.69953051643
2168.0,0.08,7,0.035798,3.27184466019
2586.0,0.08,5,0.037165,4.27731092437
2485.0,0.08,5,0.033146,3.42342342342
2009.0,0.08,4,0.030083,2.92227979275
2923.0,0.08,6,0.029555,2.60267857143
2843.0,0.08,3,0.034745,4.10050251256
2564.0,0.0833333333333,5,0.036734,4.41791044776
2528.0,0.08,4,0.032988,4.57324840764
