weight,density,degree,runtime,stretch
2291.0,0.0266666666667,5,5.19,5.7027027027
2075.0,0.0266666666667,5,6.44,7.05128205128
2605.0,0.0266666666667,5,6.19,5.66666666667
2969.0,0.0266666666667,6,6.24,7.54166666667
2762.0,0.0266666666667,5,6.46,9.37142857143
2552.0,0.0266666666667,5,6.08,8.7619047619
2402.0,0.0266666666667,6,6.21,6.06451612903
2535.0,0.0266666666667,5,4.87,5.81395348837
2087.0,0.0266666666667,6,5.01,5.60416666667
2406.0,0.0266666666667,5,5.99,7.75675675676
