weight,density,degree,runtime,stretch
1676.0,0.08,5,0.054431,2.96875
1226.0,0.08,5,0.053343,4.57831325301
1577.0,0.08,5,0.058757,3.00884955752
1695.0,0.08,4,0.05606,4.58490566038
1369.0,0.08,4,0.05553,4.28571428571
1329.0,0.08,5,0.05521,3.05217391304
1412.0,0.08,4,0.057964,3.76119402985
1404.0,0.08,5,0.052745,3.26108374384
1302.0,0.08,4,0.054059,3.94405594406
1510.0,0.08,4,0.070231,2.82786885246
