weight,density,degree,runtime,stretch
1468.0,0.02,5,25.97,7.82352941176
1536.0,0.02,6,25.55,5.75862068966
1508.0,0.02,5,25.57,6.43333333333
1558.0,0.02,7,25.07,7.31034482759
1548.0,0.02,5,20.38,9.45
1589.0,0.02,5,24.64,8.92592592593
1377.0,0.02,7,20.73,6.86956521739
1358.0,0.02,5,25.62,7.7
1440.0,0.02,5,20.19,8.0
1803.0,0.02,7,25.76,6.04
