weight,density,degree,runtime,stretch
2088.0,0.08,5,0.14,4.22872340426
3214.0,0.08,5,0.12,3.1
1869.0,0.08,5,0.13,3.04761904762
1772.0,0.08,4,0.14,3.57458563536
2774.0,0.08,4,0.14,2.671875
1968.0,0.08,5,0.14,2.54867256637
1996.0,0.08,5,0.13,3.9921875
2354.0,0.08,5,0.11,3.53225806452
2639.0,0.08,6,0.11,4.33451957295
2349.0,0.08,5,0.13,3.25477707006
