weight,density,degree,runtime,stretch
2305.0,0.016,8,37.11,10.1739130435
2098.0,0.016,5,36.9,8.27272727273
1969.0,0.016,5,37.2,10.8333333333
2018.0,0.016,6,28.68,9.53125
2408.0,0.016,7,37.64,7.60714285714
2231.0,0.016,6,37.64,8.22727272727
2094.0,0.016,5,36.4,9.59090909091
1982.0,0.016,5,37.27,8.71428571429
2240.0,0.016,5,37.93,7.12903225806
2071.0,0.016,5,29.61,7.45454545455
