weight,density,degree,runtime,stretch
2552.0,0.0440816326531,5,0.163616,2.8137254902
