weight,density,degree,runtime,stretch
1517.0,0.02,6,27.87,6.78947368421
1534.0,0.02,7,28.56,5.72
1421.0,0.02,6,28.72,7.07692307692
1352.0,0.02,6,28.3,8.28571428571
1191.0,0.02,5,27.68,6.78260869565
1206.0,0.02,5,28.68,8.0
1359.0,0.02,6,27.3,9.64
1406.0,0.02,6,27.62,8.11111111111
1295.0,0.02,5,25.54,7.71428571429
1337.0,0.02,5,27.34,9.04761904762
