weight,density,degree,runtime,stretch
3193.0,0.0866666666667,4,0.06,2.64888888889
2820.0,0.09,4,0.08,2.80423280423
2402.0,0.08,4,0.07,2.67886178862
2451.0,0.08,4,0.06,2.70333333333
2739.0,0.0866666666667,4,0.07,2.90643274854
2872.0,0.0866666666667,5,0.06,2.56172839506
2629.0,0.0833333333333,6,0.08,2.4552238806
2958.0,0.0833333333333,5,0.09,2.90647482014
3039.0,0.09,4,0.08,2.5775862069
2287.0,0.0866666666667,4,0.06,2.56573705179
