weight,density,degree,runtime,stretch
1477.0,0.1,5,0.019948,2.77664974619
2055.0,0.1,4,0.02134,3.09316770186
1942.0,0.1,5,0.016468,2.49802371542
