weight,density,degree,runtime,stretch
2956.0,0.0266666666667,5,8.98,5.33333333333
2412.0,0.0266666666667,5,8.57999999999,5.11881188119
2020.0,0.0266666666667,5,9.58,5.28
2526.0,0.0266666666667,4,9.15,6.54545454545
2183.0,0.0273873873874,6,7.45,4.875
2500.0,0.027027027027,5,9.12,5.86885245902
2773.0,0.0266666666667,5,9.28000000001,5.67948717949
2526.0,0.027027027027,6,9.67,6.125
2445.0,0.027027027027,5,9.26,5.6301369863
2945.0,0.027027027027,5,8.9,6.14634146341
