weight,density,degree,runtime,stretch
1773.0,0.09,5,0.030964,2.98148148148
weight,density,degree,runtime,stretch
3021.0,0.0933333333333,5,0.027623,2.72307692308
