weight,density,degree,runtime,stretch
3597.0,0.0473469387755,5,0.199028,2.98780487805
