weight,density,degree,runtime,stretch
1905.0,0.0266666666667,6,8.68,6.91428571429
1714.0,0.0266666666667,5,8.57,8.67857142857
1853.0,0.0266666666667,5,8.85,5.33333333333
1851.0,0.0266666666667,5,8.71,6.4
1599.0,0.0266666666667,5,8.65,7.28260869565
1769.0,0.0266666666667,5,6.95,6.09375
2119.0,0.0266666666667,6,7.17,4.4358974359
1804.0,0.0266666666667,5,8.65,7.77777777778
1698.0,0.0266666666667,5,8.32,7.79166666667
1697.0,0.0266666666667,6,8.84,5.14583333333
