weight,density,degree,runtime,stretch
1396.0,0.0833333333333,4,0.047892,3.65625
1168.0,0.08,4,0.044435,3.29411764706
2139.0,0.0833333333333,4,0.047213,4.9027027027
1478.0,0.08,5,0.045624,2.32876712329
2114.0,0.0866666666667,4,0.051312,3.89696969697
2255.0,0.08,4,0.043681,4.46031746032
1421.0,0.08,4,0.048662,3.4298245614
1892.0,0.08,4,0.044553,4.51694915254
1676.0,0.08,4,0.045073,4.07692307692
2413.0,0.08,5,0.044468,4.11875
