weight,density,degree,runtime,stretch
1769.0,0.0212121212121,8,32.98,4.37931034483
2237.0,0.0222222222222,5,26.51,4.6862745098
1826.0,0.0206060606061,5,33.17,4.70588235294
2071.0,0.0210101010101,6,26.27,4.94285714286
2126.0,0.0216161616162,6,34.2,4.58333333333
1731.0,0.020202020202,5,31.92,4.96875
1771.0,0.0208080808081,6,33.19,4.9696969697
1911.0,0.020404040404,5,32.64,4.96428571429
1649.0,0.0208080808081,8,26.12,4.96296296296
1960.0,0.0210101010101,5,33.2,4.66666666667
