weight,density,degree,runtime,stretch
1090.0,0.08,4,0.27,3.45098039216
1201.0,0.08,4,0.28,3.2
1593.0,0.08,6,0.28,4.53409090909
1235.0,0.08,5,0.28,4.29166666667
690.0,0.08,6,0.26,3.08695652174
1033.0,0.08,3,0.27,3.35576923077
1480.0,0.08,4,0.25,5.12244897959
1281.0,0.08,4,0.25,3.38167938931
868.0,0.08,4,0.27,3.07608695652
1160.0,0.08,4,0.27,3.00840336134
