weight,density,degree,runtime,stretch
1861.0,0.030990990991,6,18.96,2.96153846154
1932.0,0.0306306306306,5,14.66,2.90566037736
1844.0,0.0320720720721,6,18.79,2.85
1959.0,0.0320720720721,5,18.89,2.86666666667
1746.0,0.0299099099099,6,17.9,2.94444444444
2138.0,0.0317117117117,6,18.7,2.95348837209
1710.0,0.0302702702703,7,15.25,3.0
1414.0,0.0306306306306,5,18.13,3.0
1574.0,0.0306306306306,5,18.5,2.97435897436
1803.0,0.0317117117117,6,18.93,3.0
