weight,density,degree,runtime,stretch
1268.0,0.02,5,22.29,10.25
1336.0,0.02,5,28.33,6.91666666667
1434.0,0.02,5,22.7,6.90476190476
1335.0,0.02,5,27.71,10.0476190476
1406.0,0.02,6,28.82,6.72413793103
1519.0,0.02,5,29.62,5.85714285714
1463.0,0.02,5,28.63,7.29166666667
1641.0,0.02,7,29.63,6.66666666667
1286.0,0.02,6,29.03,6.9375
1463.0,0.02,5,28.25,7.23076923077
