weight,density,degree,runtime,stretch
2190.0,0.0416326530612,5,1.71,2.95918367347
2949.0,0.0473469387755,5,1.76,2.88235294118
3463.0,0.0465306122449,6,1.76,2.94890510949
3801.0,0.0473469387755,4,1.84,2.85057471264
2339.0,0.0416326530612,5,1.78,2.72380952381
2899.0,0.0440816326531,5,1.86,2.91578947368
3974.0,0.0473469387755,6,2.53,2.75968992248
2476.0,0.0440816326531,5,2.78,2.96116504854
3117.0,0.0457142857143,5,2.85,2.76
2292.0,0.0424489795918,5,2.64,2.88429752066
