weight,density,degree,runtime,stretch
792.0,0.0833333333333,5,0.036128,3.16216216216
weight,density,degree,runtime,stretch
675.0,0.08,3,0.034512,4.53846153846
