weight,density,degree,runtime,stretch
2179.0,0.0866666666667,5,0.024804,2.93501805054
weight,density,degree,runtime,stretch
2109.0,0.0933333333333,5,0.023894,2.64071856287
