weight,density,degree,runtime,stretch
3956.0,0.1,4,0.012249,3.97164948454
2271.0,0.1,4,0.01903,2.24475524476
2193.0,0.1,4,0.013411,2.30529595016
2222.0,0.1,4,0.014678,4.96632996633
2274.0,0.1,4,0.01678,3.70769230769
2175.0,0.1,4,0.018337,2.21868787276
2016.0,0.1,5,0.01789,2.31481481481
2223.0,0.1,5,0.018471,2.87111111111
2185.0,0.1,4,0.015343,3.37113402062
2586.0,0.1,4,0.015896,2.88709677419
