weight,density,degree,runtime,stretch
2369.0,0.04,5,2.42,7.55813953488
1642.0,0.04,5,2.38,5.87671232877
1317.0,0.04,5,2.5,4.47916666667
1812.0,0.04,5,2.5,4.18518518519
1596.0,0.04,5,2.46,5.25423728814
2163.0,0.04,5,2.3,6.0
2240.0,0.04,5,2.51,5.07692307692
1662.0,0.04,4,2.46,5.56603773585
1488.0,0.04,5,1.92,3.85185185185
1512.0,0.04,5,1.81,6.73529411765
