weight,density,degree,runtime,stretch
1898.0,0.0266666666667,5,7.72,7.28571428571
2031.0,0.0266666666667,5,7.13,8.47457627119
2176.0,0.0266666666667,6,7.72,6.27450980392
2115.0,0.0266666666667,6,7.74,6.7619047619
2022.0,0.0266666666667,5,7.02,10.3725490196
2235.0,0.0266666666667,5,7.84,5.84482758621
1816.0,0.0266666666667,5,8.07,4.82352941176
1883.0,0.0266666666667,5,6.01,8.41025641026
2013.0,0.0266666666667,5,6.31,6.46341463415
1749.0,0.0266666666667,5,7.64,6.0
