weight,density,degree,runtime,stretch
2460.0,0.04,4,2.54,6.37037037037
1930.0,0.04,5,2.58,6.49275362319
2123.0,0.04,5,2.5,5.85483870968
2408.0,0.04,5,2.42,4.28048780488
2438.0,0.04,7,2.56,4.62820512821
2581.0,0.04,5,1.99,6.24285714286
3273.0,0.04,5,1.99,6.24369747899
2224.0,0.04,5,1.97,5.39130434783
2083.0,0.0408163265306,5,2.09,5.70149253731
2085.0,0.04,5,2.09,4.08791208791
