weight,density,degree,runtime,stretch
2078.0,0.08,4,0.15,3.88235294118
2103.0,0.08,4,0.17,3.70481927711
2018.0,0.08,5,0.17,2.59756097561
1844.0,0.08,5,0.16,4.02314814815
2171.0,0.08,4,0.17,6.85294117647
2237.0,0.08,4,0.17,4.57055214724
2261.0,0.08,3,0.16,3.36301369863
1706.0,0.08,5,0.17,2.9375
1541.0,0.08,4,0.16,3.13043478261
1765.0,0.08,4,0.16,3.45333333333
