weight,density,degree,runtime,stretch
1504.0,0.020404040404,6,42.69,6.15
1228.0,0.020202020202,6,43.52,5.16666666667
1701.0,0.0208080808081,5,34.99,5.10256410256
1442.0,0.020404040404,5,42.75,6.75
1329.0,0.020202020202,5,42.76,6.25925925926
1442.0,0.02,5,44.15,5.38888888889
1469.0,0.020404040404,5,34.32,6.83333333333
1372.0,0.020404040404,5,42.85,6.77272727273
1406.0,0.0206060606061,5,42.73,6.63636363636
1376.0,0.020404040404,5,34.43,5.52173913043
