weight,density,degree,runtime,stretch
1816.0,0.04,6,3.16,6.23404255319
1037.0,0.04,5,3.2,5.78125
1664.0,0.04,6,3.24,5.86538461538
1254.0,0.04,5,3.03,7.41538461538
1194.0,0.04,5,3.18,6.59523809524
1542.0,0.04,5,3.2,4.17142857143
1402.0,0.04,4,3.07,6.56140350877
1450.0,0.04,5,3.07,5.97959183673
1244.0,0.04,5,3.27,4.89189189189
1338.0,0.04,4,3.25,5.68421052632
