weight,density,degree,runtime,stretch
1356.0,0.08,5,0.28,3.25657894737
1731.0,0.08,4,0.28,3.56849315068
1095.0,0.08,4,0.25,5.14814814815
1065.0,0.08,5,0.28,4.28205128205
1532.0,0.08,5,0.27,4.3813559322
1495.0,0.08,3,0.27,5.32710280374
1212.0,0.08,5,0.24,4.33333333333
649.0,0.08,4,0.24,3.14285714286
807.0,0.08,3,0.26,3.38596491228
1533.0,0.08,4,0.27,4.33846153846
