weight,density,degree,runtime,stretch
2654.0,0.0866666666667,5,0.018068,2.81730769231
weight,density,degree,runtime,stretch
2552.0,0.0833333333333,4,0.01549,2.91176470588
