weight,density,degree,runtime,stretch
2675.0,0.0266666666667,7,5.18,7.75
2238.0,0.0266666666667,5,5.86,7.14035087719
2701.0,0.0266666666667,5,6.51,6.15384615385
2832.0,0.0266666666667,5,5.87,7.72307692308
2084.0,0.0266666666667,6,6.07,5.9375
2335.0,0.0266666666667,6,6.24,6.85
2174.0,0.0266666666667,6,6.07,6.11428571429
2631.0,0.0266666666667,6,4.76,7.17647058824
2300.0,0.0266666666667,4,4.72,8.62711864407
2739.0,0.0266666666667,4,6.15,5.44444444444
