weight,density,degree,runtime,stretch
1871.0,0.08,5,0.036565,3.51515151515
weight,density,degree,runtime,stretch
1879.0,0.08,7,0.050371,3.35833333333
weight,density,degree,runtime,stretch
1819.0,0.0833333333333,5,0.033635,3.26785714286
weight,density,degree,runtime,stretch
1523.0,0.08,4,0.032506,3.83098591549
