weight,density,degree,runtime,stretch
1217.0,0.04,4,3.32,4.37037037037
1418.0,0.04,4,3.2,5.73333333333
1488.0,0.04,4,3.27,6.18604651163
1223.0,0.04,5,3.15,7.46511627907
1675.0,0.04,5,3.4,4.96875
914.0,0.04,4,3.23,4.34042553191
1307.0,0.04,4,3.16,5.43181818182
1302.0,0.04,5,3.32,3.76923076923
1681.0,0.04,4,3.07,7.38235294118
1183.0,0.04,7,3.27,3.61764705882
