weight,density,degree,runtime,stretch
1062.0,0.0833333333333,5,0.033151,2.72
