weight,density,degree,runtime,stretch
2088.0,0.08,4,0.12,4.00638977636
2359.0,0.08,4,0.13,4.34146341463
2509.0,0.08,5,0.16,3.55555555556
2601.0,0.08,3,0.11,4.99567099567
2710.0,0.08,5,0.13,4.11235955056
2482.0,0.08,6,0.08,4.57342657343
2366.0,0.08,4,0.11,2.24107142857
3099.0,0.08,6,0.11,3.80816326531
2611.0,0.08,5,0.14,2.94285714286
2295.0,0.08,5,0.14,3.88050314465
