weight,density,degree,runtime,stretch
1877.0,0.0424489795918,5,3.76,2.9
2339.0,0.0448979591837,6,3.97,2.92957746479
2014.0,0.0465306122449,5,3.96,2.52127659574
2037.0,0.0440816326531,6,3.91,2.52083333333
2407.0,0.0440816326531,5,3.1,2.72826086957
2081.0,0.0440816326531,5,3.16,2.93137254902
1533.0,0.0424489795918,5,3.17,2.97619047619
1814.0,0.0440816326531,6,3.14,2.70512820513
1981.0,0.0440816326531,6,3.08,2.93548387097
1777.0,0.0424489795918,5,3.92,2.84057971014
