weight,density,degree,runtime,stretch
2078.0,0.08,5,0.19,2.3023255814
2351.0,0.08,4,0.17,3.21171171171
1902.0,0.08,5,0.19,3.58854166667
1230.0,0.08,5,0.17,2.825
1361.0,0.08,4,0.16,2.46666666667
1225.0,0.08,5,0.19,4.29523809524
1622.0,0.08,5,0.16,4.25925925926
1885.0,0.08,4,0.19,4.94915254237
1207.0,0.08,4,0.16,3.72340425532
2119.0,0.08,6,0.19,3.35430463576
