weight,density,degree,runtime,stretch
1890.0,0.0866666666667,4,0.027644,3.52293577982
weight,density,degree,runtime,stretch
1369.0,0.0833333333333,4,0.021983,2.76785714286
