weight,density,degree,runtime,stretch
2366.0,0.08,5,0.17,4.0
1865.0,0.08,4,0.16,5.03623188406
1688.0,0.08,5,0.16,3.49090909091
1327.0,0.08,4,0.16,3.28671328671
2438.0,0.08,4,0.14,3.78205128205
1452.0,0.08,4,0.16,2.4765625
2138.0,0.08,4,0.16,4.12121212121
2041.0,0.08,4,0.16,6.24347826087
1933.0,0.08,4,0.16,3.96666666667
2400.0,0.08,5,0.13,3.91791044776
