weight,density,degree,runtime,stretch
1257.0,0.08,5,0.4,2.45562130178
1031.0,0.08,4,0.37,3.80681818182
1010.0,0.08,4,0.42,2.31746031746
1314.0,0.08,4,0.41,6.3119266055
1494.0,0.08,4,0.45,2.91803278689
995.0,0.08,4,0.45,3.42222222222
1196.0,0.08,5,0.41,4.42105263158
1215.0,0.08,4,0.41,3.05825242718
1736.0,0.08,4,0.41,4.95867768595
987.0,0.08,6,0.42,2.76296296296
