weight,density,degree,runtime,stretch
1121.0,0.0266666666667,5,7.63,10.1666666667
1585.0,0.0266666666667,5,7.92,6.14814814815
1492.0,0.0266666666667,5,10.08,4.78125
1302.0,0.0266666666667,6,10.41,4.75
1723.0,0.0266666666667,5,10.12,6.25581395349
1927.0,0.0266666666667,5,9.4,9.85454545455
1370.0,0.0266666666667,5,10.05,6.43333333333
1030.0,0.0266666666667,4,7.8,5.85
1640.0,0.0266666666667,7,10.3,6.875
1286.0,0.0266666666667,4,9.44,7.88636363636
