weight,density,degree,runtime,stretch
1009.0,0.02,6,47.25,6.36363636364
1173.0,0.02,6,46.97,5.79166666667
1207.0,0.020202020202,7,47.91,6.93333333333
1655.0,0.020202020202,5,48.33,5.47619047619
1265.0,0.020202020202,5,36.7,6.80769230769
1236.0,0.020202020202,7,46.9,6.6875
1279.0,0.020404040404,6,46.41,6.4
1241.0,0.02,6,46.58,6.40909090909
1237.0,0.020404040404,6,37.02,6.625
1170.0,0.020202020202,5,47.05,5.93333333333
