weight,density,degree,runtime,stretch
1728.0,0.02,5,26.16,5.69230769231
1622.0,0.020202020202,7,21.98,6.9375
1489.0,0.02,6,25.51,8.0
1889.0,0.020202020202,4,25.17,7.48387096774
1599.0,0.02,5,25.76,5.9696969697
1440.0,0.020202020202,5,20.38,7.12121212121
1664.0,0.02,5,25.47,7.82142857143
1624.0,0.02,6,25.65,6.22222222222
1517.0,0.020202020202,5,19.7,6.63461538462
1505.0,0.02,5,25.38,7.67741935484
