weight,density,degree,runtime,stretch
1616.0,0.02,5,19.83,6.9
1539.0,0.02,6,24.16,7.25925925926
1373.0,0.02,5,19.99,6.36842105263
1574.0,0.02,7,25.68,7.13333333333
1562.0,0.02,5,19.71,7.72727272727
1619.0,0.02,7,24.45,6.66666666667
1392.0,0.02,5,25.16,6.04347826087
1576.0,0.02,5,24.83,7.68
1631.0,0.02,6,25.16,8.57142857143
1321.0,0.02,5,23.96,9.75
