weight,density,degree,runtime,stretch
1737.0,0.02,6,26.48,6.55882352941
1731.0,0.020202020202,6,32.86,6.4
2060.0,0.020202020202,6,33.6,6.0
1969.0,0.020202020202,6,32.78,5.78571428571
1775.0,0.02,6,32.55,6.44444444444
1844.0,0.020202020202,6,26.2,6.75
1937.0,0.020404040404,6,32.82,6.41025641026
1630.0,0.020404040404,5,33.67,6.0
1716.0,0.020404040404,6,33.49,5.56818181818
2090.0,0.02,5,33.58,6.15384615385
