weight,density,degree,runtime,stretch
1502.0,0.0266666666667,4,10.21,7.66666666667
1729.0,0.0266666666667,6,8.31,6.04347826087
1653.0,0.0266666666667,7,10.1,6.72222222222
1998.0,0.0266666666667,5,10.26,7.0625
1543.0,0.0266666666667,6,10.36,6.8275862069
1411.0,0.0266666666667,5,10.08,9.0
1758.0,0.0266666666667,7,10.21,6.79411764706
1422.0,0.0266666666667,5,8.12,6.57692307692
1754.0,0.0266666666667,4,8.08,10.8611111111
1666.0,0.0266666666667,6,10.11,7.2
