weight,density,degree,runtime,stretch
1966.0,0.04,5,4.72,6.64179104478
1338.0,0.04,5,4.7,5.42
1287.0,0.04,4,4.81,6.13157894737
1446.0,0.04,5,4.69,5.925
1683.0,0.04,4,4.64,5.91304347826
1649.0,0.04,4,4.77,4.71739130435
1227.0,0.04,6,4.77,6.34482758621
1089.0,0.04,6,4.89,5.11904761905
1224.0,0.04,5,3.68,5.73913043478
1212.0,0.04,6,3.85,5.0
