weight,density,degree,runtime,stretch
3623.0,0.0497959183673,5,3.55,2.77319587629
3066.0,0.0457142857143,6,3.34,2.95180722892
3800.0,0.050612244898,6,3.56,2.83561643836
1422.0,0.0408163265306,6,3.22,2.91176470588
2562.0,0.0440816326531,5,3.16,2.97727272727
2579.0,0.0424489795918,4,3.19,2.91111111111
2495.0,0.0457142857143,5,3.34,2.73214285714
3317.0,0.0481632653061,5,3.64,3.0
2090.0,0.0432653061224,5,3.38,2.92452830189
2642.0,0.0465306122449,6,3.34,2.97540983607
