weight,density,degree,runtime,stretch
1361.0,0.0866666666667,4,0.16,2.79166666667
1699.0,0.0866666666667,4,0.14,2.51048951049
1363.0,0.0866666666667,5,0.16,2.54166666667
908.0,0.08,6,0.16,2.5625
1628.0,0.09,4,0.15,2.95138888889
1525.0,0.0866666666667,5,0.16,3.0
1369.0,0.0866666666667,6,0.17,2.59036144578
1372.0,0.0866666666667,5,0.16,3.0
1279.0,0.0866666666667,5,0.14,2.73493975904
1478.0,0.0833333333333,5,0.14,2.88976377953
