weight,density,degree,runtime,stretch
1511.0,0.08,4,0.14,3.08629441624
1470.0,0.08,4,0.17,3.93959731544
1788.0,0.08,4,0.16,4.27049180328
2202.0,0.08,5,0.16,3.45054945055
2390.0,0.08,4,0.14,3.95817490494
1828.0,0.08,4,0.13,3.06849315068
1857.0,0.08,4,0.16,2.88321167883
2101.0,0.08,4,0.16,3.69182389937
2860.0,0.08,4,0.16,3.14814814815
1899.0,0.08,4,0.19,4.65189873418
