weight,density,degree,runtime,stretch
1305.0,0.0833333333333,4,0.037072,2.60544217687
