weight,density,degree,runtime,stretch
1351.0,0.0448979591837,6,0.328378,2.96774193548
