weight,density,degree,runtime,stretch
1862.0,0.08,5,0.037979,1.71337579618
2141.0,0.08,4,0.037601,3.59116022099
904.0,0.08,4,0.038411,3.5
2135.0,0.08,4,0.040072,5.59210526316
2530.0,0.08,4,0.038451,4.67832167832
1627.0,0.08,4,0.042376,3.71739130435
1820.0,0.08,4,0.042541,2.94017094017
1587.0,0.08,4,0.043853,3.10256410256
2001.0,0.08,4,0.036042,3.07228915663
1830.0,0.08,5,0.041313,6.51327433628
