weight,density,degree,runtime,stretch
2068.0,0.027027027027,5,8.79,6.61764705882
2064.0,0.0266666666667,5,10.84,5.09589041096
1778.0,0.0266666666667,6,11.39,6.17857142857
2518.0,0.0266666666667,5,11.23,4.3829787234
2241.0,0.0266666666667,7,11.03,4.73333333333
1912.0,0.0266666666667,7,8.79,5.12820512821
2454.0,0.0273873873874,7,9.03000000001,6.625
1762.0,0.0266666666667,5,11.06,4.2972972973
2117.0,0.027027027027,5,10.88,6.2
2193.0,0.0273873873874,5,11.75,6.97916666667
