weight,density,degree,runtime,stretch
1972.0,0.04,7,1.42,4.13333333333
2267.0,0.04,5,1.72,5.13461538462
2299.0,0.04,5,1.64,7.0
2890.0,0.04,6,1.68,5.16326530612
2164.0,0.04,5,1.81,4.97321428571
2034.0,0.04,4,1.73,4.22222222222
2198.0,0.04,6,1.68,7.33333333333
2339.0,0.04,5,1.76,5.15384615385
2726.0,0.04,4,1.68,6.00763358779
2016.0,0.04,4,1.6,5.0
