weight,density,degree,runtime,stretch
2096.0,0.0833333333333,4,0.024053,2.98620689655
