weight,density,degree,runtime,stretch
1881.0,0.04,4,2.2,5.63235294118
1466.0,0.04,5,2.23,4.6976744186
1386.0,0.04,4,2.12,8.92452830189
1544.0,0.04,6,2.26,4.97435897436
1878.0,0.04,5,2.26,5.515625
1402.0,0.04,4,2.87,4.04
1352.0,0.04,4,2.74,8.02272727273
1809.0,0.04,5,2.83,6.28125
1509.0,0.04,5,2.71,4.14705882353
1827.0,0.04,6,2.82,5.21538461538
