weight,density,degree,runtime,stretch
1836.0,0.0833333333333,4,0.08,2.95424836601
2151.0,0.0833333333333,5,0.08,2.72619047619
2852.0,0.0866666666667,5,0.1,2.85217391304
1456.0,0.0833333333333,4,0.09,2.14218009479
1489.0,0.0866666666667,4,0.08,2.66666666667
1817.0,0.0833333333333,6,0.09,2.52331606218
1952.0,0.08,5,0.09,2.88524590164
2315.0,0.09,4,0.08,2.23780487805
1892.0,0.0866666666667,4,0.1,2.48979591837
1955.0,0.08,5,0.09,2.7619047619
