weight,density,degree,runtime,stretch
2153.0,0.0933333333333,4,0.028095,1.98507462687
weight,density,degree,runtime,stretch
2816.0,0.103333333333,5,0.030143,1.97689768977
weight,density,degree,runtime,stretch
2418.0,0.0966666666667,4,0.030918,1.78102189781
weight,density,degree,runtime,stretch
1961.0,0.0933333333333,5,0.029422,1.94708994709
