weight,density,degree,runtime,stretch
1712.0,0.0212121212121,6,38.27,4.73684210526
1712.0,0.0214141414141,5,39.04,4.63333333333
1540.0,0.0218181818182,7,38.19,4.57575757576
1437.0,0.02,6,34.07,4.74193548387
1397.0,0.0206060606061,7,38.8,5.0
1510.0,0.020404040404,6,37.9,4.52380952381
2103.0,0.0218181818182,6,30.79,4.81818181818
1709.0,0.0206060606061,6,38.04,4.67857142857
1839.0,0.0214141414141,6,38.95,4.63414634146
1752.0,0.0208080808081,6,29.9,4.81818181818
