weight,density,degree,runtime,stretch
2070.0,0.0266666666667,6,6.91,7.29268292683
1725.0,0.0266666666667,5,8.89,6.87096774194
1660.0,0.0266666666667,5,8.89,6.97674418605
1731.0,0.0266666666667,6,8.41,5.65789473684
1398.0,0.0266666666667,5,8.3,7.75
1710.0,0.0266666666667,6,8.66,5.08510638298
1997.0,0.0266666666667,6,8.65,6.53846153846
1696.0,0.0266666666667,5,6.86,6.36585365854
1577.0,0.0266666666667,5,8.3,7.54054054054
1564.0,0.0266666666667,7,8.68,6.53846153846
