weight,density,degree,runtime,stretch
3024.0,0.0266666666667,6,6.27,5.02985074627
2444.0,0.0266666666667,5,6.11,6.07843137255
2734.0,0.0266666666667,5,4.72,8.69230769231
2335.0,0.0266666666667,5,4.95,6.81818181818
2560.0,0.0266666666667,5,6.13,6.4375
2728.0,0.0266666666667,5,6.07,4.50746268657
2318.0,0.0266666666667,5,6.15,7.91304347826
2766.0,0.0266666666667,7,6.31,4.66
1936.0,0.0266666666667,5,6.15,7.04285714286
2627.0,0.0266666666667,4,6.36,8.39534883721
