weight,density,degree,runtime,stretch
1269.0,0.0266666666667,5,11.44,6.47727272727
1669.0,0.0266666666667,5,11.41,5.55263157895
1236.0,0.0266666666667,5,9.05,6.51724137931
1531.0,0.0266666666667,4,9.25,7.55882352941
1287.0,0.0266666666667,9,11.6,5.44444444444
1170.0,0.0266666666667,6,11.59,6.25925925926
1615.0,0.027027027027,4,11.66,8.1
1458.0,0.0266666666667,5,12.34,5.7
1626.0,0.0266666666667,5,9.09,8.14705882353
1423.0,0.0266666666667,6,9.64,4.95238095238
