weight,density,degree,runtime,stretch
1240.0,0.08,5,0.051583,3.99122807018
1875.0,0.0833333333333,4,0.052526,3.85964912281
1994.0,0.08,4,0.051789,4.27419354839
1370.0,0.08,4,0.057848,3.37837837838
849.0,0.08,4,0.054179,3.21875
1701.0,0.08,5,0.063257,2.85833333333
1446.0,0.08,5,0.058096,3.3893129771
1775.0,0.08,5,0.052533,3.66666666667
1683.0,0.08,4,0.053151,3.41176470588
1730.0,0.0833333333333,4,0.055433,4.08620689655
