weight,density,degree,runtime,stretch
1798.0,0.02,5,17.47,9.48648648649
1691.0,0.02,5,22.13,8.65714285714
1896.0,0.02,5,21.94,9.14814814815
1551.0,0.02,6,21.78,8.09090909091
1869.0,0.020202020202,4,21.87,10.4838709677
1943.0,0.02,7,22.26,7.83870967742
1649.0,0.02,7,22.74,6.14285714286
1845.0,0.02,6,18.49,6.43243243243
1871.0,0.02,5,22.37,7.86046511628
1820.0,0.020202020202,5,21.81,9.96666666667
