weight,density,degree,runtime,stretch
3094.0,0.0320720720721,6,14.57,2.96078431373
2837.0,0.0320720720721,5,14.66,3.0
2530.0,0.0313513513514,7,14.41,2.59223300971
2096.0,0.0317117117117,6,14.76,2.88461538462
2237.0,0.0313513513514,7,11.43,2.90163934426
2552.0,0.0320720720721,6,14.49,2.92452830189
2451.0,0.0313513513514,7,13.97,2.96629213483
1748.0,0.0302702702703,7,14.6,2.93333333333
2320.0,0.0317117117117,6,14.2,2.87671232877
1829.0,0.0295495495495,6,11.36,2.97368421053
