weight,density,degree,runtime,stretch
1301.0,0.0408163265306,5,0.25811,4.44230769231
