weight,density,degree,runtime,stretch
1820.0,0.0473469387755,4,5.16,3.0
1582.0,0.0432653061224,6,5.16,2.9552238806
1814.0,0.0457142857143,6,5.18,2.92957746479
1768.0,0.0465306122449,5,5.15,2.81914893617
2186.0,0.0473469387755,6,4.12,2.9347826087
2103.0,0.0473469387755,6,4.23,2.92156862745
1510.0,0.0432653061224,5,3.95,2.70769230769
1857.0,0.0448979591837,5,4.12,2.86206896552
1973.0,0.0481632653061,5,5.33,2.97058823529
1969.0,0.0489795918367,6,5.21,2.88636363636
