weight,density,degree,runtime,stretch
1059.0,0.0966666666667,4,0.040304,1.91176470588
weight,density,degree,runtime,stretch
2023.0,0.103333333333,5,0.041012,1.80606060606
