weight,density,degree,runtime,stretch
1154.0,0.08,3,0.21,5.98275862069
945.0,0.08,5,0.23,6.0
1532.0,0.08,4,0.24,6.53191489362
1617.0,0.08,4,0.21,3.85227272727
1740.0,0.08,3,0.22,5.29807692308
1344.0,0.08,4,0.22,3.72727272727
1145.0,0.08,5,0.24,3.87586206897
1253.0,0.08,4,0.25,4.1875
1276.0,0.08,5,0.27,4.87012987013
1583.0,0.08,5,0.25,3.21875
