weight,density,degree,runtime,stretch
1528.0,0.0866666666667,5,0.033626,2.84615384615
weight,density,degree,runtime,stretch
1425.0,0.0866666666667,4,0.032739,2.85964912281
