weight,density,degree,runtime,stretch
2181.0,0.02,8,15.77,7.03703703704
2270.0,0.02,6,15.44,9.59090909091
2237.0,0.02,4,15.71,6.41860465116
2709.0,0.02,6,15.56,6.81818181818
2281.0,0.02,7,15.48,6.90476190476
2204.0,0.02,5,15.42,6.86363636364
2478.0,0.02,5,15.36,7.47222222222
2647.0,0.02,6,15.67,5.7032967033
2413.0,0.02,5,14.77,7.45614035088
2387.0,0.02,5,15.44,5.32608695652
