weight,density,degree,runtime,stretch
2262.0,0.0317117117117,6,16.48,2.93181818182
2381.0,0.0338738738739,6,17.05,2.95744680851
2432.0,0.0317117117117,5,16.6,2.94
2034.0,0.0320720720721,6,13.69,2.97777777778
1879.0,0.0313513513514,5,17.82,2.97916666667
2235.0,0.0324324324324,6,17.79,3.0
2372.0,0.0327927927928,6,18.55,2.89743589744
2258.0,0.0327927927928,5,14.32,2.86274509804
1620.0,0.0299099099099,6,15.9,2.97727272727
1655.0,0.0291891891892,5,15.92,3.0
