weight,density,degree,runtime,stretch
2255.0,0.0866666666667,5,0.037926,2.96624472574
weight,density,degree,runtime,stretch
1392.0,0.0866666666667,4,0.03713,1.82644628099
