weight,density,degree,runtime,stretch
801.0,0.08,5,0.06992,2.34615384615
1374.0,0.09,4,0.074,2.81034482759
1973.0,0.0933333333333,4,0.077368,2.99415204678
1315.0,0.09,5,0.073101,2.74390243902
959.0,0.0833333333333,4,0.073642,2.43537414966
1341.0,0.0866666666667,4,0.07632,2.82467532468
900.0,0.09,3,0.077697,2.72307692308
1660.0,0.0866666666667,4,0.075659,2.5
966.0,0.0833333333333,6,0.078592,2.9347826087
1326.0,0.0833333333333,6,0.070034,2.78301886792
