weight,density,degree,runtime,stretch
1813.0,0.04,5,2.54,3.97619047619
1306.0,0.04,4,2.46,4.83333333333
1887.0,0.04,5,2.42,5.90740740741
1671.0,0.04,5,2.04,5.39682539683
2010.0,0.04,6,2.04,4.87912087912
1802.0,0.04,4,1.97,5.65573770492
1972.0,0.04,4,1.91,5.86111111111
2038.0,0.04,5,1.99,6.45283018868
1579.0,0.04,6,1.98,6.52083333333
1886.0,0.04,4,2.1,5.125
