weight,density,degree,runtime,stretch
1293.0,0.0266666666667,5,11.57,5.0
1249.0,0.0266666666667,5,12.8,6.76923076923
1270.0,0.0266666666667,8,12.92,6.37037037037
1268.0,0.0266666666667,5,13.04,5.83333333333
1324.0,0.0266666666667,4,12.27,10.4516129032
1156.0,0.0266666666667,6,10.32,7.88
1337.0,0.0266666666667,7,12.95,6.11764705882
1330.0,0.0266666666667,6,12.98,6.625
973.0,0.0266666666667,6,12.76,8.28571428571
1269.0,0.0266666666667,6,12.94,5.48571428571
