weight,density,degree,runtime,stretch
1212.0,0.08,4,0.33,3.76623376623
1394.0,0.08,3,0.28,4.54347826087
1198.0,0.08,4,0.29,4.09016393443
2082.0,0.08,4,0.28,3.53982300885
1543.0,0.08,4,0.29,4.01973684211
1711.0,0.08,4,0.29,4.60606060606
1718.0,0.08,6,0.33,3.31034482759
2203.0,0.08,4,0.29,4.04830917874
1889.0,0.08,4,0.29,3.22826086957
1471.0,0.08,5,0.28,2.70666666667
