weight,density,degree,runtime,stretch
2578.0,0.1,6,0.031826,1.78048780488
weight,density,degree,runtime,stretch
1760.0,0.0933333333333,4,0.02975,1.98453608247
weight,density,degree,runtime,stretch
1470.0,0.0933333333333,5,0.030672,1.94375
weight,density,degree,runtime,stretch
2912.0,0.0933333333333,5,0.028409,1.92079207921
