weight,density,degree,runtime,stretch
1981.0,0.08,5,0.033502,3.93719806763
3073.0,0.08,5,0.040498,4.31496062992
1306.0,0.08,4,0.044859,4.01219512195
1974.0,0.08,5,0.04169,4.98591549296
2713.0,0.08,4,0.03746,4.17592592593
2781.0,0.08,5,0.039054,4.83846153846
2595.0,0.0833333333333,3,0.039075,3.91666666667
2050.0,0.08,5,0.036427,2.90502793296
1606.0,0.08,5,0.042845,4.03821656051
1685.0,0.08,4,0.041335,3.27906976744
