weight,density,degree,runtime,stretch
1589.0,0.0833333333333,4,0.046722,2.84357541899
2814.0,0.0833333333333,5,0.042351,2.63636363636
1346.0,0.08,4,0.043859,2.69444444444
1708.0,0.09,5,0.040369,2.77142857143
2324.0,0.0866666666667,4,0.040479,2.71717171717
2618.0,0.0866666666667,4,0.037729,2.73228346457
2784.0,0.0866666666667,4,0.040495,2.69387755102
2032.0,0.08,5,0.039887,2.72401433692
2465.0,0.0866666666667,5,0.041776,2.60638297872
1660.0,0.08,5,0.043785,2.69325153374
weight,density,degree,runtime,stretch
1975.0,0.09,4,0.046077,2.88333333333
1776.0,0.08,4,0.044631,2.80281690141
2224.0,0.0866666666667,4,0.034892,2.37575757576
1793.0,0.0833333333333,5,0.044848,2.6
1841.0,0.0866666666667,4,0.038875,2.70796460177
2595.0,0.08,5,0.040419,2.70512820513
1571.0,0.0866666666667,5,0.046588,2.4606741573
2865.0,0.0933333333333,5,0.039542,2.95238095238
1835.0,0.0833333333333,6,0.043879,2.58035714286
1915.0,0.0866666666667,4,0.043593,2.27642276423
