weight,density,degree,runtime,stretch
3032.0,0.113333333333,5,0.037308,1.97413793103
weight,density,degree,runtime,stretch
1846.0,0.0966666666667,5,0.037267,1.93827160494
weight,density,degree,runtime,stretch
1481.0,0.0966666666667,5,0.035571,1.96153846154
weight,density,degree,runtime,stretch
1734.0,0.1,5,0.034379,1.96666666667
