weight,density,degree,runtime,stretch
1227.0,0.08,6,0.14,4.91935483871
898.0,0.08,4,0.16,2.76119402985
1333.0,0.08,5,0.46,4.53571428571
1406.0,0.08,5,0.41,3.3203125
648.0,0.08,5,0.4,3.62162162162
1134.0,0.08,5,0.4,5.32142857143
1152.0,0.08,4,0.38,3.50561797753
1282.0,0.08,6,0.41,3.51578947368
999.0,0.08,5,0.41,3.04651162791
1427.0,0.08,4,0.41,4.23880597015
