weight,density,degree,runtime,stretch
2779.0,0.04,4,1.37,6.26984126984
2216.0,0.04,5,1.28,4.43010752688
2221.0,0.04,6,1.72,4.18181818182
2602.0,0.04,4,1.75,6.0
2583.0,0.04,4,1.64,6.46575342466
2571.0,0.04,5,1.77,4.01801801802
1959.0,0.04,6,1.68,5.63793103448
2834.0,0.04,5,1.72,4.8
2495.0,0.04,5,1.76,4.609375
2059.0,0.04,5,1.8,5.07216494845
