weight,density,degree,runtime,stretch
2465.0,0.08,4,0.030464,2.61253561254
2148.0,0.0833333333333,4,0.038458,2.87741935484
2866.0,0.0833333333333,4,0.028553,2.57633587786
2709.0,0.09,4,0.034753,2.81751824818
2628.0,0.09,5,0.036048,2.62886597938
3251.0,0.0933333333333,3,0.031321,2.88554216867
3290.0,0.09,4,0.03403,2.76068376068
3289.0,0.09,4,0.034039,2.6313559322
3525.0,0.09,4,0.032468,2.81347150259
2978.0,0.0866666666667,4,0.033513,2.92765957447
weight,density,degree,runtime,stretch
2636.0,0.0866666666667,4,0.039766,2.98843930636
2004.0,0.0833333333333,5,0.031362,2.94696969697
1596.0,0.0833333333333,4,0.034543,2.42276422764
2225.0,0.0866666666667,5,0.031707,2.27464788732
2442.0,0.08,4,0.037087,2.64102564103
2556.0,0.0866666666667,5,0.033022,2.38996138996
1765.0,0.0833333333333,4,0.034978,2.42105263158
3830.0,0.0866666666667,4,0.040058,2.85542168675
2509.0,0.08,4,0.027807,3.0
2381.0,0.0833333333333,5,0.036089,2.98387096774
