weight,density,degree,runtime,stretch
3416.0,0.0196129032258,6,52.18,3.0
3809.0,0.0206451612903,6,52.24,3.0
3458.0,0.0190967741935,6,50.28,2.95348837209
3280.0,0.0190967741935,8,50.48,2.98
3454.0,0.0194838709677,7,50.18,3.0
3931.0,0.0196129032258,5,50.82,2.98969072165
3696.0,0.0198709677419,7,51.89,3.0
3822.0,0.0194838709677,6,50.55,3.0
2808.0,0.0184516129032,5,40.05,2.96296296296
3337.0,0.0197419354839,7,41.06,2.94117647059
