weight,density,degree,runtime,stretch
1955.0,0.0212121212121,7,28.64,5.0
2221.0,0.0212121212121,5,28.56,4.93333333333
2521.0,0.020202020202,6,28.03,4.7962962963
2466.0,0.020404040404,6,28.42,4.52777777778
2331.0,0.0214141414141,4,27.62,4.68181818182
2145.0,0.020202020202,6,27.34,4.93333333333
1614.0,0.0206060606061,5,28.97,4.96
1753.0,0.0212121212121,5,27.75,4.84375
2553.0,0.0212121212121,5,28.9,4.54545454545
1774.0,0.0206060606061,5,28.5,5.0
