weight,density,degree,runtime,stretch
2945.0,0.08,4,0.14,6.55967078189
2668.0,0.08,6,0.12,5.24852071006
2615.0,0.08,4,0.14,3.94514767932
2238.0,0.08,5,0.14,3.6
2741.0,0.08,4,0.11,4.13675213675
2392.0,0.08,5,0.1,3.33613445378
2639.0,0.08,4,0.14,3.7990430622
2315.0,0.08,5,0.13,3.65818181818
2453.0,0.08,5,0.12,3.83495145631
2684.0,0.08,3,0.13,4.10429447853
