weight,density,degree,runtime,stretch
2869.0,0.020404040404,6,18.82,6.6835443038
2210.0,0.020202020202,6,22.94,6.03225806452
2425.0,0.020404040404,5,18.7,6.69696969697
2745.0,0.02,6,23.74,5.88888888889
2816.0,0.020202020202,5,18.29,6.13157894737
2695.0,0.020202020202,5,23.17,6.17073170732
2826.0,0.0206060606061,5,18.31,6.53658536585
2734.0,0.020404040404,6,23.24,6.02777777778
2182.0,0.02,5,23.87,6.29411764706
2119.0,0.02,9,23.51,6.71428571429
