weight,density,degree,runtime,stretch
2893.0,0.04,5,1.41,3.58620689655
2816.0,0.04,6,1.41,5.79104477612
3046.0,0.04,5,1.48,4.81502890173
2995.0,0.04,4,1.42,5.97826086957
1998.0,0.04,5,1.43,6.28813559322
2813.0,0.04,4,1.81,5.12345679012
2528.0,0.04,4,1.76,5.07482993197
1887.0,0.04,4,1.64,9.0
2822.0,0.04,5,1.64,5.69736842105
2558.0,0.04,5,1.76,6.40217391304
