weight,density,degree,runtime,stretch
2398.0,0.04,6,2.17,4.6
1520.0,0.04,4,2.13,4.10769230769
2761.0,0.04,4,2.05,7.90625
1686.0,0.04,5,2.13,5.42857142857
2100.0,0.04,5,2.09,5.88461538462
1852.0,0.04,6,2.05,6.08823529412
2113.0,0.04,5,2.26,5.42857142857
1785.0,0.04,5,2.01,7.875
2250.0,0.04,6,2.12,7.08450704225
1540.0,0.04,5,2.13,5.81818181818
