weight,density,degree,runtime,stretch
2760.0,0.0242424242424,5,29.5,2.9
2945.0,0.0232323232323,6,30.05,2.9696969697
3031.0,0.0250505050505,7,31.63,2.9
3527.0,0.0252525252525,7,31.68,2.97727272727
2772.0,0.0238383838384,5,30.37,2.82716049383
2921.0,0.0238383838384,5,30.02,3.0
2176.0,0.0236363636364,7,30.48,3.0
2660.0,0.0242424242424,6,30.47,2.97619047619
2784.0,0.0226262626263,5,28.55,2.95
3367.0,0.0244444444444,6,30.07,2.98148148148
