weight,density,degree,runtime,stretch
1786.0,0.04,5,2.54,3.68115942029
2958.0,0.0408163265306,5,2.53,4.76635514019
2189.0,0.04,5,2.05,4.78723404255
2518.0,0.0408163265306,4,2.03,4.33333333333
2394.0,0.0416326530612,6,2.12,4.68965517241
2498.0,0.0408163265306,5,2.19,4.92222222222
2505.0,0.04,5,1.9,4.26
2206.0,0.0408163265306,4,2.06,4.77173913043
3088.0,0.0416326530612,5,2.19,4.42528735632
2243.0,0.04,5,2.45,4.51162790698
