weight,density,degree,runtime,stretch
1560.0,0.0266666666667,5,18.56,6.23214285714
1151.0,0.0266666666667,6,19.47,5.58823529412
1262.0,0.027027027027,5,15.09,6.60869565217
1241.0,0.027027027027,7,19.44,4.53333333333
1148.0,0.0266666666667,6,18.84,5.82142857143
1512.0,0.027027027027,5,15.0,5.66037735849
1217.0,0.0273873873874,5,18.85,5.875
1359.0,0.0273873873874,5,19.11,6.28571428571
1281.0,0.0266666666667,5,18.65,6.72727272727
1507.0,0.027027027027,5,15.12,5.87878787879
