weight,density,degree,runtime,stretch
953.0,0.08,6,0.072066,2.50537634409
1546.0,0.08,4,0.067931,4.87333333333
1596.0,0.08,5,0.069262,5.42857142857
1176.0,0.08,4,0.075972,5.296875
1039.0,0.08,4,0.070904,3.75630252101
1320.0,0.08,5,0.072907,3.01234567901
1434.0,0.08,4,0.073377,3.65591397849
