weight,density,degree,runtime,stretch
2537.0,0.0266666666667,5,7.17,6.83333333333
1977.0,0.0266666666667,4,7.14,10.0930232558
1901.0,0.0266666666667,5,7.37,7.9512195122
2376.0,0.0266666666667,6,7.76,4.78787878788
1658.0,0.0266666666667,4,7.57,6.8275862069
2106.0,0.0266666666667,5,5.96,6.26923076923
2158.0,0.0266666666667,5,5.96,8.65714285714
1873.0,0.0266666666667,5,7.37,6.26923076923
2106.0,0.0266666666667,5,7.18,6.31578947368
1666.0,0.0266666666667,6,7.25,6.0
