weight,density,degree,runtime,stretch
2562.0,0.020202020202,5,15.77,8.86274509804
2476.0,0.02,5,16.27,6.94117647059
2471.0,0.02,5,15.7,6.81481481481
2598.0,0.02,5,15.87,7.62264150943
2493.0,0.02,6,15.96,8.93939393939
2440.0,0.02,5,15.79,7.05405405405
2340.0,0.02,4,15.73,7.71929824561
2392.0,0.02,7,15.85,7.525
2219.0,0.02,5,16.24,5.14285714286
2400.0,0.02,5,16.36,5.97435897436
