weight,density,degree,runtime,stretch
1367.0,0.08,4,0.030073,3.72268907563
weight,density,degree,runtime,stretch
1170.0,0.0866666666667,4,0.03351,2.74074074074
