weight,density,degree,runtime,stretch
2738.0,0.0194838709677,6,60.08,2.88636363636
2647.0,0.0198709677419,6,62.66,3.0
2770.0,0.0193548387097,6,62.14,2.97826086957
3508.0,0.02,5,62.49,2.97368421053
2843.0,0.0193548387097,7,49.69,3.0
2400.0,0.0187096774194,5,60.26,3.0
3121.0,0.0198709677419,6,63.46,2.96551724138
3371.0,0.0194838709677,6,61.63,3.0
2785.0,0.0189677419355,6,53.16,3.0
2759.0,0.0194838709677,7,49.26,3.0
