weight,density,degree,runtime,stretch
1402.0,0.0161290322581,5,45.03,7.05882352941
1291.0,0.0161290322581,5,44.53,8.125
