weight,density,degree,runtime,stretch
2648.0,0.4,4,0.000697000000001,1.95161290323
2277.0,0.333333333333,3,0.000672,1.0
2635.0,0.4,4,0.000788,1.0
2622.0,0.466666666667,3,0.000715,1.0
1583.0,0.333333333333,4,0.000684,1.61432506887
3911.0,0.533333333333,3,0.000879000000001,1.0
2283.0,0.4,4,0.000770000000001,1.14140386572
2692.0,0.466666666667,4,0.000715999999999,1.11836734694
1638.0,0.333333333333,3,0.000651000000001,1.83417085427
1780.0,0.333333333333,2,0.000781,2.29931034483
