weight,density,degree,runtime,stretch
4937.0,0.333333333333,4,0.00118,1.72900763359
4068.0,0.361111111111,4,0.001268,2.33603238866
1433.0,0.25,3,0.001204,1.63428571429
3593.0,0.361111111111,4,0.001047,1.0
2206.0,0.305555555556,4,0.00181,1.25384615385
1920.0,0.25,4,0.001041,1.7581300813
1352.0,0.222222222222,5,0.001164,1.11207970112
3196.0,0.333333333333,4,0.001207,1.11922503726
4374.0,0.361111111111,5,0.001086,1.43957703927
2039.0,0.25,3,0.001222,1.07755102041
