weight,density,degree,runtime,stretch
2985.0,0.428571428571,4,0.001158,2.448
4160.0,0.392857142857,4,0.001083,1.59820089955
1103.0,0.285714285714,3,0.001193,1.5069124424
3531.0,0.392857142857,4,0.00188,1.41911764706
1348.0,0.285714285714,5,0.001119,1.12797619048
2064.0,0.285714285714,3,0.001103,1.02760351317
1412.0,0.321428571429,5,0.001896,1.0
2120.0,0.321428571429,5,0.001251,1.0
2384.0,0.357142857143,4,0.001028,1.0
2429.0,0.285714285714,4,0.001051,1.67897727273
