weight,density,degree,runtime,stretch
2293.0,0.466666666667,3,0.000518,1.0
1605.0,0.4,3,0.000471,1.25
1605.0,0.4,3,0.00045,1.25
1698.0,0.4,3,0.00042,1.15798319328
1698.0,0.4,3,0.000774,1.15798319328
2293.0,0.466666666667,3,0.000471,1.0
2293.0,0.466666666667,3,0.000493,1.0
1698.0,0.4,3,0.000425,1.15798319328
2293.0,0.466666666667,3,0.000507,1.0
1698.0,0.4,3,0.000474,1.15798319328
