weight,density,degree,runtime,stretch
1736.0,0.333333333333,4,0.000776,1.0
1736.0,0.333333333333,4,0.000573,1.0
1736.0,0.333333333333,4,0.000638,1.0
1736.0,0.333333333333,4,0.000749,1.0
1736.0,0.333333333333,4,0.000829,1.0
1736.0,0.333333333333,4,0.000585,1.0
1736.0,0.333333333333,4,0.000557,1.0
1736.0,0.333333333333,4,0.000601,1.0
1736.0,0.333333333333,4,0.000644,1.0
1736.0,0.333333333333,4,0.00064,1.0
