weight,density,degree,runtime,stretch
2251.0,0.305555555556,4,0.001377,1.63354037267
801.0,0.277777777778,4,0.001571,1.0
5033.0,0.388888888889,5,0.001483,1.16232771822
1364.0,0.25,4,0.001555,2.43083003953
803.0,0.222222222222,4,0.001361,1.51916376307
1323.0,0.277777777778,4,0.001485,1.0
1817.0,0.277777777778,4,0.001524,1.0
1548.0,0.25,4,0.001699,1.47491638796
3864.0,0.333333333333,4,0.001413,2.19499105546
1473.0,0.277777777778,4,0.002099,1.0
