weight,density,degree,runtime,stretch
1116.0,0.4,3,0.000519,1.0
2265.0,0.466666666667,4,0.00053,1.66743119266
1819.0,0.4,3,0.000527,1.68160741886
1807.0,0.466666666667,4,0.000576,1.0
3238.0,0.533333333333,4,0.000546,1.86512524085
1778.0,0.4,4,0.00052,1.48353293413
1074.0,0.4,3,0.000509,1.19570405728
547.0,0.4,3,0.000571,1.0
935.0,0.4,3,0.000652,1.0
4537.0,0.533333333333,4,0.000487,1.68064516129
