weight,density,degree,runtime,stretch
6333.0,0.428571428571,4,0.001289,1.35625704622
6576.0,0.5,5,0.000761,1.0
5361.0,0.392857142857,4,0.000644,1.98378378378
5706.0,0.428571428571,5,0.000665,1.73913043478
5914.0,0.392857142857,5,0.000783,1.0
4149.0,0.321428571429,3,0.000561,1.0
6788.0,0.428571428571,5,0.000631,1.5686695279
2198.0,0.285714285714,4,0.000707,1.16377171216
4104.0,0.357142857143,4,0.000622,1.24229979466
5241.0,0.392857142857,4,0.000724,1.29634464752
