weight,density,degree,runtime,stretch
736.0,0.5,2,0.000857,1.0
334.0,0.5,2,0.00085,1.0
568.0,0.5,3,0.000832000000001,1.0
3057.0,0.833333333333,3,0.000491,1.0
1190.0,0.5,2,0.000575,1.55149934811
1025.0,0.5,3,0.000522,1.15755208333
3581.0,1.0,3,0.000532,1.0
899.0,0.5,2,0.000448,1.0
454.0,0.5,2,0.000871999999999,1.15228426396
406.0,0.5,3,0.000897,1.0
