weight,density,degree,runtime,stretch
730.0,0.285714285714,3,0.000833999999999,1.0
1261.0,0.285714285714,3,0.000747,1.0
2020.0,0.333333333333,3,0.001872,1.56175298805
2385.0,0.380952380952,3,0.002018,1.94219653179
1720.0,0.333333333333,4,0.001736,1.0
3037.0,0.333333333333,4,0.001944,1.0
1470.0,0.333333333333,3,0.00238,1.0
1182.0,0.380952380952,5,0.001,1.02865329513
1817.0,0.333333333333,3,0.00084,1.0
2957.0,0.428571428571,4,0.00074,1.0
