weight,density,degree,runtime,stretch
444.0,0.222222222222,3,0.001422,1.47101449275
2324.0,0.277777777778,4,0.001309,2.02877697842
2177.0,0.333333333333,4,0.001254,1.0
743.0,0.277777777778,4,0.001387,1.0
4916.0,0.416666666667,5,0.001271,2.18791946309
4533.0,0.333333333333,4,0.001256,1.74911660777
4347.0,0.361111111111,5,0.001268,1.69565217391
5822.0,0.388888888889,6,0.001285,1.21030927835
2341.0,0.305555555556,5,0.001441,1.32325141777
1190.0,0.25,4,0.001274,1.46028037383
