weight,density,degree,runtime,stretch
1430.0,0.5,2,0.000417000000001,1.0
930.0,0.5,2,0.000373,1.17424242424
1815.0,0.5,3,0.000433,1.0
1681.0,0.5,2,0.000396,1.0
168.0,0.5,2,0.000415,1.0
993.0,0.5,2,0.000369,1.0
3239.0,0.833333333333,3,0.000402,2.21229050279
1806.0,0.666666666667,3,0.000408999999999,1.0
1468.0,0.5,3,0.000379,1.0
2572.0,0.666666666667,3,0.000392,1.0
