weight,density,degree,runtime,stretch
1821.0,0.5,3,0.000748,1.0
1727.0,0.4,4,0.000810000000001,1.64335664336
2832.0,0.6,3,0.00076,1.0
2529.0,0.6,3,0.000768000000001,1.0
1108.0,0.5,3,0.000862999999999,1.0
1470.0,0.5,3,0.000726999999999,1.0
1582.0,0.5,2,0.000675000000001,2.21472392638
2416.0,0.6,4,0.000723000000001,1.0
3054.0,0.6,3,0.000709000000001,1.0
3167.0,0.6,3,0.000679999999999,1.02467532468
