weight,density,degree,runtime,stretch
7147.0,0.133333333333,6,0.003708,2.61788617886
6856.0,0.13,7,0.00391499999999,1.99734748011
7009.0,0.133333333333,7,0.00393800000001,1.79840848806
6647.0,0.13,7,0.00343599999999,2.1875
7196.0,0.136666666667,7,0.003951,1.84343434343
7430.0,0.14,7,0.00380899999999,1.79840848806
7968.0,0.143333333333,7,0.00388,1.61914893617
5185.0,0.113333333333,7,0.00365099999999,1.99734748011
8080.0,0.143333333333,8,0.00405499999999,1.79840848806
7350.0,0.136666666667,7,0.00395800000001,2.72514619883
