weight,density,degree,runtime,stretch
3523.0,0.380952380952,3,0.001911,1.15020576132
1842.0,0.285714285714,4,0.000894000000001,1.33846153846
5996.0,0.47619047619,5,0.000874000000001,1.43392857143
1697.0,0.285714285714,2,0.001426,1.7387295082
3157.0,0.333333333333,3,0.000798,1.0
3438.0,0.380952380952,3,0.001424,2.0395256917
2095.0,0.380952380952,3,0.001482,1.0
2759.0,0.428571428571,3,0.001696,1.0
1629.0,0.333333333333,3,0.001499,1.24858757062
4892.0,0.380952380952,3,0.002301,1.66882067851
