weight,density,degree,runtime,stretch
7040.0,0.0460606060606,8,1.55,1.54666666667
5970.0,0.0444444444444,9,1.34,1.94339622642
5167.0,0.0426262626263,9,1.18,1.87878787879
6874.0,0.0486868686869,9,1.14,2.18181818182
6703.0,0.0454545454545,10,1.3,1.70731707317
6024.0,0.0414141414141,9,1.31,2.18367346939
8035.0,0.050101010101,13,1.04,1.89705882353
6107.0,0.0430303030303,9,1.19,1.86885245902
7028.0,0.0464646464646,11,1.23,1.82692307692
6284.0,0.0436363636364,9,1.23,2.01960784314
