weight,density,degree,runtime,stretch
1918.0,0.333333333333,4,0.000625,1.02852852853
1918.0,0.333333333333,4,0.000631,1.02852852853
1918.0,0.333333333333,4,0.000636,1.02852852853
2190.0,0.333333333333,4,0.001192,1.08121827411
1918.0,0.333333333333,4,0.000635,1.02852852853
2584.0,0.380952380952,4,0.000512,1.0
2584.0,0.380952380952,4,0.001298,1.0
1918.0,0.333333333333,4,0.000579,1.02852852853
2584.0,0.380952380952,4,0.000757,1.0
2584.0,0.380952380952,4,0.000826,1.0
