weight,density,degree,runtime,stretch
2938.0,0.833333333333,3,0.000548999999999,1.0
3197.0,0.833333333333,3,0.000559000000001,1.0
1203.0,0.5,3,0.000527999999999,1.0
1580.0,0.666666666667,3,0.000542999999999,1.0
2495.0,0.833333333333,3,0.000547999999998,1.0
741.0,0.5,2,0.000528000000001,1.0
2310.0,0.666666666667,3,0.000567,1.41997729852
1803.0,0.666666666667,3,0.000549000000001,1.0
507.0,0.5,2,0.000543,1.0
506.0,0.666666666667,3,0.000554000000001,1.0
