weight,density,degree,runtime,stretch
weight,density,degree,runtime,stretch
8367.0,0.163333333333,6,0.007553,1.0
8367.0,0.163333333333,6,0.007516,1.0
8367.0,0.163333333333,6,0.007503,1.0
8367.0,0.163333333333,6,0.007498,1.0
8367.0,0.163333333333,6,0.007527,1.0
8367.0,0.163333333333,6,0.007538,1.0
8367.0,0.163333333333,6,0.007509,1.0
8367.0,0.163333333333,6,0.007511,1.0
8367.0,0.163333333333,6,0.00751,1.0
