weight,density,degree,runtime,stretch
6216.0,0.173333333333,7,0.004243,1.48728813559
5302.0,0.153333333333,6,0.003213,2.20652173913
4344.0,0.143333333333,7,0.002894,2.05576208178
4763.0,0.146666666667,8,0.002837,1.65934065934
5092.0,0.153333333333,7,0.003121,1.48728813559
5431.0,0.16,7,0.002877,1.84210526316
6777.0,0.183333333333,7,0.004897,1.1038961039
4613.0,0.14,6,0.002807,2.01162790698
4052.0,0.136666666667,8,0.002897,2.17045454545
5337.0,0.16,8,0.003494,1.48442906574
3998.0,0.14,6,0.004354,2.05576208178
weight,density,degree,runtime,stretch
4190.0,0.143333333333,7,0.004313,1.11255411255
4421.0,0.146666666667,7,0.003717,1.0
3650.0,0.133333333333,7,0.003664,1.54464285714
3908.0,0.14,7,0.00476,1.43258426966
4094.0,0.14,7,0.003357,1.30208333333
3808.0,0.136666666667,6,0.004157,1.30746268657
3050.0,0.123333333333,5,0.00279,2.21333333333
3735.0,0.136666666667,7,0.003398,1.49132947977
3938.0,0.136666666667,6,0.00314,1.65294117647
4325.0,0.143333333333,7,0.003555,1.30208333333
4011.0,0.14,7,0.003755,2.21333333333
