weight,density,degree,runtime,stretch
511.0,0.4,4,0.000429,1.0
511.0,0.4,4,0.000384,1.0
511.0,0.4,4,0.000357,1.0
511.0,0.4,4,0.000388,1.0
511.0,0.4,4,0.000391,1.0
511.0,0.4,4,0.000643,1.0
511.0,0.4,4,0.000413,1.0
511.0,0.4,4,0.000475,1.0
511.0,0.4,4,0.000349,1.0
511.0,0.4,4,0.000394,1.0
