weight,density,degree,runtime,stretch
2881.0,0.12,6,0.00336,1.68055555556
3379.0,0.13,7,0.003291,2.76829268293
2953.0,0.116666666667,6,0.003152,2.48076923077
3425.0,0.13,6,0.003508,1.93
3344.0,0.13,7,0.003591,1.2905982906
2894.0,0.116666666667,6,0.002912,2.48051948052
3434.0,0.126666666667,7,0.003509,2.17021276596
3200.0,0.126666666667,7,0.003546,1.36496350365
2751.0,0.116666666667,6,0.003167,2.38524590164
2805.0,0.113333333333,5,0.003152,2.48051948052
