weight,density,degree,runtime,stretch
903.0,0.285714285714,3,0.001105,1.0
2023.0,0.357142857143,5,0.001509,1.4
3242.0,0.464285714286,5,0.003242,1.74345549738
1196.0,0.25,4,0.000996000000001,1.43023255814
1858.0,0.357142857143,4,0.000919000000001,1.23100303951
3395.0,0.392857142857,4,0.000948999999999,1.56390977444
457.0,0.25,5,0.001126,1.29255319149
2228.0,0.357142857143,3,0.001219,1.08882082695
738.0,0.285714285714,3,0.000893,1.38495575221
991.0,0.285714285714,4,0.000862,1.05439330544
