weight,density,degree,runtime,stretch
882.0,0.285714285714,3,0.001572,1.0
3702.0,0.380952380952,3,0.001059,1.59113924051
1974.0,0.428571428571,5,0.001391,1.63375796178
2582.0,0.380952380952,3,0.001035,1.0
1466.0,0.285714285714,4,0.001016,1.48181818182
1478.0,0.380952380952,4,0.00119,1.0
640.0,0.333333333333,3,0.001077,1.0
3606.0,0.428571428571,4,0.000986999999999,1.41863699583
1974.0,0.333333333333,4,0.001085,1.79551820728
656.0,0.380952380952,3,0.001011,1.30769230769
