weight,density,degree,runtime,stretch
4052.0,0.321428571429,3,0.000924999999999,1.34744707347
2173.0,0.285714285714,3,0.001141,1.0
2629.0,0.321428571429,4,0.000900999999999,2.06835443038
2349.0,0.321428571429,5,0.000936000000001,1.0
7370.0,0.5,5,0.000916999999999,1.0
3301.0,0.321428571429,4,0.000960000000001,1.0
4400.0,0.285714285714,5,0.000813000000001,1.63647959184
1466.0,0.285714285714,4,0.000897,1.0
1573.0,0.25,3,0.00102,1.59287531807
3830.0,0.357142857143,4,0.001188,1.53512132822
