weight,density,degree,runtime,stretch
2802.0,0.321428571429,3,0.002003,1.0
2186.0,0.285714285714,3,0.001922,1.43181818182
2186.0,0.285714285714,3,0.001529,1.43181818182
2802.0,0.321428571429,3,0.001447,1.0
2802.0,0.321428571429,3,0.00163,1.0
2186.0,0.285714285714,3,0.001217,1.43181818182
2802.0,0.321428571429,3,0.001208,1.0
2802.0,0.321428571429,3,0.000791,1.0
1546.0,0.25,3,0.000731,1.43181818182
2186.0,0.285714285714,3,0.000848000000001,1.43181818182
