weight,density,degree,runtime,stretch
4742.0,0.136666666667,7,0.04,2.31818181818
3951.0,0.123333333333,6,0.04,1.92857142857
8336.0,0.163333333333,7,0.04,1.81762917933
8824.0,0.163333333333,8,0.04,2.70697674419
3771.0,0.103333333333,6,0.04,2.03846153846
3845.0,0.123333333333,6,0.04,1.9619047619
3035.0,0.106666666667,4,0.04,2.19072164948
6220.0,0.14,8,0.04,1.871886121
6970.0,0.133333333333,8,0.04,1.76018099548
7841.0,0.146666666667,7,0.04,1.68707482993
