weight,density,degree,runtime,stretch
2378.0,0.666666666667,2,0.000883000000002,1.0
2273.0,0.5,2,0.000839000000001,1.0
1117.0,0.5,2,0.000878,2.15711252654
656.0,0.5,2,0.000509000000001,1.0
913.0,0.5,2,0.000584,1.0
977.0,0.5,2,0.000712999999999,1.0
1499.0,0.5,2,0.000484,1.0
1433.0,0.5,2,0.000455000000001,1.0
1681.0,0.5,2,0.000423999999999,1.0
809.0,0.5,2,0.000420999999999,1.0
