weight,density,degree,runtime,stretch
5105.0,0.17,7,0.003926,1.51748251748
4495.0,0.156666666667,7,0.004338,1.93495934959
4863.0,0.166666666667,7,0.00465,2.25954198473
4088.0,0.15,7,0.003666,1.51748251748
3875.0,0.143333333333,7,0.003333,2.25954198473
4020.0,0.15,7,0.003099,1.51748251748
4266.0,0.153333333333,7,0.00307,1.63716814159
4845.0,0.163333333333,7,0.003904,1.63716814159
4462.0,0.156666666667,7,0.003964,2.58870967742
5355.0,0.176666666667,7,0.005241,1.51748251748
2853.0,0.123333333333,7,0.003121,2.39097744361
weight,density,degree,runtime,stretch
3786.0,0.14,6,0.003605,1.70899470899
4480.0,0.153333333333,6,0.004082,1.59090909091
3421.0,0.136666666667,6,0.003188,1.63265306122
3524.0,0.133333333333,6,0.003757,2.18656716418
4404.0,0.153333333333,6,0.003846,1.38709677419
5042.0,0.163333333333,6,0.004016,1.18269230769
3870.0,0.136666666667,5,0.003063,2.18656716418
4973.0,0.16,6,0.004162,1.68260869565
4635.0,0.156666666667,6,0.004019,1.38709677419
3895.0,0.143333333333,6,0.00313,2.18656716418
4916.0,0.16,6,0.004522,1.81746031746
