weight,density,degree,runtime,stretch
3696.0,0.069387755102,7,0.17,2.75
2771.0,0.0587755102041,7,0.16,2.50746268657
4160.0,0.0685714285714,6,0.17,2.07619047619
4785.0,0.0775510204082,8,0.199999999999,2.13114754098
3937.0,0.0604081632653,7,0.210000000001,2.43119266055
3824.0,0.0644897959184,6,0.24,2.07142857143
3582.0,0.065306122449,7,0.279999999999,2.375
5689.0,0.0808163265306,9,0.210000000001,3.0
4836.0,0.0702040816327,8,0.199999999999,1.62105263158
4670.0,0.0685714285714,6,0.24,2.18644067797
