weight,density,degree,runtime,stretch
2700.0,0.428571428571,4,0.001075,1.0
1351.0,0.333333333333,3,0.000871,2.02640264026
949.0,0.285714285714,3,0.000888,1.93285371703
2115.0,0.47619047619,4,0.001839,1.0
1606.0,0.380952380952,3,0.001547,1.07610993658
1227.0,0.380952380952,3,0.000875000000001,1.0
8486.0,0.714285714286,5,0.000937,1.34988452656
704.0,0.285714285714,3,0.001905,1.0
654.0,0.333333333333,3,0.001116,1.0
2752.0,0.428571428571,3,0.00138,1.0
