weight,density,degree,runtime,stretch
1168.0,0.5,3,0.000711,1.3864229765
1551.0,0.6,3,0.000778,1.0
1551.0,0.6,3,0.000717,1.0
1168.0,0.5,3,0.000715,1.3864229765
1168.0,0.5,3,0.000664,1.3864229765
1551.0,0.6,3,0.0013,1.0
1223.0,0.5,3,0.000784,1.36585365854
1551.0,0.6,3,0.000697,1.0
1226.0,0.5,3,0.001061,1.38769230769
1551.0,0.6,3,0.000705,1.0
