weight,density,degree,runtime,stretch
1838.0,0.466666666667,3,0.001027,1.0
1526.0,0.4,3,0.000961,1.97115384615
1120.0,0.333333333333,3,0.000913,2.73722627737
1838.0,0.466666666667,3,0.001156,1.0
1394.0,0.4,3,0.001008,1.08783783784
1838.0,0.466666666667,3,0.000908,1.0
1838.0,0.466666666667,3,0.001212,1.0
1838.0,0.466666666667,3,0.000976,1.0
1564.0,0.4,3,0.001627,2.73722627737
1838.0,0.466666666667,3,0.001703,1.0
