weight,density,degree,runtime,stretch
2128.0,0.5,3,0.00038,1.06353240152
2915.0,0.6,3,0.000347,1.0
2253.0,0.5,3,0.000353,1.80362537764
2915.0,0.6,3,0.000331,1.0
2915.0,0.6,3,0.00036,1.0
2915.0,0.6,3,0.000368,1.0
2915.0,0.6,3,0.000347,1.0
2128.0,0.5,3,0.000344,1.06353240152
2128.0,0.5,3,0.000409,1.06353240152
2915.0,0.6,3,0.000372,1.0
