weight,density,degree,runtime,stretch
4190.0,0.13,8,0.003477,2.28448275862
4444.0,0.146666666667,8,0.004276,1.91082802548
3690.0,0.136666666667,8,0.004103,1.54347826087
5595.0,0.153333333333,8,0.004332,1.56451612903
3410.0,0.126666666667,8,0.003511,2.11895910781
3655.0,0.133333333333,8,0.004163,2.14736842105
4326.0,0.143333333333,8,0.003982,1.51282051282
3270.0,0.116666666667,8,0.003619,2.81896551724
3942.0,0.133333333333,7,0.004022,2.32352941176
4917.0,0.143333333333,8,0.004149,1.71428571429
