weight,density,degree,runtime,stretch
623.0,0.4,3,0.000515,1.0
623.0,0.4,3,0.000386,1.0
623.0,0.4,3,0.000432,1.0
623.0,0.4,3,0.000761,1.0
623.0,0.4,3,0.000476,1.0
623.0,0.4,3,0.000434,1.0
623.0,0.4,3,0.000483,1.0
623.0,0.4,3,0.000382,1.0
623.0,0.4,3,0.000844,1.0
623.0,0.4,3,0.000495,1.0
