weight,density,degree,runtime,stretch
2432.0,0.7,3,0.000555,1.0
5158.0,0.8,4,0.000554,1.0
1798.0,0.5,3,0.00037,1.0
1694.0,0.5,3,0.000493,1.0
4098.0,0.7,3,0.000379,1.0
1447.0,0.5,3,0.000371,1.29769392034
3628.0,0.7,3,0.000387,1.0
7292.0,1.0,4,0.000401,1.0
2421.0,0.6,3,0.000347,1.25094102886
274.0,0.4,3,0.000431,1.0
