weight,density,degree,runtime,stretch
1101.0,0.4,3,0.000737000000001,1.0
4382.0,0.8,4,0.000663999999999,1.0
2734.0,0.5,2,0.000608,1.87429378531
2285.0,0.5,3,0.000916,1.07574094402
2139.0,0.5,4,0.000629000000002,1.0
2390.0,0.5,3,0.000583000000001,1.70784641068
532.0,0.4,3,0.000966999999999,1.0
1791.0,0.5,3,0.000897999999999,1.0
1893.0,0.5,3,0.000698,1.56921086675
1944.0,0.5,3,0.000658,1.0
