weight,density,degree,runtime,stretch
177.0,0.5,2,0.000578000000001,1.0
2763.0,1.0,3,0.000570999999999,1.0
4129.0,0.833333333333,3,0.000506000000001,1.66086065574
2522.0,0.833333333333,3,0.000609000000001,1.0
1171.0,0.833333333333,3,0.000683,1.0
3349.0,0.833333333333,3,0.000539999999999,1.33642691415
1924.0,0.666666666667,3,0.000608,1.51737967914
1170.0,0.666666666667,3,0.000553,1.0
501.0,0.666666666667,2,0.000603,1.0
1106.0,0.666666666667,3,0.000592000000001,1.0
