weight,density,degree,runtime,stretch
2844.0,0.5,3,0.000708,1.0
2844.0,0.5,3,0.001348,1.0
2844.0,0.5,3,0.000781,1.0
2844.0,0.5,3,0.000773,1.0
1910.0,0.4,3,0.000711,2.04068522484
2844.0,0.5,3,0.000739,1.0
2844.0,0.5,3,0.000783,1.0
2844.0,0.5,3,0.000753,1.0
2844.0,0.5,3,0.000704,1.0
2844.0,0.5,3,0.000756,1.0
