weight,density,degree,runtime,stretch
3350.0,0.533333333333,4,0.000659,1.0
2699.0,0.466666666667,3,0.000603,1.18740399386
2699.0,0.466666666667,3,0.000586,1.18740399386
3350.0,0.533333333333,4,0.000622,1.0
3350.0,0.533333333333,4,0.000647,1.0
3350.0,0.533333333333,4,0.000675,1.0
3350.0,0.533333333333,4,0.000668,1.0
2699.0,0.466666666667,3,0.000578,1.18740399386
2699.0,0.466666666667,3,0.000765,1.18740399386
3350.0,0.533333333333,4,0.001276,1.0
