weight,density,degree,runtime,stretch
6370.0,0.392857142857,4,0.000850000000001,1.70220588235
3332.0,0.321428571429,4,0.000724,1.67950963222
2176.0,0.321428571429,3,0.000769,1.84647302905
2873.0,0.285714285714,3,0.00079,1.81290322581
3617.0,0.25,5,0.000708,1.67319277108
3549.0,0.321428571429,4,0.001776,1.23868312757
4905.0,0.392857142857,3,0.001073,1.0
7727.0,0.392857142857,4,0.000742,2.35593220339
3733.0,0.321428571429,4,0.000714,1.88337468983
1431.0,0.321428571429,4,0.000816,1.22277227723
