weight,density,degree,runtime,stretch
2380.0,0.4,4,0.00058,1.39060402685
1976.0,0.4,4,0.000700999999999,1.65705128205
2864.0,0.466666666667,3,0.00068,1.0
834.0,0.4,3,0.000662,1.0
6310.0,0.533333333333,3,0.000635,2.26825842697
1328.0,0.333333333333,3,0.00054,1.75172413793
1170.0,0.4,3,0.00066,1.0
1025.0,0.333333333333,4,0.000764,1.17915309446
2165.0,0.533333333333,3,0.000759,1.32142857143
627.0,0.333333333333,3,0.00074,1.0
