weight,density,degree,runtime,stretch
2686.0,0.6,4,0.000718,1.56574394464
2184.0,0.5,3,0.000668,2.08823529412
2117.0,0.5,3,0.000732,1.83079526227
3775.0,0.8,4,0.000753,1.42639593909
3918.0,0.8,4,0.000788,2.18973214286
3277.0,0.7,4,0.000733,1.56574394464
3771.0,0.8,4,0.000755,1.40168067227
2628.0,0.6,3,0.000733,1.83079526227
3771.0,0.8,4,0.000741,1.40168067227
3277.0,0.7,4,0.000793,1.56574394464
