weight,density,degree,runtime,stretch
1774.0,0.5,3,0.000698,1.0
1984.0,0.4,3,0.000679999999999,1.84787472036
1172.0,0.5,4,0.000788,1.0
922.0,0.4,3,0.000788,1.0
2876.0,0.6,3,0.000826999999999,1.0
2455.0,0.5,4,0.000609000000001,1.98426573427
2571.0,0.6,3,0.000811000000001,1.0
1142.0,0.5,3,0.000716000000001,1.0
1878.0,0.5,3,0.000713000000001,1.01044932079
2235.0,0.6,3,0.000755,1.0
