weight,density,degree,runtime,stretch
5190.0,0.133333333333,7,0.04,1.9203187251
3268.0,0.116666666667,6,0.03,2.6
6501.0,0.156666666667,8,0.05,2.01324503311
3326.0,0.14,6,0.06,2.52688172043
3361.0,0.14,6,0.05,1.81443298969
3127.0,0.113333333333,5,0.06,1.41525423729
4406.0,0.12,5,0.03,2.59349593496
4137.0,0.136666666667,8,0.03,2.36440677966
3970.0,0.143333333333,6,0.05,1.5390625
4232.0,0.126666666667,7,0.03,2.03947368421
