weight,density,degree,runtime,stretch
3184.0,0.4,3,0.000996,1.88665447898
3169.0,0.4,2,0.000555,1.80960854093
3731.0,0.466666666667,3,0.00051,1.0
3731.0,0.466666666667,3,0.000656,1.0
3731.0,0.466666666667,3,0.000601,1.0
3731.0,0.466666666667,3,0.000687,1.0
3731.0,0.466666666667,3,0.000539,1.0
3169.0,0.4,2,0.000469,1.80960854093
3731.0,0.466666666667,3,0.000512,1.0
3731.0,0.466666666667,3,0.000651,1.0
