weight,density,degree,runtime,stretch
6365.0,0.0808163265306,10,0.25,2.57894736842
2621.0,0.0612244897959,9,0.2,3.0
5715.0,0.0759183673469,9,0.21,2.20224719101
3331.0,0.0669387755102,8,0.21,2.61111111111
3590.0,0.0677551020408,7,0.24,3.42857142857
4346.0,0.0710204081633,9,0.24,2.44615384615
3625.0,0.0669387755102,6,0.2,3.2
3614.0,0.0661224489796,9,0.25,3.2131147541
2315.0,0.0530612244898,6,0.21,2.67391304348
3569.0,0.0669387755102,6,0.2,2.82857142857
