weight,density,degree,runtime,stretch
5709.0,0.0873469387755,8,0.32,1.53409090909
5131.0,0.08,8,0.37,1.40540540541
6725.0,0.0897959183673,10,0.28,1.61607142857
5835.0,0.0865306122449,10,0.32,1.81451612903
6500.0,0.0873469387755,8,0.24,1.70175438596
5800.0,0.0808163265306,8,0.19,1.5
5081.0,0.0791836734694,9,0.33,1.34545454545
5862.0,0.0824489795918,8,0.27,1.77380952381
6006.0,0.0857142857143,8,0.29,1.53846153846
5397.0,0.0848979591837,10,0.28,1.74257425743
