weight,density,degree,runtime,stretch
722.0,0.4,2,0.000395,1.0
722.0,0.4,2,0.000348,1.0
722.0,0.4,2,0.000392,1.0
722.0,0.4,2,0.000405,1.0
722.0,0.4,2,0.000364,1.0
722.0,0.4,2,0.000368,1.0
722.0,0.4,2,0.000368,1.0
722.0,0.4,2,0.000446,1.0
722.0,0.4,2,0.000454,1.0
722.0,0.4,2,0.00038,1.0
