weight,density,degree,runtime,stretch
1299.0,0.4,4,0.000625,1.0
1299.0,0.4,4,0.000584,1.0
1299.0,0.4,4,0.001155,1.0
1299.0,0.4,4,0.000557,1.0
816.0,0.333333333333,4,0.000561,1.52587991718
1299.0,0.4,4,0.000613,1.0
1299.0,0.4,4,0.000802,1.0
1299.0,0.4,4,0.000573,1.0
1299.0,0.4,4,0.000576,1.0
1299.0,0.4,4,0.000549,1.0
