weight,density,degree,runtime,stretch
1301.0,0.5,3,0.001026,1.0
1301.0,0.5,3,0.00109,1.0
876.0,0.4,3,0.001054,1.16235294118
876.0,0.4,3,0.001177,1.16235294118
1301.0,0.5,3,0.000896,1.0
1301.0,0.5,3,0.000901,1.0
1301.0,0.5,3,0.000549,1.0
1301.0,0.5,3,0.000573,1.0
1301.0,0.5,3,0.000573,1.0
1301.0,0.5,3,0.000617,1.0
