weight,density,degree,runtime,stretch
3791.0,0.11,5,0.004282,2.54716981132
5610.0,0.133333333333,6,0.00483200000001,1.55502392344
6227.0,0.143333333333,6,0.00449900000001,2.37387387387
4210.0,0.116666666667,6,0.00432000000001,2.49528301887
4167.0,0.116666666667,6,0.004642,1.82296650718
5424.0,0.126666666667,6,0.00474,1.82417582418
4050.0,0.113333333333,6,0.004548,2.6359223301
4532.0,0.123333333333,5,0.004689,1.83566433566
4436.0,0.12,6,0.004982,2.59708737864
3871.0,0.11,6,0.00442000000001,1.82417582418
