weight,density,degree,runtime,stretch
3338.0,0.428571428571,4,0.002131,1.0
3338.0,0.428571428571,4,0.001697,1.0
3338.0,0.428571428571,4,0.00237,1.0
3027.0,0.380952380952,3,0.001216,1.81350482315
3338.0,0.428571428571,4,0.004815,1.0
3338.0,0.428571428571,4,0.002113,1.0
3338.0,0.428571428571,4,0.00361,1.0
2069.0,0.333333333333,3,0.001912,1.92642140468
3039.0,0.380952380952,3,0.002106,1.92642140468
3338.0,0.428571428571,4,0.00494,1.0
