weight,density,degree,runtime,stretch
13550.0,0.21,8,0.009449,1.0
22207.0,0.256666666667,11,0.007637,1.0
16308.0,0.23,10,0.00743,1.0
15444.0,0.223333333333,10,0.009264,1.0
14934.0,0.216666666667,8,0.007531,1.0
11325.0,0.196666666667,9,0.007437,1.0
21844.0,0.236666666667,11,0.007128,1.0
16553.0,0.24,8,0.007244,1.0
20644.0,0.26,11,0.007006,1.0
8772.0,0.173333333333,8,0.007558,1.0
15263.0,0.226666666667,10,0.007572,1.0
