weight,density,degree,runtime,stretch
545.0,0.5,2,0.000535,1.0
898.0,0.666666666667,3,0.000388,1.11796246649
741.0,0.5,2,0.000372,1.1856
3249.0,0.833333333333,3,0.000371,1.0
960.0,0.5,2,0.000392,1.71428571429
1839.0,0.666666666667,2,0.000393,1.0
1390.0,0.5,2,0.000362,1.49946062567
4675.0,1.0,3,0.000383999999999,1.0
808.0,0.5,3,0.000371,1.36880733945
2356.0,0.666666666667,2,0.000349,1.293622142
