weight,density,degree,runtime,stretch
3987.0,0.305555555556,5,0.000722,1.0
5482.0,0.305555555556,4,0.000941,1.0
4128.0,0.333333333333,4,0.000874,1.5726618705
4285.0,0.305555555556,5,0.000902999999999,1.67613636364
1528.0,0.333333333333,4,0.000971000000001,1.0
4886.0,0.305555555556,4,0.000748,1.45578947368
6707.0,0.333333333333,5,0.000742,1.0
5017.0,0.361111111111,5,0.001027,1.16478555305
2841.0,0.305555555556,4,0.000864,1.0
2913.0,0.25,4,0.000766,1.49111470113
