weight,density,degree,runtime,stretch
4369.0,0.333333333333,5,0.00093,1.28296703297
3207.0,0.361111111111,5,0.00107,1.40740740741
4302.0,0.333333333333,5,0.001014,1.91106290672
2626.0,0.305555555556,5,0.000935,1.0
2884.0,0.333333333333,4,0.001097,1.4632034632
3873.0,0.361111111111,4,0.001161,1.0
3499.0,0.361111111111,5,0.00095,1.11652542373
1653.0,0.333333333333,5,0.001127,2.06071428571
3975.0,0.333333333333,4,0.000875,2.08011049724
1138.0,0.222222222222,3,0.001379,1.75492341357
