weight,density,degree,runtime,stretch
1933.0,0.533333333333,4,0.000594,1.0
1188.0,0.4,3,0.000402,1.5145631068
1933.0,0.533333333333,4,0.000456,1.0
1933.0,0.533333333333,4,0.000489,1.0
1933.0,0.533333333333,4,0.000848,1.0
1624.0,0.466666666667,3,0.00121,1.5145631068
1497.0,0.466666666667,4,0.000552,1.27752293578
1623.0,0.466666666667,3,0.000457,1.25483870968
1933.0,0.533333333333,4,0.000518,1.0
1497.0,0.466666666667,4,0.001484,1.27752293578
