weight,density,degree,runtime,stretch
2270.0,0.466666666667,3,0.000706,1.0
1869.0,0.4,3,0.00058,1.86284289277
1648.0,0.4,3,0.000827,1.42926045016
1869.0,0.4,3,0.000584,1.86284289277
1648.0,0.4,3,0.000674,1.42926045016
1648.0,0.4,3,0.000675,1.42926045016
2270.0,0.466666666667,3,0.000613,1.0
1648.0,0.4,3,0.001104,1.42926045016
2270.0,0.466666666667,3,0.000716,1.0
2270.0,0.466666666667,3,0.00069,1.0
