weight,density,degree,runtime,stretch
4134.0,0.14,6,0.004003,2.28723404255
4167.0,0.143333333333,6,0.00487,2.08219178082
4814.0,0.156666666667,7,0.005178,1.27860696517
4714.0,0.153333333333,6,0.005311,2.08219178082
3633.0,0.136666666667,7,0.004084,2.08219178082
3959.0,0.14,7,0.00497499999999,2.28947368421
4775.0,0.153333333333,7,0.004722,1.61627906977
5152.0,0.16,6,0.00485399999999,1.99056603774
4596.0,0.15,7,0.005104,2.8625
2949.0,0.116666666667,5,0.003942,2.53773584906
4688.0,0.153333333333,6,0.004664,1.27860696517
