weight,density,degree,runtime,stretch
1834.0,0.428571428571,4,0.000646,1.0
2155.0,0.428571428571,4,0.000664,1.0
2429.0,0.428571428571,4,0.000656,1.24919093851
2658.0,0.380952380952,3,0.00056,1.12721893491
3371.0,0.380952380952,3,0.000654,1.5046113307
3955.0,0.428571428571,3,0.000595,1.31560891938
1514.0,0.333333333333,4,0.001282,1.0
2789.0,0.428571428571,4,0.001119,1.0
2891.0,0.428571428571,3,0.000657,1.0
3931.0,0.47619047619,4,0.001226,2.17105263158
