weight,density,degree,runtime,stretch
4799.0,0.464285714286,5,0.001291,1.09259259259
2514.0,0.357142857143,4,0.001905,1.64879356568
2738.0,0.357142857143,5,0.001445,1.9346092504
4335.0,0.392857142857,5,0.00151,1.73755656109
4332.0,0.464285714286,5,0.002392,1.18331226296
4067.0,0.428571428571,4,0.001109,1.32452830189
2534.0,0.321428571429,4,0.001012,2.15151515152
4388.0,0.464285714286,6,0.001001,1.6835106383
4799.0,0.464285714286,5,0.001109,1.09259259259
4762.0,0.5,6,0.001058,1.18181818182
