weight,density,degree,runtime,stretch
1900.0,0.11,6,0.00834500000001,2.25
3318.0,0.12,6,0.006972,1.82710280374
2992.0,0.12,7,0.00619999999999,2.79194630872
2797.0,0.12,8,0.007524,1.62264150943
4022.0,0.153333333333,6,0.011803,1.28021978022
3058.0,0.12,5,0.010093,2.02985074627
2807.0,0.116666666667,7,0.00693099999999,1.88601036269
3021.0,0.126666666667,6,0.00754999999999,1.47247706422
