weight,density,degree,runtime,stretch
3144.0,0.5,3,0.001469,1.0
2428.0,0.5,3,0.001323,1.0
1287.0,0.4,2,0.000648,1.3125
808.0,0.4,3,0.001493,1.0
1599.0,0.5,3,0.001189,1.13714285714
3741.0,0.7,4,0.000622,1.79716024341
2446.0,0.5,4,0.00113,1.02173913043
4437.0,0.6,4,0.00107,1.69709989259
1864.0,0.5,3,0.000997,1.80456026059
1337.0,0.5,3,0.000793,2.18181818182
