weight,density,degree,runtime,stretch
6916.0,0.0816326530612,7,0.17,1.99099099099
5682.0,0.0710204081633,6,0.16,2.19642857143
3971.0,0.069387755102,7,0.13,2.12068965517
4199.0,0.0685714285714,7,0.13,2.06593406593
4006.0,0.0742857142857,9,0.14,2.10344827586
3105.0,0.0595918367347,7,0.13,2.28571428571
4855.0,0.0751020408163,7,0.14,2.0652173913
4780.0,0.0685714285714,7,0.19,2.35
5451.0,0.0759183673469,9,0.17,1.93069306931
4831.0,0.065306122449,7,0.16,3.0303030303
