weight,density,degree,runtime,stretch
1529.0,0.305555555556,4,0.000833,1.0
1161.0,0.277777777778,3,0.001003,1.73770491803
883.0,0.222222222222,3,0.000803,1.1746031746
3779.0,0.388888888889,4,0.000879,1.60594795539
1610.0,0.361111111111,4,0.000883,1.0
2115.0,0.305555555556,4,0.001011,1.23032069971
2046.0,0.277777777778,4,0.000984,1.84965034965
1386.0,0.305555555556,4,0.001114,1.0
3827.0,0.361111111111,4,0.000868000000001,1.62925170068
3384.0,0.333333333333,4,0.00078,2.075
