weight,density,degree,runtime,stretch
4780.0,0.146666666667,7,0.07,1.84140969163
4319.0,0.123333333333,9,0.08,1.59210526316
1910.0,0.103333333333,7,0.08,1.61333333333
5927.0,0.163333333333,6,0.04,1.97740112994
5295.0,0.153333333333,8,0.06,1.52822580645
2703.0,0.11,8,0.03,2.1875
4979.0,0.146666666667,6,0.03,1.73542600897
4096.0,0.156666666667,7,0.04,1.61386138614
4991.0,0.15,8,0.03,1.84939759036
5462.0,0.143333333333,7,0.03,3.03883495146
