weight,density,degree,runtime,stretch
3288.0,0.392857142857,4,0.001755,1.19389587074
3845.0,0.428571428571,4,0.001726,1.0
3248.0,0.392857142857,3,0.001765,1.08877721943
1361.0,0.25,3,0.001632,1.83935742972
1361.0,0.25,3,0.001746,1.83935742972
2662.0,0.321428571429,3,0.001112,1.83935742972
2584.0,0.357142857143,4,0.001272,1.19389587074
