weight,density,degree,runtime,stretch
2130.0,0.333333333333,3,0.000749,1.04948805461
2874.0,0.380952380952,4,0.000799,1.10701754386
2858.0,0.380952380952,4,0.000663,1.04948805461
3444.0,0.428571428571,4,0.000641,1.0
3444.0,0.428571428571,4,0.000876,1.0
3444.0,0.428571428571,4,0.000662,1.0
3444.0,0.428571428571,4,0.000634,1.0
3444.0,0.428571428571,4,0.000772,1.0
3444.0,0.428571428571,4,0.000647,1.0
3444.0,0.428571428571,4,0.000789,1.0
