weight,density,degree,runtime,stretch
600.0,0.5,2,0.000634999999999,1.0
1309.0,0.5,2,0.000518,1.0
1384.0,0.5,2,0.000589999999999,1.0
1142.0,0.5,2,0.000588,1.0
116.0,0.5,2,0.000551000000002,1.0
613.0,0.5,2,0.000646,1.0
1190.0,0.5,2,0.000602999999998,1.52173913043
2671.0,0.666666666667,3,0.001163,1.0
1067.0,0.5,2,0.000817999999999,1.0
1069.0,0.5,2,0.000630999999998,1.0
