weight,density,degree,runtime,stretch
3082.0,0.466666666667,3,0.000697,1.49125364431
2116.0,0.4,3,0.000534,1.49125364431
3692.0,0.533333333333,3,0.000536,1.09109730849
3163.0,0.466666666667,3,0.000499,2.23062381853
4658.0,0.6,4,0.000702,1.0
4658.0,0.6,4,0.000553,1.0
4658.0,0.6,4,0.000549,1.0
2802.0,0.466666666667,3,0.000523,1.18314606742
2116.0,0.4,3,0.000555,1.49125364431
2699.0,0.4,3,0.00045,2.85378590078
