weight,density,degree,runtime,stretch
3103.0,0.136666666667,6,0.004639,1.39664804469
3504.0,0.143333333333,7,0.00515100000001,1.38271604938
2733.0,0.126666666667,6,0.004482,1.39664804469
2141.0,0.113333333333,5,0.004088,2.41666666667
2707.0,0.123333333333,6,0.00404899999999,2.56779661017
1954.0,0.106666666667,7,0.004141,2.36111111111
2495.0,0.12,7,0.004233,1.88549618321
2062.0,0.11,7,0.00408700000001,1.9748427673
2419.0,0.12,6,0.004411,1.88549618321
2399.0,0.12,7,0.00426900000001,1.72519083969
