weight,density,degree,runtime,stretch
956.0,0.666666666667,2,0.000287,1.0
1620.0,0.666666666667,3,0.000282,1.0
3251.0,0.833333333333,3,0.000336,1.0
2647.0,0.833333333333,3,0.000356,1.0
550.0,0.5,3,0.000285,1.0
978.0,0.5,3,0.000291,1.0
2079.0,0.666666666667,2,0.000308,1.0
712.0,0.5,2,0.00031,1.0
1596.0,0.666666666667,2,0.00028,1.0
110.0,0.5,2,0.000308,1.0
