weight,density,degree,runtime,stretch
2161.0,0.321428571429,3,0.00112,1.0
5514.0,0.428571428571,5,0.000986000000001,2.24230254351
2511.0,0.357142857143,4,0.001,1.06578947368
2346.0,0.285714285714,4,0.001023,1.9
2597.0,0.321428571429,4,0.000983,2.675
1262.0,0.357142857143,5,0.001114,1.0
7358.0,0.464285714286,5,0.001029,1.96964285714
891.0,0.285714285714,4,0.001076,1.12195121951
4410.0,0.428571428571,5,0.001044,1.25852272727
3214.0,0.321428571429,3,0.001291,2.3425499232
