weight,density,degree,runtime,stretch
3519.0,0.6,3,0.000764999999999,1.0
711.0,0.4,3,0.001026,1.00872600349
1282.0,0.4,2,0.000773000000001,1.0
1519.0,0.5,3,0.000736999999999,1.02341137124
1875.0,0.6,3,0.000867,1.0
888.0,0.4,3,0.000829999999999,1.0
997.0,0.4,3,0.000707,1.00298507463
1877.0,0.5,3,0.000695,1.01862630966
1874.0,0.5,3,0.000943000000001,1.33128834356
3555.0,0.6,3,0.000670999999999,1.30830670927
