weight,density,degree,runtime,stretch
2923.0,0.47619047619,4,0.001213,1.0
2415.0,0.428571428571,4,0.001267,1.30708661417
2620.0,0.428571428571,4,0.001651,1.21452145215
2561.0,0.428571428571,3,0.001098,1.29834254144
2923.0,0.47619047619,4,0.002095,1.0
1767.0,0.333333333333,3,0.001075,1.4115942029
2415.0,0.428571428571,4,0.002647,1.30708661417
1591.0,0.333333333333,4,0.000936,1.4115942029
2561.0,0.428571428571,3,0.003542,1.29834254144
2070.0,0.380952380952,4,0.002665,1.4115942029
