weight,density,degree,runtime,stretch
3062.0,0.466666666667,3,0.000494,1.084
3812.0,0.533333333333,3,0.000658,1.0
2239.0,0.4,3,0.000403,1.09356014581
3066.0,0.466666666667,3,0.000485,1.09517426273
2989.0,0.466666666667,3,0.000423,1.09356014581
2989.0,0.466666666667,3,0.000453,1.09356014581
3812.0,0.533333333333,3,0.001076,1.0
3066.0,0.466666666667,3,0.000527,1.09517426273
3062.0,0.466666666667,3,0.000493,1.084
3812.0,0.533333333333,3,0.000503,1.0
