weight,density,degree,runtime,stretch
2703.0,0.4,3,0.000749,1.56105990783
2343.0,0.4,3,0.000602,1.38709677419
3175.0,0.466666666667,3,0.000648,1.49260042283
2137.0,0.4,3,0.00103,1.0
3451.0,0.533333333333,4,0.000595,1.24184261036
3137.0,0.4,4,0.00091,2.50354609929
2445.0,0.4,3,0.000623,1.0
2568.0,0.4,4,0.000993999999999,2.25213675214
1848.0,0.466666666667,5,0.00071,1.0
2237.0,0.4,4,0.000551,1.42857142857
