weight,density,degree,runtime,stretch
970.0,0.277777777778,3,0.001039,1.73550724638
2570.0,0.305555555556,4,0.00125,1.2576489533
3013.0,0.305555555556,5,0.001495,1.07434052758
2988.0,0.333333333333,4,0.001402,1.38275340393
2330.0,0.361111111111,5,0.002194,1.0
633.0,0.25,3,0.001115,1.0
2925.0,0.305555555556,5,0.000993,2.22163588391
2014.0,0.305555555556,4,0.001015,1.23267326733
1030.0,0.25,4,0.00099,1.15
888.0,0.222222222222,6,0.001198,1.11538461538
