weight,density,degree,runtime,stretch
4385.0,0.464285714286,5,0.00199,1.0
4385.0,0.464285714286,5,0.001173,1.0
2941.0,0.357142857143,4,0.000973,1.59942363112
2812.0,0.357142857143,5,0.000798,1.37888198758
3909.0,0.428571428571,5,0.000923,1.15966386555
3956.0,0.428571428571,5,0.000836999999999,1.10256410256
3473.0,0.392857142857,5,0.000733,1.34368530021
2437.0,0.321428571429,4,0.000618000000001,1.856
3956.0,0.428571428571,5,0.001663,1.10256410256
3342.0,0.392857142857,5,0.001588,1.10256410256
