weight,density,degree,runtime,stretch
11240.0,0.15,8,0.00585199999999,2.2358974359
6308.0,0.116666666667,6,0.010248,2.1963190184
4514.0,0.116666666667,5,0.00662699999999,2.70531400966
8304.0,0.16,6,0.00484300000001,1.72252747253
6921.0,0.133333333333,7,0.006727,2.18303571429
4121.0,0.113333333333,6,0.004897,1.89048991354
6845.0,0.136666666667,7,0.00605399999999,1.87165775401
11543.0,0.153333333333,8,0.005092,2.11314984709
4206.0,0.116666666667,5,0.006152,2.21134020619
5159.0,0.123333333333,5,0.00495699999999,2.51724137931
