weight,density,degree,runtime,stretch
3112.0,0.533333333333,3,0.00137,1.56405990017
3072.0,0.533333333333,4,0.001608,1.20436817473
3156.0,0.533333333333,4,0.001059,1.27958579882
3156.0,0.533333333333,4,0.001003,1.27958579882
3905.0,0.6,4,0.00082,1.92413793103
3713.0,0.6,4,0.000881,1.02870813397
1963.0,0.4,3,0.000876,1.56405990017
1914.0,0.4,4,0.000784,1.81031613977
2515.0,0.466666666667,4,0.000776,1.27958579882
3156.0,0.533333333333,4,0.001002,1.27958579882
