weight,density,degree,runtime,stretch
3042.0,0.357142857143,4,0.002258,1.86848072562
1983.0,0.285714285714,4,0.001369,1.36713286713
4142.0,0.428571428571,4,0.001573,1.0
4142.0,0.428571428571,4,0.001284,1.0
2269.0,0.321428571429,4,0.001268,1.28051001821
3197.0,0.357142857143,4,0.001082,1.36713286713
3477.0,0.392857142857,4,0.001261,1.05714285714
4142.0,0.428571428571,4,0.001375,1.0
3477.0,0.392857142857,4,0.000999,1.05714285714
2493.0,0.321428571429,4,0.000945,1.86848072562
