weight,density,degree,runtime,stretch
2972.0,0.321428571429,5,0.000695,1.0
1194.0,0.25,4,0.000639,1.46683046683
4760.0,0.392857142857,4,0.000775000000001,1.9648173207
1609.0,0.321428571429,3,0.000795,1.0
2020.0,0.321428571429,4,0.000707999999999,1.11428571429
4318.0,0.357142857143,4,0.000683,1.26914153132
2668.0,0.285714285714,5,0.000786000000001,1.05194805195
1199.0,0.25,4,0.000718999999999,1.04628501827
3647.0,0.285714285714,4,0.000753,1.0
4287.0,0.392857142857,4,0.000703,1.0
