weight,density,degree,runtime,stretch
1492.0,0.5,2,0.000521,1.0
2131.0,0.5,4,0.000551,1.53033707865
3136.0,0.6,4,0.000931,2.19760479042
1016.0,0.4,3,0.000531000000001,2.45317220544
2234.0,0.6,3,0.000486,1.0
409.0,0.4,3,0.000459999999999,1.0
3187.0,0.7,4,0.00044,1.22950819672
1609.0,0.6,3,0.000486,1.0
590.0,0.4,3,0.000479,1.0
1737.0,0.4,3,0.000433999999999,1.87091757387
