weight,density,degree,runtime,stretch
2076.0,0.428571428571,4,0.000687999999999,1.04830917874
1592.0,0.285714285714,5,0.000715,1.0
4172.0,0.47619047619,4,0.000821,1.33563535912
2310.0,0.333333333333,4,0.000580999999999,1.50838709677
3321.0,0.52380952381,5,0.000831,1.25052631579
1527.0,0.333333333333,3,0.000738,1.57636887608
677.0,0.333333333333,3,0.000878,1.0
3071.0,0.428571428571,5,0.000692,1.79545454545
4123.0,0.47619047619,4,0.000769,1.8387755102
2577.0,0.47619047619,4,0.000754,1.0
