weight,density,degree,runtime,stretch
742.0,0.5,3,0.000811,1.0
1297.0,0.4,3,0.000529,1.41494845361
4182.0,0.7,4,0.000552,1.8074433657
490.0,0.4,2,0.000413,1.28272251309
373.0,0.4,3,0.000434,1.0
430.0,0.4,2,0.000469,1.0
287.0,0.4,2,0.000538,1.0
388.0,0.5,4,0.000465,1.0
1490.0,0.6,3,0.000436,1.34615384615
1583.0,0.5,2,0.000481,1.0
