weight,density,degree,runtime,stretch
2678.0,0.428571428571,3,0.000859999999999,1.0
1583.0,0.333333333333,3,0.000773000000001,1.5773955774
2678.0,0.428571428571,3,0.000694,1.0
2678.0,0.428571428571,3,0.000844,1.0
2271.0,0.380952380952,3,0.000721,1.5773955774
1583.0,0.333333333333,3,0.000742,1.5773955774
2678.0,0.428571428571,3,0.000916999999999,1.0
2678.0,0.428571428571,3,0.000776,1.0
2678.0,0.428571428571,3,0.00093,1.0
1364.0,0.333333333333,3,0.001466,1.27795527157
