weight,density,degree,runtime,stretch
3863.0,0.126666666667,7,0.0046,1.7247706422
3654.0,0.126666666667,7,0.004234,1.8764940239
3986.0,0.126666666667,6,0.004689,1.46153846154
3889.0,0.126666666667,5,0.004991,1.8764940239
4248.0,0.133333333333,7,0.004442,1.8764940239
3800.0,0.12,5,0.00417,1.7247706422
3111.0,0.113333333333,7,0.00388599999999,2.39449541284
3063.0,0.116666666667,7,0.004073,1.8764940239
3676.0,0.123333333333,7,0.00412,1.7247706422
3785.0,0.126666666667,7,0.004647,1.50427350427
3876.0,0.13,7,0.004714,1.50427350427
