weight,density,degree,runtime,stretch
3764.0,0.466666666667,4,0.000503,1.0
2850.0,0.4,4,0.001079,1.38402625821
3764.0,0.466666666667,4,0.000524,1.0
2850.0,0.4,4,0.00122,1.38402625821
2211.0,0.333333333333,4,0.000496,1.38402625821
3764.0,0.466666666667,4,0.001056,1.0
2850.0,0.4,4,0.000544,1.38402625821
3764.0,0.466666666667,4,0.000572,1.0
3764.0,0.466666666667,4,0.001342,1.0
2850.0,0.4,4,0.000445,1.38402625821
