weight,density,degree,runtime,stretch
2384.0,0.380952380952,4,0.001933,1.37252475248
4049.0,0.47619047619,4,0.001862,1.0
1808.0,0.333333333333,4,0.001569,1.37252475248
2938.0,0.380952380952,3,0.002162,1.04485981308
3192.0,0.428571428571,4,0.001546,1.07817969662
3514.0,0.428571428571,4,0.00176,1.04485981308
3473.0,0.428571428571,4,0.001444,1.01215277778
2616.0,0.380952380952,4,0.00235,1.07817969662
3241.0,0.428571428571,4,0.002077,1.20420792079
3241.0,0.428571428571,4,0.001568,1.20420792079
