weight,density,degree,runtime,stretch
4104.0,0.14,7,0.004021,1.26842105263
3169.0,0.126666666667,8,0.00295,1.7816091954
3438.0,0.13,5,0.003325,1.28178694158
4479.0,0.146666666667,8,0.004408,1.26842105263
4252.0,0.143333333333,8,0.005091,1.52244897959
4723.0,0.146666666667,7,0.003922,1.52447552448
3625.0,0.133333333333,8,0.003792,1.7816091954
3563.0,0.136666666667,7,0.003557,1.52244897959
3637.0,0.133333333333,8,0.003725,1.92424242424
4233.0,0.143333333333,8,0.003659,1.52244897959
