weight,density,degree,runtime,stretch
1014.0,0.321428571429,3,0.001492,1.0
644.0,0.25,3,0.00153,1.5652173913
3479.0,0.392857142857,4,0.001271,1.17948717949
1319.0,0.285714285714,3,0.0012,1.15903614458
2605.0,0.357142857143,3,0.002133,2.24725274725
5680.0,0.392857142857,5,0.001213,3.42065491184
1102.0,0.285714285714,5,0.001165,1.91333333333
3021.0,0.357142857143,3,0.001327,1.22033898305
4201.0,0.392857142857,4,0.002363,1.82902584493
3169.0,0.321428571429,3,0.002072,1.29718875502
