weight,density,degree,runtime,stretch
4713.0,0.6,5,0.00054,1.13901345291
4962.0,0.6,5,0.000469,1.37947122862
3573.0,0.466666666667,5,0.000568,1.7231726283
4279.0,0.533333333333,5,0.00049,1.7231726283
2537.0,0.4,4,0.000543,1.61436170213
3220.0,0.466666666667,4,0.000558,1.44058295964
4922.0,0.6,5,0.000512,1.24011713031
4922.0,0.6,5,0.000517,1.24011713031
4853.0,0.6,5,0.000518,1.25664893617
3406.0,0.466666666667,3,0.000471,1.91501416431
