weight,density,degree,runtime,stretch
3794.0,0.52380952381,4,0.001151,1.0
2660.0,0.52380952381,4,0.000592,1.0
716.0,0.285714285714,2,0.000697,1.0
1184.0,0.333333333333,4,0.000609,1.0
4912.0,0.52380952381,4,0.001203,1.30864197531
580.0,0.333333333333,3,0.000677,1.0
3550.0,0.428571428571,3,0.000658,1.95327102804
971.0,0.380952380952,4,0.000654,1.0
1038.0,0.333333333333,3,0.000667,1.0
1784.0,0.333333333333,4,0.000633,1.72151898734
