weight,density,degree,runtime,stretch
5342.0,0.8,4,0.000455000000001,2.1990521327
849.0,0.4,3,0.000663,1.0
1749.0,0.5,3,0.001076,1.0
4352.0,0.6,3,0.000476,1.0
3882.0,0.5,3,0.000425,1.0
3803.0,0.6,4,0.000872,1.0
782.0,0.4,3,0.00061,1.65968586387
2251.0,0.5,4,0.000543,1.0
213.0,0.4,2,0.000493,1.0
357.0,0.5,3,0.001202,1.0
