weight,density,degree,runtime,stretch
1721.0,0.103333333333,7,0.003315,2.86666666667
3283.0,0.14,7,0.004616,1.136
2387.0,0.123333333333,7,0.003916,1.42763157895
2176.0,0.116666666667,7,0.003578,1.79
2475.0,0.126666666667,7,0.003458,1.42763157895
2169.0,0.116666666667,6,0.003434,1.79
2408.0,0.123333333333,6,0.00367300000001,1.39175257732
1578.0,0.103333333333,6,0.00369999999999,1.67763157895
2229.0,0.12,7,0.003843,1.23387096774
2401.0,0.123333333333,7,0.004255,2.03731343284
