weight,density,degree,runtime,stretch
7641.0,0.156666666667,6,0.002975,1.53892215569
6939.0,0.15,7,0.003139,1.47727272727
7068.0,0.15,6,0.003086,1.53892215569
5528.0,0.13,6,0.00286,1.55681818182
5997.0,0.14,6,0.002973,2.01005025126
7496.0,0.156666666667,6,0.003323,1.53892215569
6458.0,0.14,7,0.002544,2.00699300699
7157.0,0.15,7,0.0031,1.53892215569
7740.0,0.156666666667,7,0.003646,1.65
8118.0,0.16,7,0.003174,1.67682926829
