weight,density,degree,runtime,stretch
2244.0,0.380952380952,3,0.001801,1.62162162162
2827.0,0.428571428571,4,0.001317,1.0
1738.0,0.380952380952,4,0.001111,1.0
5576.0,0.52380952381,5,0.001117,1.48745519713
3868.0,0.47619047619,5,0.001101,1.20601503759
1392.0,0.333333333333,3,0.0024,1.0
6437.0,0.47619047619,5,0.001043,2.44651162791
1099.0,0.380952380952,3,0.001072,1.52173913043
2153.0,0.333333333333,4,0.001108,1.0
1587.0,0.380952380952,3,0.001078,1.0
