weight,density,degree,runtime,stretch
4640.0,0.14,6,0.02,1.10902255639
4359.0,0.146666666667,6,0.02,1.52205882353
4057.0,0.15,6,0.02,1.57471264368
5120.0,0.15,9,0.01,1.90502793296
5013.0,0.15,6,0.03,2.07352941176
5282.0,0.156666666667,7,0.02,1.32634730539
3562.0,0.15,8,0.02,1.88961038961
3669.0,0.14,6,0.02,1.83937823834
2618.0,0.12,7,0.02,1.77647058824
4879.0,0.163333333333,7,0.00999999999999,1.35078534031
