weight,density,degree,runtime,stretch
2113.0,0.357142857143,4,0.001189,1.80332409972
924.0,0.321428571429,4,0.001157,1.0303030303
4984.0,0.392857142857,4,0.001785,1.42173913043
2395.0,0.392857142857,6,0.002813,1.13661202186
2469.0,0.321428571429,3,0.001342,1.53306613226
2257.0,0.321428571429,3,0.001115,1.87474747475
2257.0,0.392857142857,4,0.001238,1.73846153846
3254.0,0.428571428571,4,0.00141,1.0
3370.0,0.428571428571,4,0.001288,1.63549618321
2175.0,0.392857142857,5,0.001113,2.10638297872
