weight,density,degree,runtime,stretch
2723.0,0.833333333333,3,0.000532,1.57723577236
635.0,0.5,2,0.000938999999999,1.0
514.0,0.5,3,0.000701000000001,1.0
3021.0,0.833333333333,3,0.000577999999999,1.0
395.0,0.666666666667,3,0.000551,1.0
540.0,0.5,2,0.000665999999999,1.0
1559.0,0.666666666667,3,0.001001,1.62225475842
2620.0,0.833333333333,3,0.000575,1.0
1470.0,0.5,3,0.000532,2.10858995138
667.0,0.666666666667,2,0.000624,1.0
