weight,density,degree,runtime,stretch
521.0,0.4,2,0.000446,1.0
4396.0,0.7,4,0.000394,1.30882352941
283.0,0.4,3,0.000454,1.0
889.0,0.5,3,0.000389,1.0
3016.0,0.7,4,0.000401,1.0
1908.0,0.6,4,0.000419,1.0
2268.0,0.5,3,0.000857,1.0
2524.0,0.5,4,0.000681,1.0
1198.0,0.5,3,0.000614,1.0
1742.0,0.5,4,0.000751,1.0
