weight,density,degree,runtime,stretch
633.0,0.4,2,0.001143,1.0
633.0,0.4,2,0.000724,1.0
633.0,0.4,2,0.001463,1.0
633.0,0.4,2,0.000682,1.0
633.0,0.4,2,0.00069,1.0
633.0,0.4,2,0.000634,1.0
633.0,0.4,2,0.000618,1.0
633.0,0.4,2,0.000643,1.0
633.0,0.4,2,0.000631,1.0
633.0,0.4,2,0.001097,1.0
