weight,density,degree,runtime,stretch
4538.0,0.380952380952,3,0.000587,1.06749311295
4287.0,0.380952380952,4,0.000511,1.13510747185
5264.0,0.428571428571,4,0.000692,1.0
5264.0,0.428571428571,4,0.000541,1.0
5264.0,0.428571428571,4,0.000551,1.0
5264.0,0.428571428571,4,0.000564,1.0
5264.0,0.428571428571,4,0.000536,1.0
5264.0,0.428571428571,4,0.000596,1.0
5264.0,0.428571428571,4,0.000574,1.0
5264.0,0.428571428571,4,0.000537,1.0
