weight,density,degree,runtime,stretch
8769.0,0.0775510204082,7,0.16,1.26442307692
8265.0,0.0791836734694,7,0.14,1.39473684211
11396.0,0.0881632653061,7,0.16,1.77459016393
10600.0,0.0824489795918,7,0.11,1.86096256684
8693.0,0.0783673469388,7,0.17,1.35064935065
11109.0,0.0897959183673,7,0.19,1.60220994475
9751.0,0.0775510204082,9,0.11,1.81115879828
7613.0,0.0775510204082,8,0.16,1.35915492958
10674.0,0.0832653061224,8,0.2,1.62189054726
7819.0,0.0742857142857,6,0.2,1.63414634146
