weight,density,degree,runtime,stretch
226.0,0.4,3,0.000835,1.0
226.0,0.4,3,0.00054,1.0
226.0,0.4,3,0.000426,1.0
226.0,0.4,3,0.000414,1.0
226.0,0.4,3,0.000472,1.0
226.0,0.4,3,0.000406,1.0
226.0,0.4,3,0.000379,1.0
226.0,0.4,3,0.000579,1.0
226.0,0.4,3,0.000436,1.0
226.0,0.4,3,0.000415,1.0
