weight,density,degree,runtime,stretch
2605.0,0.143333333333,6,0.004616,1.44897959184
2215.0,0.133333333333,7,0.004,1.63909774436
2195.0,0.136666666667,7,0.00366,1.63909774436
1499.0,0.113333333333,6,0.004116,2.12857142857
2158.0,0.13,7,0.004053,1.86170212766
2678.0,0.146666666667,7,0.00535,1.44897959184
2293.0,0.14,7,0.003955,1.63909774436
2119.0,0.13,6,0.00434199999999,1.63909774436
2498.0,0.14,6,0.004415,2.48275862069
2255.0,0.13,6,0.005025,2.12857142857
2109.0,0.133333333333,6,0.003973,1.4854368932
weight,density,degree,runtime,stretch
2004.0,0.136666666667,6,0.005061,2.37179487179
1664.0,0.126666666667,5,0.004017,1.95348837209
2132.0,0.14,6,0.004602,1.28571428571
1521.0,0.12,5,0.003779,1.625
1823.0,0.13,5,0.004849,2.38461538462
1666.0,0.123333333333,5,0.004102,1.73913043478
2034.0,0.14,5,0.005403,1.28735632184
1738.0,0.13,5,0.004794,1.34090909091
2132.0,0.14,6,0.003981,1.28571428571
1816.0,0.133333333333,5,0.00443,1.30097087379
1675.0,0.126666666667,5,0.004699,1.56818181818
