weight,density,degree,runtime,stretch
2653.0,0.380952380952,4,0.000544,1.0
3542.0,0.428571428571,5,0.000549,1.0
2456.0,0.285714285714,4,0.000533,1.17037037037
2097.0,0.333333333333,3,0.000498,1.0
2810.0,0.428571428571,4,0.00051,1.0
2934.0,0.380952380952,4,0.000575,1.0
4689.0,0.47619047619,4,0.00054,1.0
2801.0,0.380952380952,4,0.000974,1.26
2367.0,0.380952380952,4,0.000592,1.0
3852.0,0.428571428571,4,0.000553,1.98817567568
