weight,density,degree,runtime,stretch
2116.0,0.305555555556,5,0.001298,1.6577540107
2149.0,0.277777777778,5,0.001258,1.61306532663
1878.0,0.305555555556,4,0.001149,2.21283783784
1198.0,0.277777777778,5,0.001407,1.0
755.0,0.25,3,0.001177,1.7684729064
1751.0,0.305555555556,5,0.00202,1.32805429864
1621.0,0.305555555556,4,0.001432,1.0
2066.0,0.388888888889,5,0.001391,1.0
3064.0,0.361111111111,5,0.001181,1.10514541387
2700.0,0.305555555556,4,0.001183,1.86095238095
