weight,density,degree,runtime,stretch
4273.0,0.0710204081633,7,0.012867,2.13636363636
3363.0,0.0661224489796,7,0.012568,2.26315789474
2361.0,0.0538775510204,7,0.00931200000002,2.82222222222
2719.0,0.0587755102041,6,0.00996699999996,2.82222222222
3561.0,0.0661224489796,6,0.011233,2.82222222222
3259.0,0.065306122449,7,0.010211,2.45
3374.0,0.065306122449,7,0.012776,2.26315789474
4227.0,0.0702040816327,7,0.01211,2.09230769231
4287.0,0.0710204081633,7,0.013159,2.2
4383.0,0.0718367346939,7,0.012931,2.14516129032
