weight,density,degree,runtime,stretch
2777.0,0.466666666667,3,0.000423,1.0
1254.0,0.4,3,0.000684,1.0
2876.0,0.533333333333,3,0.000591,1.0
5245.0,0.6,5,0.000432,1.47820965842
2402.0,0.533333333333,4,0.000464,1.0
2137.0,0.533333333333,3,0.000558,1.2724137931
1516.0,0.4,3,0.000511,1.0
817.0,0.333333333333,4,0.000426,1.0
1583.0,0.466666666667,3,0.000785,1.0
1455.0,0.4,3,0.001352,1.0
