weight,density,degree,runtime,stretch
4671.0,0.533333333333,4,0.000810999999999,1.9619205298
2388.0,0.466666666667,3,0.001939,1.0
2254.0,0.4,3,0.000881,1.20566037736
1344.0,0.333333333333,3,0.00074,1.43277310924
1831.0,0.4,3,0.000969000000001,1.0
2086.0,0.466666666667,3,0.001281,1.0
2881.0,0.466666666667,3,0.000798,1.27968337731
1448.0,0.4,3,0.000872999999999,2.38073394495
2235.0,0.4,3,0.000910999999999,1.0
4101.0,0.6,3,0.001058,1.0
