weight,density,degree,runtime,stretch
1181.0,0.4,3,0.000421,1.0
1181.0,0.4,3,0.000467,1.0
1181.0,0.4,3,0.0004,1.0
1181.0,0.4,3,0.000549,1.0
1181.0,0.4,3,0.000867,1.0
1181.0,0.4,3,0.000421,1.0
1181.0,0.4,3,0.000548,1.0
1181.0,0.4,3,0.00045,1.0
1181.0,0.4,3,0.000394,1.0
1181.0,0.4,3,0.000517,1.0
