weight,density,degree,runtime,stretch
1235.0,0.321428571429,4,0.001115,1.3595505618
5053.0,0.357142857143,4,0.001138,2.26551724138
2086.0,0.25,3,0.001269,1.88167938931
5923.0,0.392857142857,4,0.001137,2.55227882038
2608.0,0.25,4,0.001149,1.0
4621.0,0.321428571429,3,0.001137,1.0
3343.0,0.285714285714,3,0.001061,1.0
4873.0,0.357142857143,4,0.001129,1.21630094044
2871.0,0.285714285714,3,0.001031,1.58955223881
2291.0,0.321428571429,4,0.001112,2.01764705882
