weight,density,degree,runtime,stretch
1844.0,0.533333333333,4,0.000978,1.17511520737
6963.0,0.733333333333,5,0.001698,1.69774011299
1387.0,0.4,2,0.000984000000003,1.0
1085.0,0.466666666667,3,0.000957000000003,1.0
1518.0,0.333333333333,2,0.000924000000001,2.16547788873
1250.0,0.4,3,0.000947999999998,1.0
1064.0,0.333333333333,3,0.000947,1.21638141809
2680.0,0.466666666667,3,0.000964999999997,2.59810874704
2254.0,0.4,3,0.001109,1.89013452915
2992.0,0.4,4,0.000783999999999,2.18309859155
