weight,density,degree,runtime,stretch
3905.0,0.361111111111,4,0.000898,1.09818731118
1528.0,0.222222222222,4,0.000727,1.039193729
2966.0,0.361111111111,5,0.000839,1.0
5475.0,0.361111111111,5,0.000784,1.28880866426
3530.0,0.305555555556,4,0.000768,2.0880733945
4781.0,0.361111111111,5,0.000775,1.49707602339
5272.0,0.361111111111,7,0.000808,1.48282097649
4426.0,0.388888888889,4,0.000827999999999,1.22486288848
1434.0,0.277777777778,4,0.00081,1.0
4160.0,0.388888888889,4,0.000968,1.64957264957
