weight,density,degree,runtime,stretch
1278.0,0.333333333333,3,0.000555,1.0
1278.0,0.333333333333,3,0.000448,1.0
1278.0,0.333333333333,3,0.000762,1.0
1278.0,0.333333333333,3,0.000571,1.0
1278.0,0.333333333333,3,0.000481,1.0
1278.0,0.333333333333,3,0.000995,1.0
1278.0,0.333333333333,3,0.000468,1.0
1278.0,0.333333333333,3,0.000564,1.0
1278.0,0.333333333333,3,0.001065,1.0
1278.0,0.333333333333,3,0.000537,1.0
