weight,density,degree,runtime,stretch
3171.0,0.833333333333,3,0.000739,1.0
1563.0,0.5,2,0.000865,1.91044776119
2442.0,0.666666666667,2,0.000491,1.0
718.0,0.666666666667,2,0.000549,1.0
493.0,0.5,2,0.000455000000001,1.0
524.0,0.5,2,0.000585,1.0
1170.0,0.666666666667,3,0.000465,1.0
2101.0,0.833333333333,3,0.000442,1.0
704.0,0.5,2,0.000411,1.0
2516.0,0.833333333333,3,0.000604,1.0
