weight,density,degree,runtime,stretch
1679.0,0.4,3,0.000618999999999,1.28908554572
3220.0,0.533333333333,4,0.000766,1.0
2040.0,0.4,3,0.000638,1.0
2160.0,0.466666666667,4,0.000672,1.86015831135
1752.0,0.466666666667,3,0.000583000000001,1.54911838791
1294.0,0.4,3,0.000732,1.0
3767.0,0.6,4,0.000701,1.0
3203.0,0.466666666667,4,0.000615000000001,1.61153846154
1398.0,0.4,3,0.000563000000001,1.0
1939.0,0.4,3,0.000558,2.34792626728
