weight,density,degree,runtime,stretch
6291.0,0.136666666667,6,0.03,2.43333333333
8483.0,0.133333333333,7,0.03,1.6991643454
4317.0,0.123333333333,6,0.03,2.0253164557
4399.0,0.133333333333,5,0.03,1.67052023121
8199.0,0.14,6,0.03,1.71241830065
3939.0,0.11,6,0.03,1.96019900498
4438.0,0.12,5,0.03,2.06220095694
4782.0,0.12,6,0.03,2.49735449735
5928.0,0.12,7,0.02,1.62987012987
4685.0,0.116666666667,5,0.03,2.20994475138
