weight,density,degree,runtime,stretch
4170.0,0.4,4,0.000709000000001,2.71957671958
1385.0,0.4,3,0.000721,1.72115384615
3103.0,0.533333333333,4,0.000712,1.33639947438
3403.0,0.533333333333,4,0.001312,1.0
3090.0,0.466666666667,4,0.001231,2.05524861878
1241.0,0.4,3,0.001277,1.0
1122.0,0.333333333333,3,0.00142,1.503125
1487.0,0.4,4,0.001365,1.0
5198.0,0.6,4,0.001421,1.0
2616.0,0.466666666667,3,0.001426,1.28244274809
