weight,density,degree,runtime,stretch
1834.0,0.357142857143,3,0.001665,1.0
1834.0,0.357142857143,3,0.002511,1.0
1834.0,0.357142857143,3,0.002399,1.0
1834.0,0.357142857143,3,0.001798,1.0
1834.0,0.357142857143,3,0.00077,1.0
1834.0,0.357142857143,3,0.002637,1.0
1453.0,0.321428571429,3,0.000802,1.54593175853
1114.0,0.285714285714,3,0.000874,1.54593175853
1834.0,0.357142857143,3,0.001377,1.0
1633.0,0.321428571429,3,0.001819,1.09950248756
