weight,density,degree,runtime,stretch
5498.0,0.533333333333,4,0.000719999999999,1.0
2387.0,0.466666666667,3,0.001037,1.22406639004
958.0,0.4,3,0.000789000000001,1.0
4437.0,0.466666666667,3,0.000805999999999,1.0
343.0,0.333333333333,3,0.000770000000001,1.0
4297.0,0.466666666667,3,0.001077,1.0
1211.0,0.4,3,0.000714,1.16256157635
2566.0,0.4,4,0.000676,1.0
1611.0,0.333333333333,3,0.001438,1.20090634441
1953.0,0.4,3,0.000783,1.0
