weight,density,degree,runtime,stretch
760.0,0.222222222222,4,0.001066,1.0
3146.0,0.305555555556,4,0.000807,1.07346938776
2679.0,0.333333333333,5,0.001287,1.0
1653.0,0.277777777778,5,0.000768,1.46019417476
3938.0,0.361111111111,4,0.000903999999999,1.0
6295.0,0.416666666667,5,0.000898,1.46695402299
4010.0,0.305555555556,4,0.000881000000001,1.23561346363
4044.0,0.333333333333,4,0.000816,1.26987060998
3025.0,0.333333333333,5,0.000833,1.12041884817
6761.0,0.416666666667,5,0.000896,1.31742738589
