weight,density,degree,runtime,stretch
4112.0,0.428571428571,4,0.00081,1.46051167964
1015.0,0.333333333333,3,0.0009,1.4006116208
1903.0,0.428571428571,4,0.001032,1.25363489499
2265.0,0.380952380952,3,0.000810000000001,1.52409638554
4311.0,0.428571428571,4,0.000897,1.0
1484.0,0.333333333333,4,0.000805999999999,1.0
1577.0,0.333333333333,5,0.000871,1.0
2849.0,0.333333333333,4,0.001023,1.3
2559.0,0.428571428571,5,0.000933000000002,1.32599118943
2367.0,0.333333333333,4,0.000814,1.0
