weight,density,degree,runtime,stretch
3132.0,0.333333333333,4,0.001047,1.02416918429
4472.0,0.416666666667,5,0.00115,2.69536423841
2681.0,0.305555555556,4,0.001177,1.31491712707
1080.0,0.25,3,0.001025,1.0
4802.0,0.333333333333,6,0.001136,1.5
1303.0,0.25,3,0.001039,1.87191011236
2241.0,0.277777777778,5,0.000982,1.14590747331
4669.0,0.361111111111,4,0.00125,1.53398058252
2627.0,0.305555555556,4,0.001589,1.0
5135.0,0.388888888889,6,0.001457,1.11745513866
