weight,density,degree,runtime,stretch
2799.0,0.6,4,0.000376,1.88181818182
2481.0,0.6,3,0.000455,1.05431754875
2464.0,0.5,3,0.00034,1.0
4540.0,0.7,4,0.000404,1.0
743.0,0.4,3,0.000389,1.0
1594.0,0.7,3,0.000635,1.0
989.0,0.4,3,0.000413,1.42566510172
5113.0,0.9,4,0.000403,1.0
4245.0,0.6,3,0.000406,1.41164241164
1256.0,0.5,3,0.000992,1.0
