weight,density,degree,runtime,stretch
1714.0,0.466666666667,3,0.00118,1.40677966102
1544.0,0.466666666667,3,0.000971,1.53694581281
1950.0,0.533333333333,3,0.001226,1.0
1950.0,0.533333333333,3,0.00201,1.0
1497.0,0.466666666667,3,0.001811,1.36644591611
1544.0,0.466666666667,3,0.001054,1.53694581281
1261.0,0.4,3,0.001143,1.57836644592
860.0,0.333333333333,3,0.002688,1.53694581281
860.0,0.333333333333,3,0.001298,1.53694581281
1091.0,0.4,3,0.001259,1.53694581281
