weight,density,degree,runtime,stretch
3234.0,0.380952380952,3,0.000665,2.44425385935
3233.0,0.380952380952,3,0.000637999999999,1.38112522686
4089.0,0.380952380952,3,0.000644,1.0
1773.0,0.380952380952,3,0.000673,1.29591836735
2307.0,0.380952380952,5,0.000639,1.1119544592
1445.0,0.285714285714,4,0.000635,2.20473773266
2561.0,0.333333333333,4,0.000577000000001,1.0
821.0,0.285714285714,3,0.000952,1.0
4608.0,0.52380952381,4,0.000687,1.0
4641.0,0.380952380952,4,0.000622,1.56393861893
