weight,density,degree,runtime,stretch
5535.0,0.146666666667,6,0.006957,1.47701149425
4761.0,0.14,7,0.006941,1.63513513514
3737.0,0.13,6,0.00613,1.53333333333
7679.0,0.166666666667,7,0.005975,1.65567765568
3049.0,0.133333333333,7,0.007865,1.55844155844
6280.0,0.166666666667,7,0.008501,1.01506024096
2784.0,0.13,7,0.008252,2.39805825243
6973.0,0.16,7,0.007301,1.55909090909
4137.0,0.136666666667,6,0.007561,1.66818181818
6394.0,0.173333333333,9,0.008596,1.54696132597
weight,density,degree,runtime,stretch
2201.0,0.113333333333,5,0.006559,1.03045685279
7016.0,0.15,7,0.007489,1.20241691843
4252.0,0.133333333333,6,0.009644,1.23529411765
7183.0,0.173333333333,7,0.008182,1.21126760563
7360.0,0.17,7,0.007805,2.29319371728
6771.0,0.156666666667,8,0.006489,1.83957219251
5138.0,0.146666666667,6,0.007357,1.30864197531
2961.0,0.126666666667,6,0.007278,1.25170068027
3629.0,0.13,6,0.005509,1.85185185185
9912.0,0.173333333333,7,0.007555,1.2835443038
