weight,density,degree,runtime,stretch
7606.0,0.0669387755102,7,0.00820600000003,2.73333333333
8389.0,0.0734693877551,7,0.00881400000003,2.14285714286
9494.0,0.0775510204082,7,0.00978699999996,2.26815642458
7824.0,0.0669387755102,7,0.00990999999999,2.26153846154
7076.0,0.0661224489796,7,0.00836600000002,2.69811320755
7723.0,0.0685714285714,7,0.00966800000003,3.1875
9872.0,0.0783673469388,7,0.00959799999998,2.17045454545
10028.0,0.0791836734694,7,0.009773,2.72535211268
7630.0,0.0685714285714,7,0.00960399999997,2.73333333333
