weight,density,degree,runtime,stretch
1974.0,0.5,3,0.000527,1.18824940048
2808.0,0.6,3,0.000575,1.0
1179.0,0.4,2,0.000591,1.41366906475
2808.0,0.6,3,0.000507,1.0
1179.0,0.4,2,0.000519,1.41366906475
1179.0,0.4,2,0.000572,1.41366906475
1179.0,0.4,2,0.000495,1.41366906475
2256.0,0.5,3,0.000534,2.22101449275
2808.0,0.6,3,0.000558,1.0
2808.0,0.6,3,0.000575,1.0
