weight,density,degree,runtime,stretch
448.0,0.5,2,0.000484,1.0
1912.0,0.666666666667,2,0.000499,1.0
2205.0,0.666666666667,3,0.000497000000001,1.0
1448.0,0.5,2,0.000429,1.0
1953.0,0.5,2,0.00048,1.0
1326.0,0.5,2,0.000491999999999,1.0
76.0,0.5,3,0.000536,1.0
780.0,0.5,2,0.000491,1.07290233838
1275.0,0.666666666667,3,0.000522999999999,1.0
1325.0,0.5,2,0.000477,1.0
