weight,density,degree,runtime,stretch
1155.0,0.4,4,0.001075,1.0
804.0,0.4,3,0.001133,1.0
1230.0,0.333333333333,2,0.000763000000001,1.76978417266
3021.0,0.466666666667,3,0.000709000000001,1.37837837838
1080.0,0.333333333333,3,0.000963,1.0
3336.0,0.466666666667,5,0.000769,2.28358208955
3168.0,0.4,3,0.000691,1.14535901926
1343.0,0.333333333333,2,0.000821,1.0
2923.0,0.4,3,0.000833,2.01955307263
2208.0,0.4,2,0.000731999999999,1.0
