weight,density,degree,runtime,stretch
2077.0,0.333333333333,4,0.001664,1.10268948655
1335.0,0.277777777778,4,0.001548,1.0
2260.0,0.305555555556,3,0.001445,1.60948905109
4446.0,0.444444444444,6,0.001928,1.58365758755
2567.0,0.333333333333,5,0.001678,1.54060913706
1924.0,0.277777777778,4,0.001694,2.38580246914
1136.0,0.25,3,0.001933,1.44280442804
2403.0,0.333333333333,4,0.001438,1.78861788618
3500.0,0.361111111111,5,0.001292,1.89690721649
3150.0,0.361111111111,4,0.001407,1.7984496124
