weight,density,degree,runtime,stretch
10326.0,0.21,8,0.009447,1.0
14051.0,0.253333333333,9,0.007931,1.0
