weight,density,degree,runtime,stretch
1305.0,0.333333333333,3,0.001634,1.0
3532.0,0.428571428571,4,0.000861,1.0
2991.0,0.380952380952,4,0.001256,1.59568345324
3642.0,0.380952380952,3,0.00114,1.03754693367
3541.0,0.380952380952,3,0.001387,1.28107344633
3336.0,0.380952380952,4,0.001488,1.06134259259
2010.0,0.380952380952,5,0.001678,1.19132653061
2489.0,0.380952380952,6,0.001379,1.0
3430.0,0.428571428571,4,0.001299,1.18421052632
1719.0,0.380952380952,3,0.001411,1.0
