weight,density,degree,runtime,stretch
1393.0,0.4,2,0.000798,1.0
1393.0,0.4,2,0.000601,1.0
1393.0,0.4,2,0.001218,1.0
1393.0,0.4,2,0.000735,1.0
1393.0,0.4,2,0.000632,1.0
1393.0,0.4,2,0.00071,1.0
1393.0,0.4,2,0.000656,1.0
1393.0,0.4,2,0.001234,1.0
1393.0,0.4,2,0.000746,1.0
1393.0,0.4,2,0.000648,1.0
