weight,density,degree,runtime,stretch
6502.0,0.388888888889,5,0.001707,1.36176066025
3993.0,0.277777777778,6,0.002072,1.5968
1549.0,0.277777777778,3,0.001567,1.08571428571
2484.0,0.277777777778,5,0.002114,1.47835990888
1432.0,0.222222222222,3,0.001206,1.44353899884
3101.0,0.277777777778,3,0.003995,1.73282442748
1444.0,0.25,3,0.001191,1.06569343066
4103.0,0.277777777778,5,0.001374,1.63012181617
2851.0,0.361111111111,4,0.00127,1.03148148148
4907.0,0.333333333333,4,0.001145,1.47521551724
