weight,density,degree,runtime,stretch
3558.0,0.392857142857,4,0.000883000000002,1.0
4584.0,0.357142857143,4,0.000852,1.0
3780.0,0.321428571429,4,0.000772999999999,1.59439252336
1617.0,0.25,3,0.001109,1.0
3015.0,0.285714285714,3,0.001465,1.0256684492
2475.0,0.285714285714,3,0.001661,1.0
3099.0,0.321428571429,4,0.000833999999999,1.48917748918
2685.0,0.285714285714,4,0.001517,2.2
1982.0,0.357142857143,4,0.001723,1.1775
7070.0,0.535714285714,5,0.002807,1.0
