weight,density,degree,runtime,stretch
7561.0,0.136666666667,8,0.003387,1.65289256198
9980.0,0.16,8,0.003817,1.5974025974
7154.0,0.126666666667,8,0.003571,1.65289256198
6317.0,0.123333333333,8,0.00334299999999,1.81276595745
7889.0,0.14,8,0.003612,1.48854961832
5989.0,0.12,8,0.003596,1.86038961039
4251.0,0.1,8,0.002759,1.86038961039
7158.0,0.133333333333,8,0.003337,1.65829145729
5292.0,0.11,8,0.003529,1.86038961039
7570.0,0.136666666667,8,0.003349,1.29779411765
