weight,density,degree,runtime,stretch
2550.0,0.123333333333,6,0.004705,1.53982300885
1984.0,0.106666666667,6,0.00474600000001,2.22471910112
1775.0,0.1,4,0.004318,3.23595505618
2611.0,0.12,6,0.004822,1.55769230769
2243.0,0.113333333333,5,0.00444299999999,1.87096774194
3559.0,0.14,6,0.005752,1.91025641026
2801.0,0.126666666667,6,0.00486500000001,1.91025641026
3046.0,0.126666666667,6,0.005358,1.55769230769
2120.0,0.11,6,0.004712,2.24193548387
2030.0,0.106666666667,5,0.004547,2.57303370787
