weight,density,degree,runtime,stretch
4660.0,0.305555555556,4,0.00109,1.59660574413
4593.0,0.388888888889,6,0.001071,1.19141323792
1346.0,0.25,3,0.001066,1.03455284553
5344.0,0.361111111111,4,0.000985999999999,2.27311827957
1739.0,0.277777777778,3,0.001062,1.58855585831
2516.0,0.277777777778,4,0.001285,2.22105263158
3932.0,0.361111111111,4,0.001085,1.0
3720.0,0.305555555556,5,0.001534,1.76729559748
5885.0,0.361111111111,5,0.002034,1.90405117271
912.0,0.222222222222,4,0.001546,1.23115577889
