weight,density,degree,runtime,stretch
3103.0,0.833333333333,3,0.000819999999997,1.0
1768.0,0.666666666667,3,0.000956000000002,1.0
2680.0,1.0,3,0.000729,1.0
1118.0,0.666666666667,3,0.001216,1.0
278.0,0.5,2,0.000657999999998,1.0
1137.0,0.5,2,0.00055,1.46899224806
1599.0,0.666666666667,3,0.000646,1.0
295.0,0.5,2,0.000696999999999,1.0
2666.0,0.833333333333,3,0.000892,1.0
1145.0,0.5,3,0.000791,1.57857142857
