weight,density,degree,runtime,stretch
4228.0,0.47619047619,4,0.001158,2.06981132075
812.0,0.285714285714,4,0.001056,1.22181146026
1106.0,0.333333333333,3,0.001082,1.21800947867
1024.0,0.333333333333,3,0.001159,1.08847736626
2855.0,0.47619047619,4,0.001188,1.42721518987
2093.0,0.380952380952,3,0.001114,1.67418546366
3124.0,0.47619047619,4,0.001157,1.0
543.0,0.285714285714,3,0.001101,1.07692307692
1274.0,0.333333333333,3,0.001215,1.0
4271.0,0.571428571429,5,0.001161,1.16379310345
