weight,density,degree,runtime,stretch
1327.0,0.25,4,0.001794,1.12131147541
1937.0,0.285714285714,4,0.002168,1.0
1327.0,0.25,4,0.00182,1.12131147541
1937.0,0.285714285714,4,0.0018,1.0
1937.0,0.285714285714,4,0.001642,1.0
1327.0,0.25,4,0.005392,1.12131147541
1937.0,0.285714285714,4,0.002347,1.0
1327.0,0.25,4,0.001259,1.12131147541
1937.0,0.285714285714,4,0.000857,1.0
1937.0,0.285714285714,4,0.000698,1.0
