weight,density,degree,runtime,stretch
5680.0,0.069387755102,6,0.21,3.08620689655
6379.0,0.0734693877551,11,0.21,2.55813953488
4830.0,0.0661224489796,8,0.21,2.20967741935
6837.0,0.0751020408163,8,0.2,2.18811881188
5219.0,0.0612244897959,6,0.2,2.00961538462
5544.0,0.0669387755102,6,0.200000000001,3.20560747664
6756.0,0.0710204081633,8,0.17,2.59375
4758.0,0.0661224489796,9,0.17,2.23469387755
5312.0,0.065306122449,7,0.2,2.14035087719
7861.0,0.0816326530612,9,0.24,2.34567901235
