weight,density,degree,runtime,stretch
5227.0,0.143333333333,7,0.00796099999999,2.0
2979.0,0.126666666667,6,0.00727300000001,2.21739130435
2954.0,0.113333333333,5,0.00652699999999,2.47852760736
5023.0,0.143333333333,5,0.00760600000001,1.70895522388
4628.0,0.156666666667,6,0.007565,2.67346938776
4277.0,0.146666666667,6,0.008634,1.14479638009
4888.0,0.156666666667,7,0.009578,1.62727272727
5475.0,0.156666666667,8,0.00958800000001,1.84978540773
4834.0,0.143333333333,5,0.00973999999999,3.76623376623
2884.0,0.11,5,0.00685199999999,2.1393442623
