weight,density,degree,runtime,stretch
3792.0,0.133333333333,7,0.004492,2.85576923077
3972.0,0.133333333333,6,0.004628,2.46428571429
3333.0,0.123333333333,6,0.00408299999999,2.28368794326
3685.0,0.123333333333,7,0.00408399999999,2.28415300546
4936.0,0.15,6,0.00474,2.49038461538
2920.0,0.11,5,0.004223,2.28415300546
3919.0,0.133333333333,5,0.00445099999999,2.28415300546
3082.0,0.11,5,0.00423400000001,2.875
3758.0,0.13,6,0.004403,2.22950819672
3740.0,0.126666666667,5,0.004317,2.28415300546
