weight,density,degree,runtime,stretch
1498.0,0.357142857143,4,0.001196,1.3506097561
1015.0,0.321428571429,4,0.001161,1.17142857143
1766.0,0.357142857143,4,0.00109,1.0652173913
994.0,0.285714285714,4,0.001039,1.0
1299.0,0.285714285714,4,0.001122,2.40833333333
1663.0,0.285714285714,3,0.001075,1.23929098966
2346.0,0.392857142857,4,0.00111,1.32195121951
914.0,0.285714285714,3,0.001181,1.0
1073.0,0.357142857143,4,0.001095,1.0
2331.0,0.357142857143,4,0.001409,1.0
