weight,density,degree,runtime,stretch
2525.0,0.666666666667,3,0.000588,1.0
1030.0,0.5,2,0.000571999999998,1.0
597.0,0.5,2,0.000594,1.0
2378.0,0.666666666667,3,0.000547999999998,1.0
254.0,0.5,2,0.000534000000002,1.0
2135.0,0.666666666667,3,0.000583000000002,1.0
1671.0,0.666666666667,3,0.000582999999999,1.0
1290.0,0.5,3,0.000624999999999,1.0
1204.0,0.5,2,0.000537999999999,1.0
1459.0,0.5,3,0.000532,1.0
