weight,density,degree,runtime,stretch
2724.0,0.321428571429,5,0.000709000000001,1.12877263581
3718.0,0.357142857143,5,0.000599000000001,1.0
3718.0,0.357142857143,5,0.000713999999999,1.0
3718.0,0.357142857143,5,0.001471,1.0
3718.0,0.357142857143,5,0.001763,1.0
3718.0,0.357142857143,5,0.001297,1.0
3718.0,0.357142857143,5,0.002191,1.0
2724.0,0.321428571429,5,0.003704,1.12877263581
2724.0,0.321428571429,5,0.001937,1.12877263581
2339.0,0.285714285714,5,0.001095,1.26493506494
