weight,density,degree,runtime,stretch
2663.0,0.5,3,0.001027,2.00303643725
2400.0,0.6,3,0.001334,1.0
1427.0,0.5,3,0.000680000000001,1.0
2539.0,0.6,3,0.000626,1.0
1584.0,0.6,3,0.000738,1.0
2279.0,0.4,3,0.001148,1.0
4356.0,0.7,3,0.001124,1.0
3337.0,0.6,3,0.000985,2.16624685139
873.0,0.4,2,0.000685000000001,1.0
809.0,0.4,3,0.000744000000001,1.0
