weight,density,degree,runtime,stretch
3794.0,0.6,3,0.000487,1.22988505747
3794.0,0.6,3,0.000462,1.22988505747
3794.0,0.6,3,0.000512,1.22988505747
3852.0,0.6,3,0.000428,1.37374860957
4751.0,0.7,3,0.000457,1.0
3794.0,0.6,3,0.000493,1.22988505747
4751.0,0.7,3,0.000431,1.0
4003.0,0.6,3,0.000432,2.00401069519
4751.0,0.7,3,0.000663,1.0
4751.0,0.7,3,0.000476,1.0
