weight,density,degree,runtime,stretch
3985.0,0.533333333333,4,0.000732,1.0
3985.0,0.533333333333,4,0.000858,1.0
3985.0,0.533333333333,4,0.000771,1.0
3985.0,0.533333333333,4,0.000728,1.0
2551.0,0.4,3,0.000725,2.0395480226
3985.0,0.533333333333,4,0.001402,1.0
2551.0,0.4,3,0.000729,2.0395480226
3454.0,0.466666666667,4,0.001315,2.0395480226
3082.0,0.466666666667,3,0.001586,1.18826135105
1558.0,0.333333333333,2,0.000998,2.11972789116
