weight,density,degree,runtime,stretch
2785.0,0.357142857143,3,0.001094,1.72068230277
3547.0,0.285714285714,3,0.001039,1.14814814815
2547.0,0.321428571429,3,0.0011,1.0
3665.0,0.321428571429,5,0.00115,1.10235414534
952.0,0.285714285714,4,0.001157,1.87362637363
4569.0,0.392857142857,4,0.001045,1.0
2969.0,0.321428571429,3,0.001041,1.39180537772
1527.0,0.285714285714,5,0.00123,1.0
2581.0,0.392857142857,4,0.002291,1.0
1345.0,0.25,4,0.001216,1.68421052632
