weight,density,degree,runtime,stretch
1692.0,0.4,3,0.000589,1.0
1164.0,0.333333333333,3,0.000565,1.20833333333
1692.0,0.4,3,0.000638,1.0
1692.0,0.4,3,0.000549,1.0
1164.0,0.333333333333,3,0.000526,1.20833333333
1164.0,0.333333333333,3,0.000508,1.20833333333
1692.0,0.4,3,0.000742,1.0
1164.0,0.333333333333,3,0.000484,1.20833333333
1692.0,0.4,3,0.000534,1.0
1692.0,0.4,3,0.000534,1.0
