weight,density,degree,runtime,stretch
5846.0,0.13,5,0.003246,2.12671232877
7461.0,0.143333333333,6,0.003176,1.9076433121
7017.0,0.136666666667,5,0.003089,2.1
6674.0,0.133333333333,5,0.003,2.35042735043
8378.0,0.15,6,0.003371,1.64743589744
5848.0,0.126666666667,5,0.00296,1.97580645161
6973.0,0.14,5,0.00362500000001,1.51612903226
8809.0,0.153333333333,7,0.003764,2.35042735043
6496.0,0.133333333333,6,0.003475,1.95833333333
7916.0,0.146666666667,6,0.003932,1.50135501355
