weight,density,degree,runtime,stretch
390.0,0.4,3,0.00034,1.0
3130.0,0.5,3,0.000355,1.0
1634.0,0.5,3,0.000373,1.0
5310.0,0.7,3,0.000394,1.0
2727.0,0.6,3,0.000385,1.0
2100.0,0.5,2,0.000388,1.24015748031
2994.0,0.6,4,0.000424,1.0
1911.0,0.5,3,0.000368,1.0
690.0,0.4,3,0.00038,1.0
3267.0,0.5,3,0.000346,1.0
