weight,density,degree,runtime,stretch
3087.0,0.11,7,0.02,1.83928571429
4652.0,0.133333333333,6,0.03,1.84375
4423.0,0.133333333333,6,0.05,2.16751269036
4161.0,0.136666666667,7,0.06,2.88709677419
9875.0,0.176666666667,7,0.05,1.98617511521
3155.0,0.123333333333,5,0.05,3.14545454545
3437.0,0.11,6,0.03,2.19117647059
3005.0,0.116666666667,5,0.03,2.32692307692
4430.0,0.123333333333,5,0.05,2.89430894309
3373.0,0.12,5,0.05,2.43225806452
