weight,density,degree,runtime,stretch
2441.0,0.25,3,0.002051,1.06935123043
4068.0,0.333333333333,4,0.001055,1.11846318036
2972.0,0.305555555556,4,0.000994,1.63341067285
4354.0,0.333333333333,5,0.001708,1.17391304348
2022.0,0.277777777778,4,0.001008,1.14317180617
3355.0,0.277777777778,4,0.001093,1.3127753304
3493.0,0.277777777778,4,0.001154,1.5509202454
1805.0,0.25,4,0.001959,1.74092009685
4289.0,0.305555555556,4,0.001392,1.22102425876
2573.0,0.277777777778,3,0.001001,1.21244635193
