weight,density,degree,runtime,stretch
2673.0,0.333333333333,4,0.001182,1.0
2673.0,0.333333333333,4,0.000979,1.0
2673.0,0.333333333333,4,0.001975,1.0
2673.0,0.333333333333,4,0.001928,1.0
2673.0,0.333333333333,4,0.001314,1.0
2233.0,0.285714285714,4,0.001933,1.26363636364
2673.0,0.333333333333,4,0.001123,1.0
2673.0,0.333333333333,4,0.002564,1.0
2673.0,0.333333333333,4,0.00177,1.0
2233.0,0.285714285714,4,0.001955,1.26363636364
