weight,density,degree,runtime,stretch
6078.0,0.0775510204082,7,0.24,2.09
6635.0,0.0775510204082,10,0.21,1.91304347826
6654.0,0.0840816326531,9,0.37,1.38815789474
5846.0,0.0726530612245,7,0.25,2.25217391304
8949.0,0.0865306122449,9,0.29,1.53020134228
6905.0,0.0848979591837,9,0.26,1.456
4033.0,0.0710204081633,6,0.17,1.71764705882
5132.0,0.0742857142857,6,0.2,1.59433962264
4946.0,0.0726530612245,9,0.2,2.03658536585
5668.0,0.0775510204082,8,0.26,1.41573033708
