weight,density,degree,runtime,stretch
2506.0,0.466666666667,4,0.001596,1.27845884413
3077.0,0.533333333333,4,0.001067,1.16859122402
3861.0,0.533333333333,3,0.000898,1.20731707317
3372.0,0.533333333333,4,0.000922,1.27845884413
3943.0,0.6,4,0.001762,1.0
3013.0,0.533333333333,4,0.000801,1.01935483871
2184.0,0.4,3,0.001661,2.02008032129
3013.0,0.533333333333,4,0.000846,1.01935483871
3943.0,0.6,4,0.001368,1.0
2931.0,0.466666666667,3,0.001031,1.20731707317
