weight,density,degree,runtime,stretch
4197.0,0.533333333333,4,0.000654999999998,1.78355501814
732.0,0.333333333333,3,0.000672999999999,1.0
483.0,0.333333333333,4,0.000945,1.0
757.0,0.333333333333,3,0.00066,1.0
1303.0,0.4,4,0.000795999999999,1.04566929134
2738.0,0.6,5,0.000779,1.28412256267
879.0,0.4,2,0.000780000000001,1.0
1064.0,0.533333333333,3,0.000802,1.41517857143
1196.0,0.4,3,0.000747,1.25878594249
821.0,0.4,4,0.0006,1.80952380952
