weight,density,degree,runtime,stretch
2635.0,0.5,3,0.000462000000001,1.0
1305.0,0.4,3,0.000527,1.21935483871
1531.0,0.4,3,0.001291,1.17195496418
567.0,0.4,4,0.000468000000001,1.20737327189
2207.0,0.5,3,0.000456,1.33860045147
3180.0,0.6,3,0.000498,1.0
587.0,0.4,3,0.000551,1.0
2689.0,0.4,3,0.000436000000001,1.0
3408.0,0.6,3,0.001058,1.0
2201.0,0.5,2,0.000481,1.0
