weight,density,degree,runtime,stretch
4470.0,0.13,6,0.003726,2.45569620253
4679.0,0.13,5,0.003862,2.45569620253
4857.0,0.136666666667,6,0.003613,1.85281385281
5713.0,0.15,6,0.003905,1.72037914692
3488.0,0.116666666667,5,0.003381,2.17441860465
5955.0,0.153333333333,6,0.003702,1.68098159509
4412.0,0.133333333333,7,0.00392900000001,2.17441860465
3884.0,0.12,6,0.003572,2.45569620253
5998.0,0.15,6,0.003564,2.61983471074
5069.0,0.14,7,0.003583,2.45569620253
