weight,density,degree,runtime,stretch
4731.0,0.15,6,0.005805,1.5748502994
2926.0,0.12,6,0.00486000000001,2.05769230769
3494.0,0.13,6,0.00514099999999,1.75
2337.0,0.106666666667,6,0.00463499999999,2.55769230769
2268.0,0.103333333333,5,0.004763,2.31730769231
3340.0,0.126666666667,5,0.005112,2.83333333333
4776.0,0.153333333333,6,0.005465,2.58169934641
5036.0,0.156666666667,6,0.005757,1.72538860104
3067.0,0.123333333333,6,0.005218,2.58169934641
4809.0,0.15,7,0.005441,2.55102040816
