weight,density,degree,runtime,stretch
3800.0,0.113333333333,7,0.003532,2.06315789474
4528.0,0.13,8,0.004354,2.02209944751
4962.0,0.136666666667,8,0.00378300000001,2.02209944751
5247.0,0.133333333333,8,0.004405,1.78523489933
4104.0,0.116666666667,8,0.003516,2.07291666667
3549.0,0.113333333333,8,0.004364,2.06315789474
4312.0,0.123333333333,8,0.003454,1.78523489933
4937.0,0.133333333333,8,0.004257,2.02209944751
5414.0,0.143333333333,8,0.004651,1.50446428571
5987.0,0.146666666667,8,0.004499,1.78523489933
5922.0,0.146666666667,8,0.004678,2.02209944751
