weight,density,degree,runtime,stretch
964.0,0.5,3,0.000296,1.0
1510.0,0.666666666667,3,0.000304,1.0
3284.0,0.833333333333,3,0.000311,1.0
1410.0,0.5,2,0.000304,1.0
837.0,0.5,2,0.000273,1.0
982.0,0.5,3,0.000242,1.0
2476.0,0.666666666667,3,0.000278,1.0
1014.0,0.5,3,0.000259,1.0
3314.0,0.833333333333,3,0.000283,1.0
1376.0,0.5,2,0.000284,1.0
