weight,density,degree,runtime,stretch
4611.0,0.0669387755102,10,0.16,2.26041666667
4053.0,0.0669387755102,6,0.12,2.59550561798
5756.0,0.0759183673469,9,0.17,2.1847133758
4988.0,0.0710204081633,7,0.16,2.22619047619
7150.0,0.0783673469388,7,0.13,2.98979591837
5814.0,0.0751020408163,8,0.16,1.61206896552
6127.0,0.0751020408163,6,0.13,2.28125
5487.0,0.0685714285714,7,0.0999999999999,2.1048951049
4541.0,0.069387755102,9,0.14,1.81
6367.0,0.0751020408163,7,0.0999999999999,2.23846153846
