weight,density,degree,runtime,stretch
2302.0,0.0587755102041,6,0.24,2.30434782609
2797.0,0.0644897959184,8,0.2,2.13461538462
3293.0,0.0677551020408,7,0.21,2.57142857143
3137.0,0.069387755102,10,0.2,2.12345679012
2250.0,0.0612244897959,6,0.21,2.05479452055
2606.0,0.0595918367347,7,0.280000000001,2.4347826087
2424.0,0.0604081632653,6,0.2,2.37037037037
3082.0,0.0579591836735,7,0.16,3.29268292683
2269.0,0.0579591836735,7,0.190000000001,2.28571428571
2966.0,0.0604081632653,9,0.19,2.09433962264
