weight,density,degree,runtime,stretch
2568.0,0.4,3,0.000374,1.0
2568.0,0.4,3,0.000342,1.0
2568.0,0.4,3,0.000378,1.0
2568.0,0.4,3,0.0004,1.0
2568.0,0.4,3,0.000444,1.0
2568.0,0.4,3,0.000377,1.0
2568.0,0.4,3,0.000367,1.0
2568.0,0.4,3,0.000421,1.0
2568.0,0.4,3,0.000379,1.0
2568.0,0.4,3,0.000437,1.0
