weight,density,degree,runtime,stretch
1939.0,0.392857142857,5,0.001028,1.0585106383
2503.0,0.428571428571,5,0.001121,1.0
1581.0,0.357142857143,5,0.000995,1.0585106383
1368.0,0.321428571429,4,0.001106,1.64788732394
2361.0,0.392857142857,4,0.001103,1.17605633803
1797.0,0.357142857143,4,0.001577,1.17605633803
1372.0,0.321428571429,5,0.002885,1.6985645933
1581.0,0.357142857143,5,0.002773,1.0585106383
1939.0,0.392857142857,5,0.001817,1.0585106383
1581.0,0.357142857143,5,0.001763,1.0585106383
