weight,density,degree,runtime,stretch
5472.0,0.392857142857,4,0.001913,1.0
4525.0,0.357142857143,4,0.001355,1.33051742344
4578.0,0.357142857143,4,0.002742,1.13758389262
5472.0,0.392857142857,4,0.002654,1.0
4578.0,0.357142857143,4,0.000918,1.13758389262
5472.0,0.392857142857,4,0.001646,1.0
5472.0,0.392857142857,4,0.000802999999999,1.0
4578.0,0.357142857143,4,0.000611,1.13758389262
5472.0,0.392857142857,4,0.000756,1.0
4578.0,0.357142857143,4,0.000744,1.13758389262
