weight,density,degree,runtime,stretch
4388.0,0.8,4,0.000676,1.0
2723.0,0.6,3,0.000711,1.20401691332
2016.0,0.5,3,0.000649,1.27167019027
4388.0,0.8,4,0.000728,1.0
1865.0,0.5,3,0.000672,1.32769556025
4388.0,0.8,4,0.000736,1.0
2584.0,0.6,3,0.000616,1.27167019027
4388.0,0.8,4,0.001207,1.0
3820.0,0.7,3,0.001336,1.07218309859
2584.0,0.6,3,0.00167,1.27167019027
