weight,density,degree,runtime,stretch
3194.0,0.392857142857,6,0.001305,1.0
2620.0,0.321428571429,5,0.001181,2.4091954023
3530.0,0.464285714286,4,0.001383,1.0
1533.0,0.321428571429,5,0.001313,1.36308623298
3338.0,0.357142857143,4,0.001163,1.77232142857
3060.0,0.357142857143,4,0.001173,2.24637681159
4465.0,0.392857142857,4,0.001344,1.87477313975
2020.0,0.321428571429,3,0.002483,1.34358974359
3315.0,0.392857142857,4,0.002188,1.0
1494.0,0.285714285714,3,0.001413,2.06291390728
