weight,density,degree,runtime,stretch
3408.0,0.392857142857,5,0.00067,1.17587939698
3727.0,0.428571428571,4,0.000798,1.6766743649
1762.0,0.321428571429,5,0.000913,1.0
2252.0,0.357142857143,5,0.000793,1.38382352941
4523.0,0.5,5,0.001093,1.0
1581.0,0.321428571429,4,0.000689,1.11678832117
956.0,0.285714285714,4,0.000721,1.0
1560.0,0.321428571429,4,0.000949,1.13715710723
1208.0,0.285714285714,3,0.001267,1.0
2519.0,0.357142857143,4,0.000641,1.01382488479
