weight,density,degree,runtime,stretch
2461.0,0.4,3,0.000471,1.0
3306.0,0.4,3,0.000466,1.0
2061.0,0.4,3,0.000472,1.0
5275.0,0.666666666667,5,0.000541,1.0
5158.0,0.533333333333,4,0.000444,1.0
3050.0,0.466666666667,3,0.000523,1.0
4336.0,0.533333333333,3,0.0005,1.0
3907.0,0.466666666667,4,0.000625,1.0
905.0,0.333333333333,2,0.000485,1.0
691.0,0.466666666667,3,0.000502,1.0
