weight,density,degree,runtime,stretch
2449.0,0.466666666667,3,0.001231,2.31791907514
970.0,0.4,3,0.001025,1.0
4205.0,0.6,4,0.001363,1.02761104442
6776.0,0.733333333333,4,0.000987,1.0
4900.0,0.6,4,0.000583000000001,1.89765100671
1867.0,0.466666666667,3,0.000641,1.0
2191.0,0.4,4,0.000557,1.79452054795
4222.0,0.6,4,0.000648,1.0
741.0,0.333333333333,3,0.000649,1.80736543909
1151.0,0.4,3,0.0006,1.0
