weight,density,degree,runtime,stretch
2119.0,0.666666666667,3,0.001314,1.0
1138.0,0.5,2,0.000489999999999,1.5234270415
2032.0,0.666666666667,3,0.000500000000001,1.0
1457.0,0.666666666667,3,0.000515999999999,1.0
1359.0,0.666666666667,2,0.000824,1.0
774.0,0.5,3,0.000935,1.0
592.0,0.5,2,0.000869,1.0
1240.0,0.5,3,0.000462000000001,1.0
2540.0,0.666666666667,3,0.000454,1.01294498382
1123.0,0.5,3,0.000489999999999,1.0
