weight,density,degree,runtime,stretch
7186.0,0.163333333333,6,0.02,1.17511520737
6234.0,0.153333333333,8,0.02,1.35467980296
5751.0,0.15,8,0.02,1.51319648094
3626.0,0.13,7,0.02,1.34078212291
5534.0,0.166666666667,9,0.02,1.29646017699
4793.0,0.16,6,0.02,1.40476190476
8727.0,0.193333333333,7,0.02,1.21016949153
3763.0,0.133333333333,5,0.0,1.65284974093
7341.0,0.16,7,0.01,1.43670886076
5032.0,0.153333333333,7,0.02,1.95862068966
