weight,density,degree,runtime,stretch
1515.0,0.6,3,0.000691,1.0
1326.0,0.5,3,0.000646,1.0
2123.0,0.5,3,0.000632000000001,1.53121175031
1462.0,0.5,3,0.000632999999999,1.0
984.0,0.4,2,0.000676,1.0
3157.0,0.7,4,0.000625000000001,1.21232876712
1006.0,0.5,3,0.000698999999999,1.0
773.0,0.4,3,0.000652000000001,1.5935483871
3044.0,0.5,3,0.000662,2.12871287129
369.0,0.4,3,0.000632,1.0
