weight,density,degree,runtime,stretch
3229.0,0.116666666667,6,0.004871,1.82191780822
3786.0,0.126666666667,6,0.004925,1.82191780822
3913.0,0.133333333333,7,0.004793,1.63740458015
4824.0,0.143333333333,6,0.005356,1.65322580645
3945.0,0.136666666667,7,0.004845,1.86390532544
