weight,density,degree,runtime,stretch
2437.0,0.666666666667,3,0.000518000000001,2.02631578947
2185.0,0.833333333333,3,0.000541,1.0
2304.0,0.666666666667,3,0.000540000000001,1.43450881612
887.0,0.5,3,0.00056,1.0945083014
133.0,0.5,3,0.000598999999999,1.0
310.0,0.5,2,0.000529,1.0
995.0,0.5,3,0.000522999999999,1.81263157895
329.0,0.5,2,0.000893999999999,1.0
1521.0,0.5,2,0.000595000000001,1.63197424893
430.0,0.5,2,0.000559000000001,1.0
