weight,density,degree,runtime,stretch
2216.0,0.666666666667,2,0.000358,1.0
761.0,0.666666666667,3,0.000338,1.0
1799.0,0.5,3,0.00029,2.66815144766
3208.0,0.833333333333,3,0.00034,1.0
1202.0,0.666666666667,3,0.000333,1.407239819
144.0,0.5,2,0.000388,1.0
394.0,0.5,2,0.000338,1.0
230.0,0.5,2,0.000325,1.0
516.0,0.666666666667,3,0.000342,1.0
2817.0,0.833333333333,3,0.000304,1.0
