weight,density,degree,runtime,stretch
1105.0,0.285714285714,5,0.001148,1.0
5915.0,0.428571428571,3,0.000542,1.175
4033.0,0.428571428571,4,0.000717,1.14225941423
1571.0,0.380952380952,4,0.000908,1.50462962963
3462.0,0.333333333333,3,0.000552,1.36108108108
1218.0,0.333333333333,4,0.001357,1.0
2133.0,0.333333333333,3,0.000539,1.15167548501
2009.0,0.428571428571,4,0.001079,1.07619047619
2825.0,0.380952380952,5,0.00124,1.0
1777.0,0.333333333333,3,0.000716,1.0
