weight,density,degree,runtime,stretch
696.0,0.222222222222,3,0.001271,1.03402646503
3353.0,0.361111111111,6,0.001208,1.86931818182
2241.0,0.305555555556,4,0.001607,1.88519637462
2935.0,0.305555555556,3,0.0015,1.27402597403
2237.0,0.305555555556,5,0.001267,1.66838046272
2744.0,0.333333333333,3,0.001666,1.0
2288.0,0.361111111111,4,0.001505,1.0
603.0,0.222222222222,3,0.001362,1.70506912442
1367.0,0.25,4,0.001232,1.53550295858
2696.0,0.361111111111,4,0.001323,1.6961038961
