weight,density,degree,runtime,stretch
4633.0,0.12,5,0.0,1.43930635838
6951.0,0.136666666667,5,0.02,1.45394736842
5219.0,0.11,5,0.0,1.93905191874
6726.0,0.133333333333,9,0.0,1.83732057416
5787.0,0.136666666667,6,0.02,1.16932907348
6671.0,0.143333333333,7,0.02,1.34642857143
5103.0,0.123333333333,6,0.02,1.47849462366
9525.0,0.163333333333,7,0.0,1.52545824847
5924.0,0.123333333333,5,0.00999999999999,1.40769230769
3347.0,0.113333333333,6,0.01,2.3064516129
