weight,density,degree,runtime,stretch
485.0,0.4,3,0.000690000000001,1.0
1576.0,0.5,3,0.000754000000001,1.0
2274.0,0.6,3,0.000716000000001,1.0
1449.0,0.5,3,0.00066,1.14814814815
705.0,0.4,3,0.000679,1.0
1796.0,0.6,3,0.000693999999999,1.0
1225.0,0.5,3,0.000663000000001,1.00154320988
1993.0,0.5,3,0.000622999999999,1.0
798.0,0.4,3,0.000724,1.0
238.0,0.4,3,0.000691999999999,1.0
