weight,density,degree,runtime,stretch
4414.0,0.116666666667,8,0.002911,2.15950920245
6288.0,0.14,7,0.003447,1.25668449198
6135.0,0.136666666667,8,0.002917,1.70967741935
4127.0,0.113333333333,7,0.003095,2.15950920245
4800.0,0.123333333333,8,0.003097,2.21126760563
6534.0,0.14,8,0.003759,1.60098522167
5900.0,0.13,8,0.00281,2.776
5830.0,0.133333333333,7,0.003293,2.15950920245
4809.0,0.123333333333,7,0.003353,2.09433962264
5477.0,0.126666666667,8,0.003232,2.776
