weight,density,degree,runtime,stretch
1061.0,0.25,4,0.001367,1.23831775701
5050.0,0.464285714286,5,0.001372,1.45454545455
1816.0,0.357142857143,3,0.001435,1.0
1331.0,0.321428571429,4,0.001951,2.49568965517
2328.0,0.357142857143,3,0.001321,1.0
1187.0,0.321428571429,4,0.00123,1.8407079646
1039.0,0.285714285714,3,0.001563,1.27881040892
2208.0,0.285714285714,4,0.001366,2.14397905759
2461.0,0.392857142857,4,0.002495,2.26568265683
1835.0,0.321428571429,3,0.001498,1.6357615894
