weight,density,degree,runtime,stretch
3578.0,0.14,7,0.005527,1.18787878788
3027.0,0.123333333333,7,0.00484400000001,2.44
2793.0,0.12,6,0.00460699999999,2.98130841121
2807.0,0.123333333333,7,0.00495400000001,2.23188405797
3541.0,0.133333333333,5,0.005031,2.58928571429
3243.0,0.13,7,0.00494400000001,2.98130841121
3137.0,0.13,7,0.00505,1.87969924812
2206.0,0.106666666667,6,0.00445699999999,2.98130841121
2630.0,0.12,7,0.00521900000001,1.69642857143
3785.0,0.14,7,0.0055,2.23188405797
