weight,density,degree,runtime,stretch
648.0,0.5,4,0.000652,1.0
648.0,0.5,4,0.000736,1.0
648.0,0.5,4,0.000618,1.0
648.0,0.5,4,0.000993,1.0
648.0,0.5,4,0.000633,1.0
648.0,0.5,4,0.000665,1.0
468.0,0.4,3,0.000699,1.07222222222
648.0,0.5,4,0.00068,1.0
468.0,0.4,3,0.000674,1.07222222222
648.0,0.5,4,0.000751,1.0
