weight,density,degree,runtime,stretch
1999.0,0.305555555556,5,0.000798,1.71341463415
3304.0,0.333333333333,4,0.001132,1.00564971751
1893.0,0.277777777778,3,0.001491,1.13946587537
2447.0,0.277777777778,5,0.000833,1.42331288344
2327.0,0.277777777778,5,0.000877,1.25204582651
3620.0,0.305555555556,3,0.000809,1.12436115843
3343.0,0.333333333333,5,0.000727,1.0
2224.0,0.305555555556,5,0.00087,1.0
7007.0,0.5,6,0.000877,1.0
5006.0,0.388888888889,4,0.000832,1.096875
