weight,density,degree,runtime,stretch
1668.0,0.666666666667,2,0.000673,1.0
662.0,0.5,2,0.000843000000001,2.22147651007
1968.0,0.666666666667,3,0.000827,1.38687150838
1218.0,0.666666666667,2,0.000839999999999,1.0
1110.0,0.5,3,0.000831,1.01926977688
2449.0,0.5,3,0.000756,1.0
1535.0,0.5,2,0.000726,1.0
941.0,0.5,3,0.000902,1.0
2913.0,0.833333333333,3,0.001237,1.0
1346.0,0.666666666667,2,0.001034,1.32321041215
