weight,density,degree,runtime,stretch
912.0,0.5,2,0.000444,1.37142857143
563.0,0.5,2,0.000403,1.0
604.0,0.5,2,0.000415,1.57291666667
2419.0,0.5,2,0.000411,1.0
721.0,0.666666666667,3,0.000417,1.0
551.0,0.5,2,0.000406000000001,1.0
593.0,0.5,2,0.000497,1.0
1379.0,0.5,3,0.000371,1.05350772889
550.0,0.5,2,0.000396,1.0
1560.0,0.666666666667,3,0.000456000000001,1.0
