weight,density,degree,runtime,stretch
1763.0,0.333333333333,3,0.000628,1.0
3104.0,0.380952380952,4,0.000699,1.28550295858
1817.0,0.380952380952,4,0.000647,1.0
3887.0,0.380952380952,3,0.000586999999999,1.0
2168.0,0.380952380952,4,0.000609,1.73720930233
1305.0,0.285714285714,3,0.000584000000001,1.00325203252
3829.0,0.47619047619,4,0.000901,1.2302771855
2517.0,0.333333333333,3,0.000662999999999,1.60983981693
831.0,0.285714285714,3,0.000687,1.0
4337.0,0.47619047619,4,0.000846,1.5390070922
