weight,density,degree,runtime,stretch
5083.0,0.0767346938776,7,0.24,1.83333333333
3131.0,0.065306122449,6,0.29,1.52873563218
4810.0,0.0718367346939,8,0.24,1.74285714286
8095.0,0.0922448979592,9,0.33,1.35
5896.0,0.0865306122449,8,0.32,1.58461538462
5947.0,0.0816326530612,7,0.28,1.79775280899
5581.0,0.0816326530612,9,0.25,1.77419354839
7310.0,0.0865306122449,9,0.29,1.57407407407
7604.0,0.0889795918367,8,0.24,1.74683544304
7491.0,0.0897959183673,10,0.29,1.8152173913
