weight,density,degree,runtime,stretch
1175.0,0.5,3,0.000489,1.50853889943
1702.0,0.6,3,0.000528,1.0
1175.0,0.5,3,0.000429,1.50853889943
1702.0,0.6,3,0.000588,1.0
978.0,0.4,3,0.000396,2.56345177665
978.0,0.4,3,0.000684,2.56345177665
1702.0,0.6,3,0.00052,1.0
1702.0,0.6,3,0.000589,1.0
1702.0,0.6,3,0.000496,1.0
1175.0,0.5,3,0.000472,1.50853889943
