weight,density,degree,runtime,stretch
8950.0,0.19,7,0.004058,1.17164179104
7236.0,0.17,7,0.003109,1.82558139535
7540.0,0.17,7,0.003812,2.11003236246
8261.0,0.18,7,0.003803,1.4375
8397.0,0.183333333333,7,0.003445,1.4375
7375.0,0.17,7,0.003148,1.37037037037
7733.0,0.173333333333,7,0.003345,1.4375
7395.0,0.17,7,0.003674,1.34965034965
6553.0,0.156666666667,7,0.002708,1.80505415162
7113.0,0.163333333333,7,0.003422,1.59130434783
7781.0,0.18,7,0.003277,1.42424242424
weight,density,degree,runtime,stretch
4599.0,0.14,7,0.002679,2.375
5400.0,0.15,7,0.003654,1.82589285714
3812.0,0.13,7,0.002949,1.82589285714
5430.0,0.153333333333,7,0.003193,1.82589285714
4672.0,0.14,7,0.003405,1.82589285714
5427.0,0.15,7,0.002996,1.79523809524
4584.0,0.14,6,0.003173,1.79425837321
5427.0,0.15,7,0.003078,1.79523809524
6322.0,0.163333333333,7,0.003675,1.82589285714
5717.0,0.156666666667,7,0.003249,1.82589285714
7060.0,0.173333333333,7,0.00507,1.0
