weight,density,degree,runtime,stretch
1988.0,0.116666666667,6,0.05,1.24
1519.0,0.0966666666667,7,0.03,1.92063492063
5157.0,0.15,7,0.0,1.62195121951
3418.0,0.143333333333,5,0.06,1.95321637427
2846.0,0.123333333333,6,0.05,2.04895104895
4685.0,0.15,6,0.06,1.66666666667
3597.0,0.133333333333,6,0.03,1.42962962963
5624.0,0.156666666667,8,0.03,1.59677419355
2226.0,0.12,6,0.03,2.04968944099
2659.0,0.13,6,0.03,1.56034482759
