weight,density,degree,runtime,stretch
2202.0,0.333333333333,4,0.00107,1.0
3562.0,0.361111111111,4,0.001269,1.0
7986.0,0.444444444444,5,0.001145,1.0
2697.0,0.305555555556,3,0.000981,1.85448916409
3669.0,0.388888888889,4,0.000942,1.0
7836.0,0.472222222222,6,0.001104,1.24952741021
1142.0,0.25,4,0.00114,1.0
4661.0,0.361111111111,5,0.001081,1.0
5018.0,0.388888888889,4,0.000973,1.45956607495
1655.0,0.305555555556,4,0.001035,1.0
