weight,density,degree,runtime,stretch
746.0,0.4,3,0.000783,1.0
746.0,0.4,3,0.000639,1.0
651.0,0.333333333333,3,0.000694,1.55789473684
746.0,0.4,3,0.001299,1.0
746.0,0.4,3,0.000696,1.0
746.0,0.4,3,0.000826,1.0
746.0,0.4,3,0.000715,1.0
651.0,0.333333333333,3,0.000809,1.55789473684
746.0,0.4,3,0.000655,1.0
746.0,0.4,3,0.000704,1.0
