weight,density,degree,runtime,stretch
7420.0,0.16,8,0.003157,1.91025641026
9825.0,0.196666666667,8,0.004161,1.56949152542
6761.0,0.16,7,0.003746,1.91949152542
6907.0,0.163333333333,8,0.003671,1.91949152542
11424.0,0.21,9,0.005363,1.48771929825
8721.0,0.186666666667,8,0.004419,1.91949152542
9760.0,0.196666666667,9,0.004056,1.42763157895
7548.0,0.173333333333,9,0.003446,1.48771929825
9117.0,0.183333333333,7,0.004941,1.71610169492
8476.0,0.17,9,0.003332,1.71610169492
7945.0,0.173333333333,7,0.004094,1.79487179487
weight,density,degree,runtime,stretch
5176.0,0.166666666667,7,0.00481,1.30805687204
5275.0,0.166666666667,8,0.004809,1.30805687204
4255.0,0.15,6,0.003884,1.5306122449
4857.0,0.16,7,0.004435,1.40350877193
4501.0,0.153333333333,7,0.004198,1.76595744681
3806.0,0.14,6,0.003748,1.76595744681
4195.0,0.146666666667,8,0.003259,1.78512396694
3275.0,0.126666666667,6,0.00336,1.77777777778
3745.0,0.143333333333,6,0.004077,1.30805687204
4160.0,0.15,6,0.004287,1.55
4971.0,0.163333333333,7,0.005124,1.29714285714
