weight,density,degree,runtime,stretch
3472.0,0.065306122449,7,0.24,2.2752293578
2301.0,0.0587755102041,7,0.25,2.26315789474
4118.0,0.0702040816327,8,0.24,2.58333333333
3113.0,0.0685714285714,8,0.2,3.29268292683
3966.0,0.0718367346939,9,0.24,2.64285714286
2620.0,0.0612244897959,6,0.17,2.4
3600.0,0.0751020408163,7,0.19,2.21276595745
4140.0,0.0751020408163,9,0.14,2.21126760563
4105.0,0.0718367346939,8,0.17,2.49450549451
6080.0,0.0873469387755,9,0.2,2.90909090909
