weight,density,degree,runtime,stretch
1306.0,0.333333333333,3,0.001772,1.90127388535
2043.0,0.380952380952,4,0.002583,1.50641025641
2859.0,0.47619047619,4,0.001555,1.0
4314.0,0.571428571429,4,0.001558,1.0
897.0,0.380952380952,4,0.001468,1.0
1840.0,0.380952380952,3,0.001496,1.5359223301
3620.0,0.428571428571,4,0.001327,1.57066666667
1201.0,0.285714285714,4,0.000933,1.50423011844
2972.0,0.428571428571,4,0.000761000000001,1.0
579.0,0.333333333333,3,0.000921,1.83783783784
