weight,density,degree,runtime,stretch
6402.0,0.619047619048,6,0.00135,1.28801843318
2014.0,0.380952380952,4,0.001191,1.0
783.0,0.333333333333,4,0.000766,1.0
2020.0,0.380952380952,4,0.000705,1.39380530973
1657.0,0.380952380952,3,0.000708,1.55822550832
1408.0,0.333333333333,3,0.000953,1.66759776536
3686.0,0.47619047619,5,0.000583,1.63896103896
2716.0,0.428571428571,4,0.000652,1.22275449102
1574.0,0.428571428571,4,0.000637,1.0
886.0,0.333333333333,3,0.000662,1.0
