weight,density,degree,runtime,stretch
3126.0,0.6,3,0.00036,1.0
1774.0,0.5,3,0.000388,1.0
1183.0,0.4,4,0.000387,1.13333333333
2228.0,0.4,3,0.000414,1.0
2988.0,0.6,3,0.000499,1.0
2702.0,0.6,3,0.000414,1.0
2521.0,0.5,3,0.0004,1.0
1550.0,0.4,3,0.000529,1.44785276074
2687.0,0.5,3,0.000398,1.0
2130.0,0.5,3,0.000731,1.0
