weight,density,degree,runtime,stretch
796.0,0.285714285714,3,0.001656,1.0
4836.0,0.428571428571,4,0.002337,1.0
2763.0,0.392857142857,5,0.00269,1.0
4194.0,0.357142857143,5,0.003525,1.02401746725
1534.0,0.321428571429,4,0.001172,1.33333333333
1909.0,0.25,3,0.001686,1.2778335005
3219.0,0.357142857143,3,0.001307,1.9652173913
2533.0,0.392857142857,4,0.001787,1.02891156463
2690.0,0.321428571429,5,0.001241,2.41216216216
2750.0,0.392857142857,4,0.001267,1.94210526316
