weight,density,degree,runtime,stretch
2129.0,0.285714285714,4,0.000876,1.0
2129.0,0.285714285714,4,0.000829000000001,1.0
1415.0,0.25,4,0.001063,1.17086834734
2129.0,0.285714285714,4,0.001267,1.0
2129.0,0.285714285714,4,0.001382,1.0
2129.0,0.285714285714,4,0.001594,1.0
2129.0,0.285714285714,4,0.001322,1.0
1445.0,0.25,4,0.002664,1.26608187135
1415.0,0.25,4,0.001173,1.17086834734
2129.0,0.285714285714,4,0.002334,1.0
