weight,density,degree,runtime,stretch
2669.0,0.666666666667,2,0.000505,1.0
1427.0,0.5,2,0.000510999999999,1.0
1960.0,0.666666666667,3,0.000494000000002,1.0
882.0,0.5,2,0.000494999999999,1.0
2404.0,0.666666666667,2,0.000449000000001,1.0
1145.0,0.5,3,0.000468,1.15607734807
1641.0,0.5,2,0.000521000000001,1.0
788.0,0.5,3,0.000520999999999,1.0
1109.0,0.5,2,0.000515999999999,1.0
1087.0,0.5,2,0.000534,1.0
