weight,density,degree,runtime,stretch
806.0,0.285714285714,4,0.000946,1.0
1007.0,0.380952380952,4,0.000586,1.0
2071.0,0.47619047619,5,0.000797,1.0
1206.0,0.333333333333,3,0.000631,1.0
2047.0,0.428571428571,5,0.000566,1.23482849604
1842.0,0.380952380952,3,0.000594,1.63172804533
1303.0,0.333333333333,4,0.00065,1.07363420428
4290.0,0.428571428571,4,0.000734,1.7463312369
2136.0,0.380952380952,4,0.000712,1.40409956076
1160.0,0.380952380952,5,0.000559,1.14354066986
