weight,density,degree,runtime,stretch
845.0,0.4,3,0.000584,1.0
2467.0,0.5,3,0.000532,1.22415795587
891.0,0.4,3,0.00066,1.0
2114.0,0.5,2,0.000590000000001,1.0
1314.0,0.4,3,0.00067,1.74450549451
3452.0,0.5,3,0.000543,1.0
1504.0,0.4,3,0.000539999999999,1.0
1208.0,0.4,2,0.000551000000002,1.0
3645.0,0.7,3,0.000822999999999,1.0
1200.0,0.4,3,0.001718,1.0
