weight,density,degree,runtime,stretch
1961.0,0.333333333333,3,0.000611,1.0
1961.0,0.333333333333,3,0.000605,1.0
1961.0,0.333333333333,3,0.000621,1.0
1961.0,0.333333333333,3,0.000676,1.0
1961.0,0.333333333333,3,0.000599,1.0
1961.0,0.333333333333,3,0.000677,1.0
1961.0,0.333333333333,3,0.000611,1.0
1961.0,0.333333333333,3,0.000594,1.0
1961.0,0.333333333333,3,0.000578,1.0
1961.0,0.333333333333,3,0.000575,1.0
