weight,density,degree,runtime,stretch
2490.0,0.47619047619,5,0.001061,1.11778290993
2491.0,0.428571428571,4,0.001108,1.04008908686
2744.0,0.428571428571,4,0.00112,1.07380607815
1606.0,0.333333333333,4,0.0012,2.45945945946
3402.0,0.428571428571,5,0.001008,1.08385093168
552.0,0.333333333333,3,0.001061,1.0
1861.0,0.47619047619,4,0.00113,1.0
802.0,0.333333333333,6,0.001059,1.95477386935
2844.0,0.428571428571,4,0.001034,1.50418410042
659.0,0.285714285714,3,0.001066,1.21538461538
