weight,density,degree,runtime,stretch
1123.0,0.25,3,0.001471,2.62944162437
1993.0,0.321428571429,3,0.001369,1.1002994012
2661.0,0.357142857143,4,0.001949,1.0
1517.0,0.285714285714,3,0.002144,1.11134453782
1045.0,0.25,3,0.002014,2.13235294118
1045.0,0.25,3,0.001446,2.13235294118
2661.0,0.357142857143,4,0.003171,1.0
1713.0,0.285714285714,3,0.002017,2.11764705882
1791.0,0.285714285714,3,0.001829,2.56091370558
2661.0,0.357142857143,4,0.003918,1.0
