weight,density,degree,runtime,stretch
3491.0,0.133333333333,5,0.00627,1.58108108108
2422.0,0.113333333333,5,0.006572,1.22402597403
6835.0,0.16,9,0.006129,1.70901639344
3290.0,0.113333333333,7,0.007449,2.05
6846.0,0.176666666667,7,0.007901,1.57594936709
7864.0,0.16,7,0.00571,1.7037037037
2933.0,0.106666666667,6,0.005101,2.28099173554
6584.0,0.16,7,0.006305,1.83088235294
6309.0,0.156666666667,7,0.00653800000001,2.48701298701
6664.0,0.146666666667,9,0.005781,1.67487684729
