weight,density,degree,runtime,stretch
3195.0,0.357142857143,4,0.003913,1.0
2889.0,0.321428571429,3,0.00108,1.37254901961
1948.0,0.285714285714,3,0.002303,1.42564102564
2338.0,0.321428571429,4,0.001657,1.1260210035
3195.0,0.357142857143,4,0.002305,1.0
3195.0,0.357142857143,4,0.001886,1.0
1948.0,0.285714285714,3,0.001367,1.42564102564
2044.0,0.285714285714,4,0.000985,1.4693877551
3195.0,0.357142857143,4,0.002,1.0
2044.0,0.285714285714,4,0.001163,1.4693877551
