weight,density,degree,runtime,stretch
413.0,0.5,2,0.000542000000003,1.24838709677
1489.0,0.5,2,0.000574,1.96437994723
2517.0,0.666666666667,3,0.000651999999999,1.0
576.0,0.5,2,0.000864,1.0
1426.0,0.5,2,0.000628000000003,1.0
705.0,0.5,2,0.000554000000001,1.0
1637.0,0.666666666667,3,0.000579999999999,1.0
457.0,0.5,2,0.000637999999999,2.3537414966
432.0,0.5,2,0.000751000000001,1.0
1708.0,0.666666666667,2,0.00135,1.0
