weight,density,degree,runtime,stretch
1766.0,0.380952380952,3,0.000825,1.60481099656
3901.0,0.47619047619,4,0.000764,1.18256578947
1590.0,0.380952380952,4,0.000715,1.87147335423
832.0,0.380952380952,5,0.000695,1.41011235955
1057.0,0.380952380952,4,0.000892,1.0
704.0,0.380952380952,4,0.001068,1.0
606.0,0.285714285714,5,0.000826999999999,1.0
1818.0,0.428571428571,3,0.00088,1.0
2032.0,0.428571428571,3,0.000763,1.59292035398
2387.0,0.428571428571,4,0.00075,1.0
