weight,density,degree,runtime,stretch
4374.0,0.143333333333,6,0.003454,1.35897435897
4593.0,0.146666666667,6,0.003921,1.62893081761
4123.0,0.14,6,0.002697,1.35897435897
4381.0,0.143333333333,6,0.003691,1.56493506494
4826.0,0.15,6,0.004962,1.29
4421.0,0.143333333333,6,0.003017,1.56493506494
4845.0,0.146666666667,6,0.004131,2.52066115702
4518.0,0.146666666667,6,0.003705,1.35897435897
4407.0,0.143333333333,6,0.004059,1.35897435897
4977.0,0.153333333333,6,0.003599,1.01910828025
4826.0,0.15,6,0.004394,1.29
weight,density,degree,runtime,stretch
7804.0,0.163333333333,7,0.003291,1.71647509579
7532.0,0.163333333333,7,0.003846,1.71647509579
8882.0,0.176666666667,8,0.004026,1.04320987654
6488.0,0.15,8,0.00267,2.07916666667
6889.0,0.153333333333,7,0.003433,1.99190283401
8737.0,0.176666666667,8,0.003748,1.0179028133
8143.0,0.166666666667,7,0.003866,1.58273381295
8141.0,0.166666666667,8,0.004034,1.71647509579
8008.0,0.166666666667,7,0.00457,1.71647509579
8478.0,0.17,8,0.003516,1.44512195122
7627.0,0.163333333333,8,0.00324,1.71647509579
