weight,density,degree,runtime,stretch
2397.0,0.533333333333,5,0.000962,1.9406779661
2425.0,0.533333333333,5,0.000631,1.83498349835
3304.0,0.666666666667,5,0.000719,1.0
1614.0,0.4,4,0.00068,1.89108910891
2470.0,0.533333333333,4,0.001099,1.06589147287
2116.0,0.466666666667,4,0.000656,2.08902077151
3102.0,0.6,5,0.000688,1.63861386139
2448.0,0.533333333333,5,0.000653,1.83498349835
3304.0,0.666666666667,5,0.000855,1.0
3102.0,0.6,5,0.000641,1.63861386139
