weight,density,degree,runtime,stretch
2057.0,0.333333333333,3,0.001407,2.02006688963
2793.0,0.380952380952,3,0.001387,1.31703910615
2215.0,0.333333333333,3,0.001835,2.77045454545
1939.0,0.333333333333,3,0.001086,1.31703910615
2793.0,0.380952380952,3,0.00271,1.31703910615
2655.0,0.380952380952,3,0.001573,1.05620608899
2655.0,0.380952380952,3,0.002937,1.05620608899
2215.0,0.333333333333,3,0.001619,2.77045454545
2655.0,0.380952380952,3,0.001049,1.05620608899
1939.0,0.333333333333,3,0.001395,1.31703910615
