weight,density,degree,runtime,stretch
2191.0,0.4,4,0.000785,1.0
2191.0,0.4,4,0.000573,1.0
1792.0,0.333333333333,4,0.000555,2.06516290727
2191.0,0.4,4,0.000587,1.0
2191.0,0.4,4,0.001154,1.0
2191.0,0.4,4,0.000952,1.0
1763.0,0.333333333333,4,0.000538,1.85747663551
1763.0,0.333333333333,4,0.001012,1.85747663551
1763.0,0.333333333333,4,0.000629,1.85747663551
2191.0,0.4,4,0.000742,1.0
