weight,density,degree,runtime,stretch
2569.0,0.5,3,0.000394,1.0
2662.0,0.5,3,0.000364,1.0
3745.0,0.7,3,0.000407,1.0
3850.0,0.8,4,0.000371,1.0
2775.0,0.5,3,0.000353,1.0
3746.0,0.5,3,0.000351,1.0
1719.0,0.5,2,0.000357,1.0
871.0,0.4,3,0.000349,1.0
3768.0,0.5,3,0.00035,1.0
2103.0,0.5,3,0.000367,1.0
