weight,density,degree,runtime,stretch
2571.0,0.380952380952,4,0.000887,1.92857142857
4790.0,0.571428571429,5,0.000982,1.0
2584.0,0.380952380952,4,0.000961,1.82405345212
4000.0,0.47619047619,5,0.001068,2.40860215054
2904.0,0.428571428571,4,0.001047,1.25045703839
4790.0,0.571428571429,5,0.001582,1.0
4328.0,0.52380952381,5,0.002082,1.92857142857
2904.0,0.428571428571,4,0.001429,1.25045703839
2645.0,0.380952380952,3,0.001401,2.16035634744
2904.0,0.428571428571,4,0.00097,1.25045703839
