weight,density,degree,runtime,stretch
1011.0,0.666666666667,3,0.000406,1.0
1609.0,0.666666666667,3,0.000364,1.0
540.0,0.5,2,0.000309,1.0
2353.0,0.666666666667,2,0.000308,1.0
2718.0,0.666666666667,2,0.000336,1.0
2191.0,0.666666666667,2,0.000359,1.0
687.0,0.5,2,0.00034,1.0
2265.0,0.666666666667,2,0.000337,1.0
2474.0,0.833333333333,3,0.000349,1.0
649.0,0.5,2,0.000374,1.0
