weight,density,degree,runtime,stretch
3851.0,0.466666666667,3,0.00102,1.0
3207.0,0.4,3,0.000742,1.16925465839
3031.0,0.4,3,0.000833,2.12926829268
3851.0,0.466666666667,3,0.001214,1.0
3031.0,0.4,3,0.000931,2.12926829268
3851.0,0.466666666667,3,0.000821,1.0
3207.0,0.4,3,0.000763,1.16925465839
3031.0,0.4,3,0.000909,2.12926829268
3851.0,0.466666666667,3,0.000786,1.0
3851.0,0.466666666667,3,0.001248,1.0
