weight,density,degree,runtime,stretch
1483.0,0.4,3,0.000555,1.0
862.0,0.4,3,0.000700999999999,1.0
856.0,0.4,2,0.00088,1.0
2221.0,0.5,3,0.000622,1.0
1908.0,0.5,3,0.000869,1.0
4258.0,0.6,3,0.000985,1.06610703043
2006.0,0.5,3,0.000722,1.0
1143.0,0.4,2,0.000584,1.0
2922.0,0.6,4,0.000649000000001,1.0
2733.0,0.5,3,0.000764,1.0
