weight,density,degree,runtime,stretch
3816.0,0.7,3,0.000371,1.0
2486.0,0.5,3,0.000373,1.59058487874
3816.0,0.7,3,0.000388,1.0
3816.0,0.7,3,0.000362,1.0
3115.0,0.6,3,0.000334,1.57346647646
3816.0,0.7,3,0.000338,1.0
3816.0,0.7,3,0.000371,1.0
3816.0,0.7,3,0.00036,1.0
3816.0,0.7,3,0.00039,1.0
3816.0,0.7,3,0.000506,1.0
