weight,density,degree,runtime,stretch
1057.0,0.333333333333,3,0.000709,1.88340807175
1503.0,0.4,3,0.001257,1.0
1503.0,0.4,3,0.000721,1.0
1503.0,0.4,3,0.000727,1.0
1503.0,0.4,3,0.000711,1.0
1057.0,0.333333333333,3,0.000725,1.88340807175
1057.0,0.333333333333,3,0.000749,1.88340807175
1503.0,0.4,3,0.000679,1.0
1503.0,0.4,3,0.000713,1.0
1503.0,0.4,3,0.000731,1.0
