weight,density,degree,runtime,stretch
3689.0,0.136666666667,7,0.00403,2.74015748031
3783.0,0.14,7,0.004104,1.70322580645
3643.0,0.14,6,0.003931,1.60952380952
3204.0,0.13,6,0.004066,2.12592592593
3767.0,0.136666666667,6,0.00405,2.38271604938
2567.0,0.113333333333,5,0.00380699999999,2.65306122449
3281.0,0.133333333333,6,0.004224,1.52709359606
3139.0,0.13,6,0.004054,2.04964539007
3168.0,0.13,5,0.003853,2.09420289855
3683.0,0.136666666667,7,0.004072,1.78723404255
