weight,density,degree,runtime,stretch
3068.0,0.466666666667,3,0.001012,1.0
3442.0,0.466666666667,3,0.000878,1.0
1949.0,0.333333333333,3,0.000744000000001,1.60740740741
1641.0,0.4,4,0.000859999999999,1.0
1968.0,0.466666666667,3,0.000893000000001,1.0
2321.0,0.333333333333,3,0.001073,1.0
768.0,0.333333333333,3,0.001162,1.0
2230.0,0.4,3,0.000938000000001,2.45117845118
1068.0,0.333333333333,4,0.000885,1.0
3579.0,0.466666666667,3,0.000964,1.0
