weight,density,degree,runtime,stretch
1739.0,0.4,3,0.000565,1.0
1739.0,0.4,3,0.000525,1.0
1739.0,0.4,3,0.000545,1.0
1739.0,0.4,3,0.000701,1.0
1739.0,0.4,3,0.000653,1.0
1739.0,0.4,3,0.000629,1.0
1739.0,0.4,3,0.00064,1.0
1739.0,0.4,3,0.00061,1.0
1739.0,0.4,3,0.000537,1.0
1739.0,0.4,3,0.000549,1.0
