weight,density,degree,runtime,stretch
1115.0,0.333333333333,3,0.000882,1.2527173913
2458.0,0.466666666667,3,0.001137,1.0
1115.0,0.333333333333,3,0.001627,1.2527173913
1483.0,0.4,3,0.000895,1.08820512821
2458.0,0.466666666667,3,0.001136,1.0
2458.0,0.466666666667,3,0.001488,1.0
2458.0,0.466666666667,3,0.00108,1.0
2090.0,0.4,3,0.001797,1.2527173913
2458.0,0.466666666667,3,0.001016,1.0
1483.0,0.4,3,0.000997,1.08820512821
