weight,density,degree,runtime,stretch
3148.0,0.333333333333,3,0.001263,1.96401028278
1457.0,0.305555555556,5,0.00133,1.0
2837.0,0.305555555556,4,0.002258,1.06116207951
1716.0,0.277777777778,4,0.001163,2.07096774194
3562.0,0.333333333333,4,0.001476,1.39382239382
4552.0,0.388888888889,4,0.001257,1.42144177449
2454.0,0.277777777778,3,0.00155,1.27931488801
3007.0,0.305555555556,5,0.001902,1.54716981132
3132.0,0.388888888889,4,0.00333,1.06748466258
2662.0,0.361111111111,4,0.001798,1.58649093904
