weight,density,degree,runtime,stretch
2544.0,0.4,5,0.000428,1.52641165756
4693.0,0.6,4,0.000626,1.0
1480.0,0.4,3,0.000459,1.0
3281.0,0.533333333333,5,0.000933,1.0
1443.0,0.4,3,0.000825,1.0
921.0,0.466666666667,3,0.000877,1.0
1632.0,0.466666666667,3,0.00045,1.0
283.0,0.333333333333,3,0.001315,1.0
1103.0,0.4,4,0.000944,1.0
3089.0,0.6,4,0.000495,1.39235412475
