weight,density,degree,runtime,stretch
1624.0,0.4,3,0.000498,1.4830371567
2243.0,0.5,3,0.000427,1.0
2243.0,0.5,3,0.00059,1.0
2243.0,0.5,3,0.000466,1.0
2243.0,0.5,3,0.0005,1.0
2243.0,0.5,3,0.000495,1.0
2243.0,0.5,3,0.000424,1.0
1624.0,0.4,3,0.000442,1.4830371567
2243.0,0.5,3,0.000485,1.0
2243.0,0.5,3,0.00048,1.0
