weight,density,degree,runtime,stretch
2038.0,0.6,3,0.000458,1.0
2552.0,0.6,4,0.000492,1.0
4079.0,0.6,3,0.001091,1.0
1566.0,0.4,2,0.000425,1.15948777648
4275.0,0.7,3,0.000487000000001,1.0
2511.0,0.6,4,0.000909999999999,1.04620462046
2068.0,0.5,3,0.000516999999999,1.0
1676.0,0.5,4,0.000475,1.63235294118
2127.0,0.5,4,0.000828,1.0
1109.0,0.5,3,0.000456,1.0
