weight,density,degree,runtime,stretch
1271.0,0.4,3,0.000884,1.0
1271.0,0.4,3,0.000752,1.0
1271.0,0.4,3,0.00075,1.0
1271.0,0.4,3,0.00073,1.0
1271.0,0.4,3,0.000771,1.0
1271.0,0.4,3,0.000712,1.0
1271.0,0.4,3,0.0007,1.0
1271.0,0.4,3,0.000731,1.0
1271.0,0.4,3,0.000682,1.0
1271.0,0.4,3,0.000683,1.0
