weight,density,degree,runtime,stretch
2095.0,0.116666666667,4,0.05,2.89534883721
4383.0,0.133333333333,8,0.03,2.14285714286
2233.0,0.113333333333,6,0.05,1.81012658228
3495.0,0.133333333333,7,0.03,1.86725663717
4433.0,0.14,8,0.03,2.03418803419
5698.0,0.156666666667,7,0.03,2.68
2484.0,0.11,6,0.05,2.7191011236
3463.0,0.12,5,0.05,1.96837944664
1861.0,0.1,5,0.05,1.48275862069
4172.0,0.14,6,0.05,1.65408805031
