weight,density,degree,runtime,stretch
2670.0,0.666666666667,3,0.000408,1.0
1254.0,0.5,2,0.000374000000001,1.0
2846.0,0.833333333333,3,0.000381,1.0
1453.0,0.666666666667,2,0.000427,1.0
2555.0,0.666666666667,3,0.000391,1.0
1133.0,0.5,2,0.000383,1.46952010376
2138.0,0.666666666667,3,0.000355,1.0
1255.0,0.833333333333,3,0.000369999999999,1.0
434.0,0.5,2,0.000361,1.0
1240.0,0.5,2,0.000454,1.74647887324
