weight,density,degree,runtime,stretch
965.0,0.4,2,0.000584,1.30833333333
2389.0,0.5,3,0.000528000000001,1.65577889447
1769.0,0.5,2,0.000667,1.9236453202
327.0,0.4,3,0.000773000000001,1.02333333333
1353.0,0.5,4,0.000619,1.0
1128.0,0.4,2,0.000617,2.94516971279
820.0,0.5,3,0.00085,1.0
2726.0,0.6,3,0.000642000000001,1.25901639344
1021.0,0.5,2,0.000667,1.0
4140.0,0.7,4,0.000577999999999,1.59814528594
