weight,density,degree,runtime,stretch
3756.0,0.143333333333,5,0.004899,1.92727272727
4277.0,0.15,7,0.004489,1.53005464481
5013.0,0.166666666667,7,0.005188,1.21739130435
2786.0,0.123333333333,5,0.003941,2.75714285714
3206.0,0.133333333333,5,0.00431,1.66197183099
3388.0,0.136666666667,5,0.004256,1.66197183099
3152.0,0.126666666667,6,0.00387,3.43037974684
2906.0,0.126666666667,6,0.004573,2.30909090909
3997.0,0.146666666667,5,0.004883,1.35164835165
3376.0,0.136666666667,5,0.004515,1.66197183099
