weight,density,degree,runtime,stretch
2618.0,0.4,3,0.000623,1.53628536285
1508.0,0.333333333333,3,0.000558,1.39179487179
1508.0,0.333333333333,3,0.000591,1.39179487179
1508.0,0.333333333333,3,0.000572,1.39179487179
3431.0,0.466666666667,3,0.000623,1.0
2456.0,0.4,3,0.000575,1.39179487179
3431.0,0.466666666667,3,0.000609,1.0
1508.0,0.333333333333,3,0.000556,1.39179487179
2456.0,0.4,3,0.001356,1.39179487179
1508.0,0.333333333333,3,0.000615,1.39179487179
