weight,density,degree,runtime,stretch
2052.0,0.4,3,0.001143,1.0
2052.0,0.4,3,0.00118,1.0
2052.0,0.4,3,0.000945,1.0
2052.0,0.4,3,0.001697,1.0
1696.0,0.333333333333,3,0.002177,1.26404494382
2052.0,0.4,3,0.001041,1.0
2052.0,0.4,3,0.001141,1.0
1696.0,0.333333333333,3,0.001364,1.26404494382
1696.0,0.333333333333,3,0.001219,1.26404494382
1696.0,0.333333333333,3,0.001379,1.26404494382
