weight,density,degree,runtime,stretch
3186.0,0.123333333333,6,0.005325,2.09090909091
5358.0,0.153333333333,7,0.008875,1.69615384615
6794.0,0.156666666667,7,0.006581,1.92079207921
3173.0,0.116666666667,5,0.007153,1.31690140845
1644.0,0.103333333333,6,0.00608399999999,1.92391304348
5267.0,0.15,7,0.00827,1.73553719008
3638.0,0.126666666667,6,0.006758,1.76296296296
3109.0,0.11,7,0.006445,2.53846153846
4892.0,0.133333333333,6,0.00735300000001,1.9512195122
6096.0,0.153333333333,7,0.007414,1.47368421053
