weight,density,degree,runtime,stretch
3681.0,0.52380952381,5,0.000915,1.0
1959.0,0.333333333333,4,0.00071,2.10714285714
2425.0,0.428571428571,5,0.000773,1.17802503477
2058.0,0.380952380952,5,0.000761,1.17802503477
2288.0,0.380952380952,5,0.000831,2.57003257329
1740.0,0.333333333333,4,0.000726,1.65065502183
2748.0,0.428571428571,4,0.000781,1.83644859813
3452.0,0.47619047619,4,0.000751999999999,1.65065502183
3681.0,0.52380952381,5,0.000842,1.0
2595.0,0.428571428571,5,0.000843,1.17802503477
