weight,density,degree,runtime,stretch
681.0,0.285714285714,3,0.001001,1.53271028037
895.0,0.321428571429,3,0.000945999999999,1.0
895.0,0.321428571429,3,0.000887000000001,1.0
895.0,0.321428571429,3,0.000870000000001,1.0
895.0,0.321428571429,3,0.000889000000001,1.0
681.0,0.285714285714,3,0.001487,1.53271028037
895.0,0.321428571429,3,0.002093,1.0
681.0,0.285714285714,3,0.004156,1.53271028037
895.0,0.321428571429,3,0.000836,1.0
895.0,0.321428571429,3,0.001914,1.0
