weight,density,degree,runtime,stretch
768.0,0.4,2,0.000514,1.0
3776.0,0.6,3,0.000461,1.0
776.0,0.4,3,0.000525,1.0
2950.0,0.6,3,0.000474000000001,1.04978813559
2181.0,0.4,2,0.000529999999999,1.0
3407.0,0.5,3,0.000423,1.0
876.0,0.5,3,0.000545,1.0
775.0,0.4,3,0.000505,1.7868852459
4081.0,0.7,3,0.000502,1.07953340403
1018.0,0.4,2,0.000455,1.77470355731
