weight,density,degree,runtime,stretch
5095.0,0.136666666667,6,0.02,1.1935483871
6103.0,0.143333333333,6,0.0,1.8652173913
7113.0,0.146666666667,5,0.02,1.36571428571
3470.0,0.126666666667,7,0.02,1.26229508197
2395.0,0.113333333333,5,0.02,1.95689655172
5122.0,0.136666666667,7,0.02,1.57613168724
5783.0,0.13,6,0.02,1.31428571429
5860.0,0.146666666667,6,0.02,1.50218340611
5793.0,0.156666666667,7,0.02,1.22580645161
3332.0,0.11,5,0.01,2.16513761468
