weight,density,degree,runtime,stretch
4158.0,0.6,4,0.000695,1.0
4158.0,0.6,4,0.000858,1.0
2404.0,0.4,3,0.000957,2.20159151194
4158.0,0.6,4,0.001317,1.0
3781.0,0.533333333333,4,0.000822,2.11140583554
3290.0,0.466666666667,4,0.000712,2.11140583554
3667.0,0.533333333333,4,0.000701,1.98370672098
3224.0,0.533333333333,4,0.001249,1.04817987152
3715.0,0.533333333333,4,0.00076,1.07674943567
3224.0,0.533333333333,4,0.000738,1.04817987152
