weight,density,degree,runtime,stretch
3520.0,0.123333333333,6,0.05,3.06593406593
2814.0,0.13,7,0.05,2.61666666667
3764.0,0.146666666667,8,0.05,1.57792207792
1319.0,0.106666666667,6,0.06,1.59649122807
6864.0,0.176666666667,9,0.05,1.79120879121
4179.0,0.126666666667,6,0.06,2.06779661017
1841.0,0.113333333333,4,0.04,3.20895522388
2380.0,0.116666666667,6,0.05,2.11290322581
2931.0,0.13,8,0.06,1.7987012987
2686.0,0.133333333333,5,0.0599999999999,3.05
