weight,density,degree,runtime,stretch
4885.0,0.133333333333,5,0.03,1.82876712329
3718.0,0.123333333333,6,0.06,2.20588235294
4733.0,0.156666666667,6,0.03,1.3842364532
3021.0,0.12,5,0.03,2.31481481481
2171.0,0.126666666667,6,0.03,1.83108108108
3871.0,0.123333333333,7,0.06,2.2803030303
3854.0,0.136666666667,6,0.06,1.70857142857
3325.0,0.126666666667,6,0.03,2.08724832215
4347.0,0.123333333333,7,0.05,1.89583333333
3826.0,0.143333333333,6,0.03,1.83673469388
