weight,density,degree,runtime,stretch
5688.0,0.14,8,0.003923,1.92413793103
5827.0,0.136666666667,7,0.003256,1.96226415094
6573.0,0.146666666667,8,0.004361,1.63821138211
5595.0,0.14,8,0.002826,1.63821138211
6023.0,0.143333333333,8,0.00385,1.63821138211
4673.0,0.13,7,0.00329,1.92413793103
7672.0,0.156666666667,9,0.003844,1.25054945055
6432.0,0.143333333333,7,0.003476,1.92413793103
5217.0,0.133333333333,7,0.002853,1.63821138211
7928.0,0.156666666667,8,0.00431,1.63821138211
