weight,density,degree,runtime,stretch
761.0,0.5,3,0.000309,1.00674763833
1122.0,0.5,3,0.000278,1.13246753247
1609.0,0.666666666667,3,0.000355,1.0
1120.0,0.5,3,0.000342,1.0
106.0,0.5,2,0.000344,1.0
2203.0,0.666666666667,2,0.000365,1.0
729.0,0.5,2,0.000293,1.17808219178
2713.0,0.666666666667,3,0.000307,1.0
96.0,0.5,2,0.000368,1.0
1527.0,0.666666666667,3,0.000333,1.0
