weight,density,degree,runtime,stretch
1827.0,0.666666666667,2,0.000316,1.0
1597.0,0.5,2,0.000257,1.0
2436.0,0.666666666667,3,0.000301,1.0
2041.0,0.5,3,0.000278,1.0
2349.0,0.5,2,0.000256,1.0
1676.0,0.5,3,0.000269,1.0
1585.0,0.5,3,0.000283,1.0
1679.0,0.666666666667,3,0.000276,1.0
2868.0,0.666666666667,3,0.000276,1.0
1012.0,0.666666666667,3,0.000274,1.0
