weight,density,degree,runtime,stretch
2156.0,0.285714285714,4,0.000935,1.0
2156.0,0.285714285714,4,0.000921,1.0
2156.0,0.285714285714,4,0.001055,1.0
2156.0,0.285714285714,4,0.000914,1.0
1715.0,0.25,4,0.000904,2.56689342404
1448.0,0.25,4,0.001049,1.22175141243
2156.0,0.285714285714,4,0.00124,1.0
2156.0,0.285714285714,4,0.001913,1.0
2156.0,0.285714285714,4,0.001515,1.0
2156.0,0.285714285714,4,0.002269,1.0
