weight,density,degree,runtime,stretch
5437.0,0.13,7,0.03,2.70503597122
3481.0,0.113333333333,5,0.03,2.76666666667
5374.0,0.133333333333,7,0.02,2.184
4493.0,0.126666666667,9,0.03,1.89473684211
3437.0,0.126666666667,5,0.03,1.56204379562
4018.0,0.12,4,0.05,2.72081218274
3247.0,0.133333333333,7,0.03,1.44086021505
3448.0,0.116666666667,6,0.03,2.10928961749
2766.0,0.113333333333,5,0.02,1.65263157895
8832.0,0.143333333333,7,0.03,2.09608540925
