weight,density,degree,runtime,stretch
2435.0,0.333333333333,3,0.000384,1.6406743941
3384.0,0.4,3,0.000584,1.0
3384.0,0.4,3,0.000744,1.0
2435.0,0.333333333333,3,0.000345,1.6406743941
2435.0,0.333333333333,3,0.000412,1.6406743941
3384.0,0.4,3,0.000494,1.0
3384.0,0.4,3,0.000473,1.0
3384.0,0.4,3,0.000409,1.0
3384.0,0.4,3,0.000479,1.0
2435.0,0.333333333333,3,0.000375,1.6406743941
