weight,density,degree,runtime,stretch
4577.0,0.12,6,0.004167,2.13513513514
3724.0,0.11,6,0.003273,2.13513513514
4051.0,0.116666666667,6,0.00368599999999,1.43805309735
3807.0,0.11,5,0.003647,1.58849557522
4187.0,0.113333333333,6,0.003811,2.13513513514
5370.0,0.13,6,0.003963,2.13513513514
5382.0,0.126666666667,6,0.003949,1.4748603352
3413.0,0.106666666667,5,0.003633,1.82412060302
4131.0,0.113333333333,6,0.003574,1.86896551724
4092.0,0.113333333333,5,0.003676,1.82068965517
