weight,density,degree,runtime,stretch
3275.0,0.833333333333,3,0.00031,1.33256880734
289.0,0.5,2,0.000268,1.0
4378.0,1.0,3,0.000399,1.0
305.0,0.5,3,0.000348,1.0
2368.0,0.833333333333,3,0.000275,1.0
2315.0,0.666666666667,2,0.000304,1.0
431.0,0.666666666667,2,0.000278,1.0
1342.0,0.666666666667,2,0.000302,1.0
2222.0,0.833333333333,3,0.000315,1.0
1726.0,0.833333333333,3,0.000301,1.0
