weight,density,degree,runtime,stretch
3907.0,0.533333333333,4,0.000443,1.25039619651
4005.0,0.533333333333,3,0.000452,1.66416510319
3907.0,0.533333333333,4,0.0004,1.25039619651
4538.0,0.6,4,0.00053,1.0
4076.0,0.533333333333,4,0.000495,1.1341991342
4538.0,0.6,4,0.000435,1.0
3543.0,0.533333333333,4,0.000437,1.40904522613
3543.0,0.533333333333,4,0.000437,1.40904522613
4005.0,0.533333333333,3,0.000505,1.66416510319
4005.0,0.533333333333,3,0.000434,1.66416510319
