weight,density,degree,runtime,stretch
781.0,0.5,2,0.000516000000001,1.0
1786.0,0.666666666667,2,0.000518,1.0
1341.0,0.666666666667,2,0.000655,1.0
676.0,0.5,2,0.000477,1.19223985891
1941.0,0.666666666667,2,0.000493000000001,1.0
949.0,0.666666666667,3,0.000512000000001,1.0
684.0,0.5,3,0.000513999999999,1.0
553.0,0.5,3,0.000558999999999,1.0
742.0,0.666666666667,3,0.000601,1.0
1894.0,0.666666666667,2,0.00066,1.0
