weight,density,degree,runtime,stretch
2131.0,0.5,3,0.000645,1.0
1251.0,0.4,3,0.000503999999999,1.0
2199.0,0.4,3,0.000461,2.06415478615
522.0,0.4,4,0.000496,1.1829787234
2419.0,0.4,3,0.000472,1.93851717902
1382.0,0.4,2,0.0009,1.0
1586.0,0.5,3,0.000543,1.0
4077.0,0.6,3,0.000485,1.0
4382.0,0.7,3,0.000835,1.0
1936.0,0.5,3,0.000514,1.0
