weight,density,degree,runtime,stretch
4674.0,0.428571428571,4,0.001032,1.25384615385
6159.0,0.52380952381,4,0.000776,1.25398773006
6435.0,0.52380952381,4,0.000717,1.5
7935.0,0.619047619048,5,0.001087,1.0
7064.0,0.571428571429,5,0.000797,1.26750861079
6517.0,0.52380952381,5,0.000656,1.24828375286
6435.0,0.52380952381,4,0.001065,1.5
6103.0,0.52380952381,4,0.000685,1.54420206659
6435.0,0.52380952381,4,0.000767,1.5
7391.0,0.571428571429,5,0.001334,1.15441176471
