weight,density,degree,runtime,stretch
2199.0,0.5,2,0.000874,1.07960199005
3297.0,0.7,4,0.000643,1.0
2199.0,0.5,2,0.000584,1.07960199005
3297.0,0.7,4,0.000727,1.0
2400.0,0.6,3,0.000622,1.02675585284
2400.0,0.6,3,0.000558,1.02675585284
3297.0,0.7,4,0.000923,1.0
3297.0,0.7,4,0.000575,1.0
3096.0,0.6,3,0.000607,1.07960199005
3297.0,0.7,4,0.000581,1.0
