weight,density,degree,runtime,stretch
4739.0,0.0783673469388,7,0.24,2.04166666667
4124.0,0.0742857142857,8,0.25,2.0625
4275.0,0.0726530612245,8,0.280000000001,2.04255319149
4458.0,0.0751020408163,8,0.29,1.65217391304
3543.0,0.065306122449,7,0.21,2.2
5122.0,0.08,7,0.25,2.29166666667
5443.0,0.0857142857143,8,0.32,2.61971830986
4297.0,0.0742857142857,8,0.22,1.75862068966
5488.0,0.0791836734694,9,0.219999999999,2.29702970297
3042.0,0.0644897959184,7,0.19,1.78181818182
