weight,density,degree,runtime,stretch
6934.0,0.0718367346939,9,0.2,3.48214285714
5498.0,0.0751020408163,8,0.21,2.5652173913
3885.0,0.065306122449,6,0.240000000001,1.20394736842
6078.0,0.0726530612245,8,0.21,1.88405797101
4197.0,0.0661224489796,7,0.21,1.96629213483
6177.0,0.0685714285714,8,0.21,2.24050632911
4659.0,0.0628571428571,6,0.21,2.98305084746
5990.0,0.0734693877551,8,0.2,2.5
4127.0,0.0644897959184,8,0.200000000001,2.17272727273
5429.0,0.0718367346939,7,0.19,1.83333333333
