weight,density,degree,runtime,stretch
4003.0,0.380952380952,3,0.000646000000001,1.0
5636.0,0.47619047619,5,0.000700999999999,1.52038369305
1285.0,0.285714285714,4,0.001314,1.0
1498.0,0.380952380952,4,0.000671000000001,1.0
3589.0,0.285714285714,3,0.001135,1.0
2624.0,0.333333333333,4,0.000758999999999,1.00755939525
2569.0,0.333333333333,4,0.000662,1.0
2815.0,0.333333333333,3,0.000657,1.0
3521.0,0.380952380952,5,0.000688999999999,1.48929159802
1850.0,0.285714285714,3,0.000618000000001,1.5
