weight,density,degree,runtime,stretch
2265.0,0.305555555556,4,0.000916,1.32931726908
5228.0,0.388888888889,5,0.001114,1.54716981132
3663.0,0.333333333333,5,0.001046,1.0
2993.0,0.333333333333,4,0.001168,1.0
2480.0,0.305555555556,4,0.003597,1.14191852825
3057.0,0.305555555556,4,0.001116,1.16349206349
4012.0,0.305555555556,5,0.000980999999999,1.2485136742
5036.0,0.333333333333,6,0.000959,3.20050761421
2168.0,0.277777777778,3,0.001129,2.75931232092
6446.0,0.388888888889,5,0.001024,1.09016393443
