weight,density,degree,runtime,stretch
7257.0,0.666666666667,5,0.000619,1.0
3414.0,0.533333333333,3,0.00099,1.5
2129.0,0.466666666667,4,0.000603,1.0
1358.0,0.4,3,0.000515,1.0
4844.0,0.666666666667,5,0.00053,1.0
1569.0,0.4,3,0.000598,1.0
653.0,0.333333333333,3,0.000531,1.0
2967.0,0.4,3,0.000483,1.08203991131
3166.0,0.4,3,0.0005,1.88729874776
2226.0,0.466666666667,4,0.000675,1.0
