weight,density,degree,runtime,stretch
2221.0,0.6,3,0.000425,1.0
2221.0,0.6,3,0.000478,1.0
2221.0,0.6,3,0.000409,1.0
2221.0,0.6,3,0.000447,1.0
1304.0,0.5,3,0.000376,1.05670665213
2221.0,0.6,3,0.000504,1.0
2221.0,0.6,3,0.000397,1.0
1304.0,0.5,3,0.000518,1.05670665213
2221.0,0.6,3,0.000441,1.0
2221.0,0.6,3,0.001021,1.0
