weight,density,degree,runtime,stretch
3084.0,0.4,3,0.000816,1.93296089385
1978.0,0.466666666667,4,0.001058,1.0
504.0,0.333333333333,4,0.000976000000001,1.0
4336.0,0.6,4,0.000862000000001,1.30337078652
4313.0,0.533333333333,4,0.000919999999997,1.0
655.0,0.333333333333,3,0.000928999999999,1.43223443223
1117.0,0.4,3,0.001116,1.0
4063.0,0.6,5,0.000826999999997,1.0
2944.0,0.533333333333,4,0.000883999999999,1.0
3504.0,0.533333333333,4,0.001893,2.08814589666
