weight,density,degree,runtime,stretch
4994.0,0.533333333333,3,0.000518,1.62357954545
827.0,0.333333333333,4,0.001112,1.0
1318.0,0.4,4,0.000688999999999,1.0
2500.0,0.466666666667,3,0.000603,1.0
5867.0,0.666666666667,4,0.000618999999999,1.11074380165
1598.0,0.333333333333,3,0.0005,2.00493421053
3793.0,0.466666666667,3,0.000587,1.31529411765
3352.0,0.4,4,0.000884,1.27619047619
1386.0,0.4,3,0.000646,1.0
3482.0,0.466666666667,4,0.000487,1.51111111111
