weight,density,degree,runtime,stretch
14981.0,0.24,9,0.007628,1.0
21106.0,0.286666666667,11,0.008153,1.0
17451.0,0.263333333333,11,0.007784,1.0
15300.0,0.243333333333,11,0.00768,1.0
18713.0,0.27,10,0.008035,1.0
14533.0,0.233333333333,9,0.007487,1.0
24078.0,0.31,13,0.009662,1.0
18380.0,0.266666666667,9,0.008278,1.0
16039.0,0.246666666667,9,0.007499,1.0
21559.0,0.3,11,0.007387,1.0
20494.0,0.276666666667,12,0.007661,1.0
