weight,density,degree,runtime,stretch
5573.0,0.123333333333,6,0.00411200000001,2.55
6341.0,0.13,6,0.00405499999999,2.41891891892
6114.0,0.126666666667,6,0.00408399999999,2.17297297297
6267.0,0.133333333333,6,0.004126,1.94076655052
4953.0,0.12,7,0.00418099999999,1.94076655052
3916.0,0.103333333333,5,0.003708,2.55
4855.0,0.113333333333,7,0.00413999999999,3.40853658537
5751.0,0.126666666667,6,0.00408400000001,2.68831168831
6493.0,0.136666666667,6,0.00418000000001,1.75675675676
3504.0,0.0966666666667,5,0.003822,2.68831168831
