weight,density,degree,runtime,stretch
608.0,0.4,2,0.000784,1.0
939.0,0.4,4,0.000551,1.0
1653.0,0.4,4,0.000557,1.07728894174
2732.0,0.533333333333,5,0.000629,1.0
2520.0,0.533333333333,4,0.000495,2.0243902439
1907.0,0.466666666667,3,0.000523,1.0
2989.0,0.466666666667,3,0.000452,1.46466431095
536.0,0.4,4,0.000573,1.0
6695.0,0.666666666667,4,0.000547,1.0
1910.0,0.466666666667,4,0.000516,1.34004474273
