weight,density,degree,runtime,stretch
4230.0,0.136666666667,6,0.00790599999999,1.79545454545
5064.0,0.123333333333,5,0.00611599999999,1.86645962733
4253.0,0.133333333333,7,0.00734700000001,1.85365853659
2556.0,0.1,5,0.00702299999999,2.30813953488
4054.0,0.13,5,0.00954100000001,1.81904761905
4535.0,0.143333333333,7,0.010354,1.45604395604
3137.0,0.116666666667,5,0.007126,2.26865671642
3262.0,0.133333333333,7,0.00685,2.15789473684
4183.0,0.146666666667,7,0.005897,1.70779220779
5053.0,0.143333333333,7,0.006799,1.79545454545
