weight,density,degree,runtime,stretch
1735.0,0.285714285714,4,0.00117,1.85322896282
2629.0,0.392857142857,4,0.000678,1.0
2401.0,0.357142857143,3,0.000821,1.0
312.0,0.25,5,0.000747,1.0
1921.0,0.357142857143,4,0.000935,1.0
2509.0,0.392857142857,4,0.000805,1.00217391304
3397.0,0.5,5,0.00069,1.0
4922.0,0.464285714286,5,0.000754,1.39821029083
3026.0,0.428571428571,5,0.000722,1.72155688623
4148.0,0.464285714286,4,0.000829,1.0465631929
