weight,density,degree,runtime,stretch
4155.0,0.126666666667,6,0.003582,1.57558139535
5198.0,0.133333333333,7,0.003485,2.39344262295
3695.0,0.12,7,0.003591,1.53442622951
4013.0,0.116666666667,6,0.003269,2.24827586207
4245.0,0.12,6,0.003595,2.31428571429
4697.0,0.13,7,0.00371,1.80124223602
4303.0,0.126666666667,7,0.003479,1.57558139535
3991.0,0.12,7,0.003143,2.31428571429
5616.0,0.14,7,0.003767,1.80124223602
3656.0,0.116666666667,7,0.003326,2.22772277228
