weight,density,degree,runtime,stretch
1525.0,0.5,3,0.000694999999999,1.0
1316.0,0.5,3,0.000684,1.0
2292.0,0.6,4,0.000662999999999,1.06815365551
2033.0,0.5,3,0.000653,1.21194379391
924.0,0.4,3,0.000624999999999,1.34697217676
746.0,0.4,2,0.000625999999999,1.49785407725
1893.0,0.6,3,0.000655999999999,1.16633266533
970.0,0.4,3,0.000653999999999,1.55869565217
2268.0,0.6,3,0.000639,1.80046948357
712.0,0.4,2,0.000632999999999,1.0
