weight,density,degree,runtime,stretch
1468.0,0.6,3,0.000493,1.0
731.0,0.4,2,0.000634000000001,1.0
3179.0,0.6,3,0.000518,1.0
2440.0,0.6,4,0.000477,1.03076923077
3807.0,0.8,4,0.000521,1.26160990712
2813.0,0.6,3,0.000544,1.0
2082.0,0.6,4,0.000519000000001,1.0
3132.0,0.7,3,0.000591,1.0
2359.0,0.5,3,0.000578,1.47784431138
2557.0,0.6,3,0.000719,1.02869287991
