weight,density,degree,runtime,stretch
2492.0,0.380952380952,3,0.001665,1.85961538462
4048.0,0.428571428571,5,0.001032,1.25665859564
1824.0,0.285714285714,4,0.000985,1.8064516129
2761.0,0.428571428571,4,0.001991,1.52110091743
3768.0,0.52380952381,4,0.001396,1.0
1161.0,0.333333333333,4,0.001011,1.28947368421
2825.0,0.428571428571,3,0.001059,1.14492753623
4447.0,0.571428571429,6,0.00174,1.53156822811
2140.0,0.380952380952,4,0.00101,1.11297709924
863.0,0.333333333333,3,0.00126,1.0
