weight,density,degree,runtime,stretch
1768.0,0.333333333333,4,0.000887000000002,2.06837606838
2246.0,0.4,3,0.000888999999997,1.70771756979
1536.0,0.4,3,0.002041,1.0
4105.0,0.533333333333,3,0.000927000000001,1.73869346734
1426.0,0.333333333333,3,0.000904000000002,1.95482546201
3622.0,0.533333333333,4,0.000969000000001,1.0
2141.0,0.533333333333,4,0.001668,1.0
879.0,0.4,3,0.000920000000001,1.59878419453
2649.0,0.533333333333,3,0.000909,1.59645232816
1377.0,0.4,3,0.000966999999999,1.67088607595
