weight,density,degree,runtime,stretch
908.0,0.4,3,0.000769,1.0
908.0,0.4,3,0.00073,1.0
908.0,0.4,3,0.000752,1.0
908.0,0.4,3,0.00067,1.0
908.0,0.4,3,0.000679,1.0
908.0,0.4,3,0.000642,1.0
908.0,0.4,3,0.000664,1.0
908.0,0.4,3,0.000673,1.0
908.0,0.4,3,0.00083,1.0
908.0,0.4,3,0.000687,1.0
