weight,density,degree,runtime,stretch
997.0,0.5,2,0.000643,1.27330779055
1517.0,0.666666666667,2,0.000567999999999,1.0
1300.0,0.666666666667,2,0.000555,1.0
1177.0,0.5,3,0.000620999999999,1.0
1485.0,0.5,2,0.00051,1.0
1335.0,0.666666666667,2,0.000541,1.0
1093.0,0.5,3,0.000531000000001,1.0
1874.0,0.5,2,0.000503,1.56315007429
1391.0,0.666666666667,2,0.000491,1.0
1139.0,0.5,2,0.000517,2.5595505618
