weight,density,degree,runtime,stretch
2496.0,0.113333333333,5,0.005025,1.63793103448
2127.0,0.106666666667,5,0.005066,2.14367816092
3159.0,0.123333333333,5,0.00573799999999,2.14367816092
2479.0,0.11,5,0.005368,2.25
1988.0,0.1,5,0.004896,2.14367816092
3397.0,0.13,6,0.005351,1.63793103448
2889.0,0.116666666667,5,0.00593000000001,1.64
2850.0,0.12,6,0.005302,1.49723756906
2384.0,0.11,5,0.00506399999999,2.14367816092
2079.0,0.103333333333,5,0.004999,2.14367816092
