weight,density,degree,runtime,stretch
2024.0,0.6,3,0.000774,1.0
2024.0,0.6,3,0.000729,1.0
2024.0,0.6,3,0.00071,1.0
2024.0,0.6,3,0.000774,1.0
2024.0,0.6,3,0.000702,1.0
1074.0,0.4,3,0.000709,1.5223880597
1421.0,0.5,3,0.000721,1.5223880597
2024.0,0.6,3,0.000719,1.0
1677.0,0.5,3,0.000701,1.15561959654
2024.0,0.6,3,0.000663,1.0
