weight,density,degree,runtime,stretch
1496.0,0.4,3,0.000845,1.35108958838
1714.0,0.466666666667,3,0.000686,1.24778761062
543.0,0.4,3,0.000755000000002,2.0
2783.0,0.533333333333,3,0.000798,1.2869379015
1297.0,0.333333333333,3,0.000633000000001,1.64623955432
2334.0,0.4,3,0.000705,1.29949874687
6422.0,0.6,5,0.000743999999999,2.28869565217
829.0,0.333333333333,3,0.000839000000001,1.0
305.0,0.333333333333,4,0.00071,1.0
784.0,0.333333333333,4,0.000827000000001,1.0
