weight,density,degree,runtime,stretch
2522.0,0.321428571429,4,0.001478,1.43642611684
6962.0,0.464285714286,5,0.001094,2.08189655172
5033.0,0.464285714286,5,0.001227,1.32
4598.0,0.357142857143,4,0.000897000000002,1.16835699797
2276.0,0.321428571429,3,0.00123,1.0
3309.0,0.357142857143,4,0.001138,1.0
2475.0,0.285714285714,3,0.00105,1.2119205298
1779.0,0.285714285714,5,0.00108,1.50084889643
2385.0,0.321428571429,3,0.001051,1.0
5487.0,0.392857142857,4,0.001622,1.01945945946
