weight,density,degree,runtime,stretch
5193.0,0.392857142857,5,0.000833,2.47484909457
2396.0,0.357142857143,4,0.001013,1.29181494662
3727.0,0.428571428571,5,0.001081,1.43556701031
1321.0,0.357142857143,4,0.001052,1.0
4104.0,0.464285714286,4,0.001049,1.0
2510.0,0.357142857143,5,0.000913,1.51401869159
2580.0,0.357142857143,5,0.000872999999999,2.13611111111
916.0,0.285714285714,4,0.00095,1.0
1077.0,0.321428571429,4,0.001161,1.22922636103
2733.0,0.392857142857,4,0.000942,1.0
