weight,density,degree,runtime,stretch
4713.0,0.416666666667,6,0.000821,1.0
2969.0,0.333333333333,4,0.000914,1.0
6096.0,0.361111111111,5,0.000694,1.0
4654.0,0.305555555556,4,0.000716,1.78093306288
5905.0,0.361111111111,4,0.00068,1.30718085106
6398.0,0.361111111111,4,0.000676,1.48901098901
1552.0,0.25,5,0.00074,1.01828571429
1927.0,0.277777777778,4,0.000703,1.21011673152
4943.0,0.361111111111,4,0.000839,1.15303738318
2197.0,0.277777777778,4,0.001054,1.0
