weight,density,degree,runtime,stretch
2496.0,0.285714285714,4,0.001581,2.16374269006
2205.0,0.285714285714,5,0.002728,1.30214424951
1731.0,0.25,5,0.004202,1.86497890295
3467.0,0.357142857143,5,0.00116,1.0
1731.0,0.25,5,0.001463,1.86497890295
1731.0,0.25,5,0.001086,1.86497890295
2954.0,0.321428571429,5,0.000954999999999,1.30214424951
2718.0,0.321428571429,5,0.002854,1.22162883845
2480.0,0.285714285714,5,0.00187,1.86497890295
2205.0,0.285714285714,5,0.001982,1.30214424951
