weight,density,degree,runtime,stretch
2183.0,0.666666666667,2,0.000941999999998,1.79234972678
2194.0,0.5,2,0.000571999999998,1.0
3090.0,0.833333333333,3,0.000598,1.0
2065.0,0.666666666667,3,0.000612,1.19351230425
2403.0,0.666666666667,3,0.000524000000002,1.0
703.0,0.5,2,0.000554999999999,1.06678082192
624.0,0.5,2,0.000582000000001,1.0
3308.0,0.833333333333,3,0.000549000000003,1.0
2770.0,0.666666666667,3,0.000623000000001,1.0
1358.0,0.5,2,0.000971,1.0
