weight,density,degree,runtime,stretch
1543.0,0.4,3,0.000602,1.23602484472
1368.0,0.4,3,0.000653,1.0
1357.0,0.4,4,0.000826,1.0
1576.0,0.466666666667,3,0.000583,1.0
948.0,0.4,4,0.000604,1.0
1093.0,0.4,3,0.000691000000001,1.0
2520.0,0.4,5,0.000623,1.4631147541
1803.0,0.4,3,0.000704000000001,1.27941176471
2537.0,0.4,3,0.00073,2.54952830189
3412.0,0.533333333333,4,0.000645,1.63869863014
