weight,density,degree,runtime,stretch
2710.0,0.4,3,0.000535,1.0
2575.0,0.466666666667,4,0.000521,1.0
3592.0,0.4,4,0.000461,1.0
1938.0,0.4,5,0.00054,1.0
1389.0,0.4,2,0.000576000000001,1.0
1678.0,0.333333333333,3,0.000557000000001,1.29765545362
2776.0,0.533333333333,4,0.000673,1.0
4150.0,0.466666666667,4,0.000524,1.0
3874.0,0.4,4,0.000453,1.68390804598
3158.0,0.4,4,0.000482,1.0
