weight,density,degree,runtime,stretch
4571.0,0.333333333333,4,0.001528,1.02358490566
5031.0,0.305555555556,3,0.001171,2.23701298701
4978.0,0.388888888889,4,0.001538,1.31091180867
8612.0,0.388888888889,5,0.001078,1.75246132208
4218.0,0.333333333333,5,0.001257,2.19770773639
3649.0,0.361111111111,5,0.001224,1.0
2526.0,0.25,5,0.001189,1.0
4348.0,0.305555555556,4,0.00122,2.23835616438
3946.0,0.277777777778,5,0.001168,1.0
797.0,0.25,3,0.001292,1.0
