weight,density,degree,runtime,stretch
1945.0,0.285714285714,3,0.000558,1.0
1945.0,0.285714285714,3,0.000742,1.0
1945.0,0.285714285714,3,0.000994,1.0
1945.0,0.285714285714,3,0.000638,1.0
1945.0,0.285714285714,3,0.000509,1.0
1945.0,0.285714285714,3,0.000572,1.0
1945.0,0.285714285714,3,0.000708,1.0
1945.0,0.285714285714,3,0.000597,1.0
1945.0,0.285714285714,3,0.00063,1.0
1945.0,0.285714285714,3,0.000716,1.0
