weight,density,degree,runtime,stretch
1316.0,0.666666666667,3,0.000496,1.08774373259
2150.0,0.833333333333,3,0.000483000000001,1.0
3967.0,0.833333333333,3,0.000646000000001,1.48140043764
584.0,0.5,2,0.000603,1.0
1507.0,0.833333333333,3,0.000566000000001,1.0
2848.0,1.0,3,0.000465,1.0
2708.0,0.833333333333,3,0.000477,1.0
300.0,0.5,2,0.000438000000001,1.28755364807
962.0,0.666666666667,3,0.000405000000001,1.54277286136
1421.0,0.666666666667,2,0.000529,1.0
