weight,density,degree,runtime,stretch
919.0,0.333333333333,4,0.000903,1.0
919.0,0.333333333333,4,0.00106,1.0
531.0,0.285714285714,4,0.000816,1.07216494845
919.0,0.333333333333,4,0.001145,1.0
919.0,0.333333333333,4,0.001195,1.0
919.0,0.333333333333,4,0.000852,1.0
919.0,0.333333333333,4,0.001331,1.0
919.0,0.333333333333,4,0.000836,1.0
699.0,0.285714285714,4,0.001011,2.65454545455
919.0,0.333333333333,4,0.000873,1.0
