weight,density,degree,runtime,stretch
4469.0,0.333333333333,4,0.000711,1.04498714653
9384.0,0.416666666667,5,0.000826,1.0
2526.0,0.25,3,0.000667,1.33333333333
5697.0,0.388888888889,4,0.000905,1.38121546961
9944.0,0.416666666667,6,0.00077,1.41630901288
3682.0,0.305555555556,5,0.000625,1.51886792453
4051.0,0.361111111111,4,0.000744,1.0
6562.0,0.333333333333,4,0.001016,1.21376433785
4166.0,0.305555555556,3,0.000895,1.24703344121
5103.0,0.361111111111,4,0.000758,1.0
