weight,density,degree,runtime,stretch
2964.0,0.321428571429,4,0.001001,1.69216061185
2305.0,0.321428571429,3,0.001401,1.0
5281.0,0.428571428571,4,0.002184,1.0
1868.0,0.285714285714,3,0.001607,1.6717325228
4557.0,0.357142857143,4,0.001139,1.01277584204
2467.0,0.321428571429,4,0.00129,1.05944798301
3488.0,0.285714285714,3,0.000874,2.38009049774
1033.0,0.285714285714,3,0.001066,1.0
3669.0,0.321428571429,4,0.000906000000001,2.48582995951
4864.0,0.428571428571,4,0.001032,1.00471698113
