weight,density,degree,runtime,stretch
6326.0,0.143333333333,7,0.003273,1.425
4403.0,0.116666666667,6,0.00298900000001,2.11020408163
4773.0,0.12,6,0.003244,2.50310559006
7654.0,0.15,6,0.003522,1.89583333333
7944.0,0.16,6,0.003345,1.47756410256
5842.0,0.133333333333,5,0.003217,2.14574898785
7242.0,0.153333333333,6,0.003481,1.58125
5734.0,0.136666666667,8,0.003212,1.79183673469
8356.0,0.163333333333,6,0.003589,1.33603238866
4297.0,0.113333333333,6,0.002785,2.92567567568
