weight,density,degree,runtime,stretch
2357.0,0.466666666667,3,0.001182,1.87128712871
2143.0,0.4,3,0.00184,2.24813895782
2560.0,0.466666666667,3,0.000992,2.24813895782
2546.0,0.466666666667,3,0.001071,1.1103117506
2546.0,0.466666666667,3,0.001583,1.1103117506
2963.0,0.533333333333,3,0.000916,1.0
2546.0,0.466666666667,3,0.001363,1.1103117506
2361.0,0.466666666667,3,0.001064,1.17441860465
2963.0,0.533333333333,3,0.001058,1.0
2546.0,0.466666666667,3,0.00092,1.1103117506
