weight,density,degree,runtime,stretch
6620.0,0.5,5,0.000764,1.0
4883.0,0.535714285714,5,0.000959,1.0
2729.0,0.285714285714,4,0.00129,1.37645687646
1427.0,0.285714285714,3,0.00075,1.01069518717
5655.0,0.5,5,0.000775,1.08426966292
9833.0,0.607142857143,5,0.000819,1.28515625
1550.0,0.285714285714,4,0.000768,1.43558282209
1383.0,0.357142857143,4,0.001154,1.54635761589
2219.0,0.392857142857,5,0.000768,1.15229885057
5412.0,0.464285714286,6,0.000696,1.47300215983
