weight,density,degree,runtime,stretch
9753.0,0.146666666667,6,0.02,1.34408602151
8333.0,0.156666666667,6,0.0,1.4329004329
8517.0,0.146666666667,6,0.01,1.58252427184
8192.0,0.143333333333,8,0.02,1.12195121951
7252.0,0.143333333333,6,0.02,1.23018867925
8467.0,0.15,7,0.0,1.79357798165
7109.0,0.133333333333,7,0.0,1.3880126183
8395.0,0.14,7,0.02,1.56597222222
6397.0,0.123333333333,5,0.0,1.58823529412
8457.0,0.156666666667,5,0.01,1.30208333333
