weight,density,degree,runtime,stretch
1497.0,0.5,4,0.001334,1.0
2232.0,0.5,4,0.002158,1.22512562814
595.0,0.4,2,0.000803000000001,2.024
1212.0,0.5,3,0.000719,1.25729442971
2531.0,0.6,3,0.000740999999998,1.0
911.0,0.4,2,0.000786999999999,1.30703012912
1955.0,0.5,3,0.001584,1.4450867052
1590.0,0.4,3,0.000760999999997,1.79255319149
425.0,0.4,2,0.000743,1.0
1719.0,0.5,3,0.000868999999998,1.61818181818
