weight,density,degree,runtime,stretch
5547.0,0.392857142857,4,0.001367,1.70193548387
1901.0,0.285714285714,3,0.001034,1.41725352113
2674.0,0.321428571429,4,0.000839000000001,1.40625
548.0,0.25,3,0.000778,1.39896373057
3846.0,0.321428571429,4,0.000871999999999,1.86023622047
3113.0,0.285714285714,3,0.000831,1.99414519906
1268.0,0.321428571429,3,0.000954,1.0
1731.0,0.285714285714,3,0.00102,2.43137254902
5443.0,0.428571428571,4,0.001031,1.0
2777.0,0.285714285714,4,0.000762999999999,1.52861952862
