weight,density,degree,runtime,stretch
6159.0,0.166666666667,6,0.008438,1.0
6159.0,0.166666666667,6,0.008379,1.0
6159.0,0.166666666667,6,0.008408,1.0
6159.0,0.166666666667,6,0.009835,1.0
6159.0,0.166666666667,6,0.008905,1.0
6159.0,0.166666666667,6,0.008786,1.0
6159.0,0.166666666667,6,0.008507,1.0
6159.0,0.166666666667,6,0.00862,1.0
6159.0,0.166666666667,6,0.008738,1.0
6159.0,0.166666666667,6,0.009124,1.0
6159.0,0.166666666667,6,0.009383,1.0
