weight,density,degree,runtime,stretch
2906.0,0.466666666667,3,0.000604,1.90427698574
905.0,0.466666666667,3,0.000626,1.0
706.0,0.333333333333,2,0.000623,1.0
480.0,0.333333333333,3,0.000607,2.33962264151
602.0,0.333333333333,4,0.000567,1.32142857143
3993.0,0.533333333333,5,0.001013,1.59504132231
412.0,0.333333333333,2,0.001289,1.0
657.0,0.333333333333,3,0.000631,1.0
1790.0,0.333333333333,4,0.000602,1.77800407332
1002.0,0.4,3,0.000553,1.0
