weight,density,degree,runtime,stretch
641.0,0.25,3,0.001339,1.73770491803
702.0,0.285714285714,4,0.001251,1.0
702.0,0.285714285714,4,0.001042,1.0
702.0,0.285714285714,4,0.001018,1.0
702.0,0.285714285714,4,0.000964,1.0
702.0,0.285714285714,4,0.001039,1.0
638.0,0.25,4,0.001112,1.609375
702.0,0.285714285714,4,0.000992,1.0
702.0,0.285714285714,4,0.002404,1.0
702.0,0.285714285714,4,0.001459,1.0
