weight,density,degree,runtime,stretch
1714.0,0.4,2,0.000523,2.06581352834
1699.0,0.5,3,0.000628000000001,1.0
2437.0,0.5,4,0.000521,1.00101112235
1313.0,0.5,2,0.000504,1.0
1715.0,0.5,3,0.00056,1.0
3440.0,0.7,4,0.000535999999999,1.0
1607.0,0.4,3,0.000574,1.24012474012
1625.0,0.6,3,0.00056,1.0
1334.0,0.4,4,0.000518,1.47310344828
3414.0,0.6,3,0.000468,1.28235294118
