weight,density,degree,runtime,stretch
1216.0,0.5,3,0.000972000000001,1.0
1391.0,0.4,3,0.000715,1.64705882353
1742.0,0.5,4,0.000959999999999,1.53043478261
929.0,0.4,2,0.000793999999999,1.36650868878
555.0,0.4,3,0.00085,1.0
552.0,0.4,3,0.000893000000001,1.06681514477
2966.0,0.7,3,0.000900999999999,1.0
4545.0,0.7,4,0.000821000000002,1.89713322091
340.0,0.4,3,0.000743,1.0
182.0,0.4,2,0.001447,1.0
