weight,density,degree,runtime,stretch
3238.0,0.12,7,0.004717,2.21333333333
3990.0,0.133333333333,6,0.00521500000001,1.85763888889
4595.0,0.146666666667,6,0.005363,1.55208333333
2774.0,0.116666666667,8,0.004701,2.15254237288
3652.0,0.133333333333,8,0.00494999999999,2.09166666667
3722.0,0.133333333333,7,0.004715,3.00884955752
4313.0,0.143333333333,6,0.004811,1.78409090909
4437.0,0.143333333333,6,0.00492,2.14406779661
3114.0,0.12,6,0.00456600000001,2.21333333333
4276.0,0.136666666667,6,0.004769,2.14406779661
