weight,density,degree,runtime,stretch
2378.0,0.380952380952,4,0.002154,1.95597484277
1735.0,0.333333333333,4,0.001193,1.95597484277
1735.0,0.333333333333,4,0.001103,1.95597484277
1735.0,0.333333333333,4,0.001155,1.95597484277
2541.0,0.380952380952,3,0.001214,1.55414012739
2212.0,0.380952380952,4,0.001178,1.06065318818
2855.0,0.428571428571,4,0.002265,1.0
2855.0,0.428571428571,4,0.002567,1.0
2212.0,0.380952380952,4,0.002524,1.06065318818
2374.0,0.380952380952,3,0.001522,1.93139293139
