weight,density,degree,runtime,stretch
961.0,0.333333333333,3,0.001081,1.0
961.0,0.333333333333,3,0.001457,1.0
961.0,0.333333333333,3,0.001906,1.0
961.0,0.333333333333,3,0.001035,1.0
961.0,0.333333333333,3,0.001345,1.0
961.0,0.333333333333,3,0.001872,1.0
961.0,0.333333333333,3,0.001748,1.0
961.0,0.333333333333,3,0.001397,1.0
698.0,0.285714285714,2,0.001925,2.39543726236
961.0,0.333333333333,3,0.001671,1.0
