weight,density,degree,runtime,stretch
1349.0,0.666666666667,2,0.000945,1.0
2980.0,0.833333333333,3,0.000397,1.0
2106.0,0.666666666667,2,0.000386,1.0
1187.0,0.666666666667,2,0.000417000000001,1.0
1665.0,0.5,2,0.000365,1.0
2158.0,0.5,2,0.000397,1.0
944.0,0.666666666667,2,0.000487,1.0
1886.0,0.5,2,0.000526,1.0
1145.0,0.666666666667,2,0.000448,1.0
1244.0,0.666666666667,2,0.000604,1.0
