weight,density,degree,runtime,stretch
3999.0,0.143333333333,6,0.004526,1.95454545455
4687.0,0.163333333333,7,0.005961,1.88944723618
2984.0,0.133333333333,7,0.004381,2.48214285714
2394.0,0.116666666667,6,0.004165,2.73469387755
2658.0,0.123333333333,6,0.004582,2.08040201005
2222.0,0.113333333333,6,0.004516,2.69230769231
2999.0,0.13,7,0.004376,2.20930232558
4027.0,0.146666666667,6,0.00502,1.95454545455
4039.0,0.146666666667,6,0.005367,1.95454545455
2548.0,0.123333333333,5,0.004532,2.03846153846
