weight,density,degree,runtime,stretch
4394.0,0.52380952381,4,0.000587,1.0
5737.0,0.571428571429,4,0.00051,1.30769230769
1252.0,0.428571428571,4,0.001199,1.0
2672.0,0.47619047619,3,0.000567,1.0
4325.0,0.47619047619,4,0.000581,1.0
3319.0,0.428571428571,4,0.001154,1.20930232558
1946.0,0.333333333333,3,0.00073,1.0
3964.0,0.47619047619,4,0.000609,1.14427860697
4175.0,0.428571428571,5,0.000613,1.18632855568
2475.0,0.380952380952,4,0.000484,1.72987477639
