weight,density,degree,runtime,stretch
1483.0,0.333333333333,4,0.001039,1.27359490986
1483.0,0.333333333333,4,0.001163,1.27359490986
2426.0,0.4,4,0.001087,1.0
1483.0,0.333333333333,4,0.000997,1.27359490986
2426.0,0.4,4,0.000934,1.0
1483.0,0.333333333333,4,0.001505,1.27359490986
1483.0,0.333333333333,4,0.001176,1.27359490986
2426.0,0.4,4,0.001507,1.0
1483.0,0.333333333333,4,0.001076,1.27359490986
1483.0,0.333333333333,4,0.001704,1.27359490986
