weight,density,degree,runtime,stretch
943.0,0.4,3,0.000388,1.52054794521
1527.0,0.5,3,0.000493,1.0
1527.0,0.5,3,0.000458,1.0
1527.0,0.5,3,0.000438,1.0
943.0,0.4,3,0.000383,1.52054794521
943.0,0.4,3,0.000374,1.52054794521
1527.0,0.5,3,0.000381,1.0
1527.0,0.5,3,0.000468,1.0
1527.0,0.5,3,0.000414,1.0
1527.0,0.5,3,0.000414,1.0
