weight,density,degree,runtime,stretch
1780.0,0.5,2,0.000601,1.0
1780.0,0.5,2,0.00052,1.0
1035.0,0.4,2,0.000563,1.38926174497
1035.0,0.4,2,0.000516,1.38926174497
1035.0,0.4,2,0.000732,1.38926174497
1780.0,0.5,2,0.000526,1.0
1780.0,0.5,2,0.000569,1.0
1780.0,0.5,2,0.000544,1.0
1780.0,0.5,2,0.000594,1.0
1035.0,0.4,2,0.000633,1.38926174497
