weight,density,degree,runtime,stretch
1464.0,0.5,3,0.000772,1.50366300366
926.0,0.5,3,0.000579,1.0
528.0,0.4,3,0.000589,1.0
1530.0,0.5,2,0.000576000000001,1.0
2072.0,0.5,3,0.000502,1.29949874687
2902.0,0.6,3,0.000592,1.0
2431.0,0.5,4,0.000609,1.5408719346
4630.0,0.7,4,0.000631,1.0
2020.0,0.6,3,0.000538,1.0
1756.0,0.5,2,0.000604,1.0
