weight,density,degree,runtime,stretch
3716.0,0.428571428571,4,0.001272,1.20948616601
4222.0,0.464285714286,4,0.002084,1.0
3716.0,0.428571428571,4,0.002908,1.20948616601
4222.0,0.464285714286,4,0.006723,1.0
3361.0,0.392857142857,4,0.001425,1.13105413105
2653.0,0.357142857143,4,0.001427,1.27700831025
3733.0,0.428571428571,4,0.000794000000001,1.72392638037
3861.0,0.428571428571,4,0.001504,1.27700831025
2485.0,0.321428571429,4,0.000664,1.88108108108
4222.0,0.464285714286,4,0.000757999999999,1.0
