weight,density,degree,runtime,stretch
3078.0,0.357142857143,4,0.001454,1.09286523216
3961.0,0.392857142857,4,0.001215,1.0
2137.0,0.285714285714,4,0.000902,1.35645472062
2559.0,0.321428571429,4,0.001695,1.35645472062
3020.0,0.321428571429,4,0.001111,1.35645472062
3961.0,0.392857142857,4,0.000859,1.0
3961.0,0.392857142857,4,0.000833,1.0
2270.0,0.285714285714,3,0.000810000000001,2.13471502591
3961.0,0.392857142857,4,0.000850999999999,1.0
3575.0,0.357142857143,4,0.000800999999999,2.13471502591
