weight,density,degree,runtime,stretch
3928.0,0.6,4,0.000607,1.0
2953.0,0.5,3,0.000584999999999,1.0
2831.0,0.4,3,0.000674,1.0
2139.0,0.5,3,0.000648,1.0
1551.0,0.4,3,0.000525000000001,1.06032719836
1568.0,0.4,2,0.000607,1.0
3254.0,0.6,3,0.000684,1.0
2289.0,0.5,2,0.000767,1.0
678.0,0.4,4,0.00076,1.0
2546.0,0.4,2,0.000674999999999,1.0
