weight,density,degree,runtime,stretch
3287.0,0.428571428571,4,0.001344,1.0
2628.0,0.333333333333,4,0.001314,1.0
4250.0,0.428571428571,4,0.001346,1.0
4570.0,0.47619047619,5,0.001346,1.46888567294
4282.0,0.47619047619,5,0.001944,1.14367816092
3312.0,0.380952380952,4,0.001323,2.55501222494
3255.0,0.333333333333,4,0.001228,2.18852459016
1713.0,0.380952380952,3,0.001572,1.0
1965.0,0.380952380952,3,0.001733,1.0
1216.0,0.333333333333,3,0.001738,1.0
