weight,density,degree,runtime,stretch
4203.0,0.0685714285714,5,0.012468,2.36507936508
4655.0,0.0718367346939,6,0.014265,2.1746031746
5896.0,0.0824489795918,7,0.015103,1.92105263158
5759.0,0.08,8,0.0139610000001,2.36507936508
4270.0,0.0702040816327,7,0.012711,2.1875
3387.0,0.0620408163265,6,0.010703,2.1875
4245.0,0.0677551020408,6,0.011768,2.26829268293
4123.0,0.0669387755102,6,0.01122,2.6875
4757.0,0.0726530612245,7,0.012221,2.36507936508
5742.0,0.0791836734694,7,0.014144,3.13461538462
