weight,density,degree,runtime,stretch
433.0,0.5,2,0.000337,1.0
320.0,0.5,2,0.000346,1.0
814.0,0.5,2,0.000319,1.45878136201
3559.0,1.0,3,0.000323,1.0
3670.0,0.833333333333,3,0.000332,1.28792912514
2074.0,0.666666666667,2,0.000395,1.0
1278.0,0.5,3,0.000324,1.22611464968
964.0,0.5,2,0.000306,1.00626304802
586.0,0.5,2,0.0003,1.0
594.0,0.5,3,0.000339,1.0
