weight,density,degree,runtime,stretch
961.0,0.285714285714,3,0.00086,1.27702702703
1603.0,0.333333333333,3,0.000521,1.7254601227
2004.0,0.428571428571,4,0.000677,1.0
2742.0,0.380952380952,4,0.000497,1.17105263158
5350.0,0.47619047619,4,0.000573,1.10796915167
3043.0,0.380952380952,4,0.000465,1.49707602339
3935.0,0.428571428571,5,0.000568,1.0
2962.0,0.428571428571,6,0.00062,1.0
3640.0,0.47619047619,4,0.000551,1.0
5899.0,0.571428571429,4,0.000696,1.0
