weight,density,degree,runtime,stretch
2621.0,0.428571428571,5,0.000699,1.0
2143.0,0.380952380952,5,0.00099,1.12343096234
2205.0,0.380952380952,5,0.000633,1.66105769231
2205.0,0.380952380952,5,0.000516,1.66105769231
2621.0,0.428571428571,5,0.000734,1.0
2621.0,0.428571428571,5,0.000809,1.0
2621.0,0.428571428571,5,0.000828,1.0
2621.0,0.428571428571,5,0.000712,1.0
2205.0,0.380952380952,5,0.001336,1.66105769231
2621.0,0.428571428571,5,0.000858,1.0
