weight,density,degree,runtime,stretch
4052.0,0.361111111111,4,0.001529,2.14176245211
2498.0,0.305555555556,5,0.001635,1.64578833693
2106.0,0.333333333333,4,0.001684,2.17857142857
2654.0,0.416666666667,5,0.001687,1.47342995169
1072.0,0.222222222222,4,0.001476,1.70350404313
1824.0,0.305555555556,4,0.001454,2.44375
1719.0,0.277777777778,3,0.001531,1.41753653445
3593.0,0.333333333333,4,0.001501,1.988
1376.0,0.305555555556,4,0.001545,1.59027777778
1627.0,0.305555555556,4,0.001549,1.04433497537
