weight,density,degree,runtime,stretch
2350.0,0.0933333333333,6,0.003368,2.00549450549
3173.0,0.106666666667,6,0.003889,2.4623655914
2491.0,0.0933333333333,6,0.00357,2.4623655914
3173.0,0.106666666667,6,0.00417,1.85024154589
3085.0,0.106666666667,6,0.003649,1.87922705314
2765.0,0.1,6,0.003787,2.27672955975
3129.0,0.106666666667,6,0.003683,2.00549450549
2352.0,0.0933333333333,6,0.003333,1.8940397351
3574.0,0.11,6,0.00373399999999,1.85024154589
3574.0,0.11,6,0.003499,1.85024154589
