weight,density,degree,runtime,stretch
6322.0,0.464285714286,5,0.001187,1.0
7579.0,0.5,4,0.000657,1.0434192673
7953.0,0.464285714286,4,0.000595,1.43738317757
4040.0,0.464285714286,5,0.000645,1.0
4835.0,0.428571428571,4,0.000696,1.0
4130.0,0.392857142857,4,0.000621,1.85426356589
4283.0,0.357142857143,3,0.000567,1.62443946188
4449.0,0.392857142857,4,0.000624,1.0
3180.0,0.357142857143,5,0.000679,1.24480369515
3089.0,0.392857142857,4,0.000698,1.0
