weight,density,degree,runtime,stretch
2184.0,0.380952380952,4,0.000557,1.51683168317
2792.0,0.428571428571,4,0.000552,1.3073089701
3268.0,0.333333333333,4,0.000625,1.00763358779
1604.0,0.285714285714,3,0.000534,1.63278688525
5661.0,0.47619047619,4,0.000586,2.0152027027
1333.0,0.285714285714,3,0.00058,1.30952380952
3232.0,0.380952380952,4,0.001332,1.0
2180.0,0.380952380952,4,0.000654,1.34708737864
2410.0,0.380952380952,3,0.000658,1.0
1791.0,0.380952380952,5,0.000674,1.0
