weight,density,degree,runtime,stretch
3464.0,0.5,3,0.000392,1.0
2750.0,0.4,3,0.000345,1.49159663866
3464.0,0.5,3,0.000388,1.0
3464.0,0.5,3,0.000398,1.0
2750.0,0.4,3,0.000362,1.49159663866
3464.0,0.5,3,0.000369,1.0
2750.0,0.4,3,0.00048,1.49159663866
2750.0,0.4,3,0.00037,1.49159663866
3464.0,0.5,3,0.000368,1.0
2750.0,0.4,3,0.000357,1.49159663866
