weight,density,degree,runtime,stretch
1220.0,0.5,2,0.000496,1.0
1923.0,0.5,3,0.000501,1.0
2291.0,0.666666666667,2,0.00051,1.0
2409.0,0.666666666667,3,0.000827000000001,1.0
1157.0,0.5,3,0.00084,1.0
2226.0,0.833333333333,3,0.0009,1.0
948.0,0.5,2,0.000490000000001,1.0
499.0,0.5,2,0.000626,1.0
1185.0,0.5,2,0.000503,1.0
554.0,0.5,2,0.000461,1.0
