weight,density,degree,runtime,stretch
6246.0,0.0349677419355,12,1.19,2.66666666667
4545.0,0.0312258064516,8,0.979999999981,2.42424242424
