weight,density,degree,runtime,stretch
7168.0,0.0726530612245,10,0.2,2.1968503937
4021.0,0.0612244897959,8,0.16,2.60526315789
9037.0,0.0767346938776,8,0.13,3.40540540541
3848.0,0.0579591836735,8,0.17,2.21698113208
5915.0,0.0685714285714,6,0.16,2.12359550562
3741.0,0.0579591836735,7,0.12,2.58571428571
4855.0,0.0636734693878,6,0.13,2.82666666667
5315.0,0.0702040816327,7,0.17,1.96385542169
7443.0,0.0734693877551,7,0.129999999999,2.4
5116.0,0.0677551020408,6,0.200000000001,1.9512195122
