weight,density,degree,runtime,stretch
2207.0,0.277777777778,4,0.001049,1.69488536155
3786.0,0.277777777778,5,0.001073,2.36637931034
7919.0,0.361111111111,6,0.001101,1.72960725076
4027.0,0.333333333333,6,0.001248,1.56421356421
1893.0,0.222222222222,4,0.001186,1.82962962963
4146.0,0.305555555556,4,0.001762,1.0
3086.0,0.277777777778,4,0.001744,1.4262295082
4923.0,0.361111111111,4,0.001156,1.03065693431
6158.0,0.305555555556,4,0.001233,1.04043715847
5621.0,0.305555555556,3,0.001993,1.34912280702
