weight,density,degree,runtime,stretch
522.0,0.25,3,0.000839000000001,1.0
522.0,0.25,3,0.001521,1.0
522.0,0.25,3,0.002857,1.0
522.0,0.25,3,0.00085,1.0
522.0,0.25,3,0.000955999999999,1.0
522.0,0.25,3,0.001363,1.0
522.0,0.25,3,0.001666,1.0
522.0,0.25,3,0.001242,1.0
522.0,0.25,3,0.001162,1.0
522.0,0.25,3,0.001231,1.0
