weight,density,degree,runtime,stretch
1959.0,0.305555555556,4,0.000917,1.2005988024
964.0,0.25,3,0.000948,1.0
1782.0,0.277777777778,4,0.000871999999999,1.40273972603
2278.0,0.305555555556,5,0.001004,1.0
564.0,0.277777777778,4,0.001043,1.68674698795
1095.0,0.25,4,0.002249,1.0
2331.0,0.333333333333,4,0.001333,1.040302267
620.0,0.222222222222,4,0.000817000000001,1.88888888889
4576.0,0.444444444444,6,0.001267,1.0
2708.0,0.388888888889,4,0.001114,1.06653225806
