weight,density,degree,runtime,stretch
1176.0,0.5,3,0.000829,1.35467980296
1563.0,0.5,3,0.00073,1.21171171171
1785.0,0.6,3,0.000773,1.0
1785.0,0.6,3,0.000786,1.0
1100.0,0.5,3,0.000717,1.09343065693
1563.0,0.5,3,0.000761,1.21171171171
954.0,0.4,3,0.000695,1.35467980296
1785.0,0.6,3,0.00074,1.0
1563.0,0.5,3,0.000771,1.21171171171
1100.0,0.5,3,0.000732,1.09343065693
