weight,density,degree,runtime,stretch
5281.0,0.126666666667,5,0.002877,1.78181818182
7696.0,0.153333333333,6,0.003457,1.39318885449
6323.0,0.14,6,0.003025,1.72881355932
4260.0,0.116666666667,5,0.00257,1.97658862876
7055.0,0.15,5,0.003191,1.91973244147
4271.0,0.116666666667,6,0.002784,1.97658862876
5901.0,0.133333333333,6,0.002955,1.92511013216
5310.0,0.13,5,0.002686,1.67365269461
6709.0,0.143333333333,6,0.003077,2.08415841584
6642.0,0.14,6,0.002995,1.55555555556
