weight,density,degree,runtime,stretch
956.0,0.5,3,0.00029,1.0
1804.0,0.666666666667,2,0.000341,1.0
1013.0,0.5,3,0.00031,1.0
885.0,0.5,2,0.00046,1.0
661.0,0.5,3,0.00063,1.0
1820.0,0.5,3,0.00035,1.0
318.0,0.5,2,0.000547,1.0
3252.0,0.833333333333,3,0.000348,1.0
1917.0,0.5,2,0.000299,1.0
2166.0,0.666666666667,2,0.000339,1.0
