weight,density,degree,runtime,stretch
1974.0,0.321428571429,5,0.00115,1.0
1590.0,0.285714285714,5,0.001072,1.13541666667
1974.0,0.321428571429,5,0.001002,1.0
1182.0,0.25,5,0.000839000000001,1.13541666667
1974.0,0.321428571429,5,0.000838,1.0
1974.0,0.321428571429,5,0.000879000000001,1.0
1590.0,0.285714285714,5,0.000815000000001,1.13541666667
1974.0,0.321428571429,5,0.000986000000001,1.0
1590.0,0.285714285714,5,0.001315,1.13541666667
1974.0,0.321428571429,5,0.001757,1.0
