weight,density,degree,runtime,stretch
1717.0,0.333333333333,4,0.001044,2.27720207254
2904.0,0.428571428571,5,0.001151,1.1351010101
1795.0,0.380952380952,3,0.001055,1.17381974249
2155.0,0.428571428571,4,0.001451,1.0
956.0,0.333333333333,5,0.00111,1.0
577.0,0.285714285714,2,0.001116,1.04672897196
860.0,0.333333333333,3,0.001077,1.0
2822.0,0.47619047619,4,0.001077,1.05357142857
953.0,0.333333333333,3,0.000935,1.0
527.0,0.285714285714,3,0.000961,1.0
