weight,density,degree,runtime,stretch
1303.0,0.5,3,0.000411000000001,1.08324084351
1267.0,0.5,2,0.000396,1.0
1047.0,0.5,2,0.000411000000001,1.21040462428
1628.0,0.666666666667,3,0.000446999999999,1.0
1097.0,0.5,3,0.000471999999999,1.0
1494.0,0.5,2,0.000707999999999,1.0
2054.0,0.833333333333,3,0.000705000000001,1.0
843.0,0.666666666667,3,0.000631,1.0
2426.0,0.666666666667,3,0.000439999999999,1.0
464.0,0.5,2,0.00048,1.0
