weight,density,degree,runtime,stretch
1257.0,0.277777777778,3,0.001247,1.0
1674.0,0.277777777778,4,0.002032,1.4595959596
1342.0,0.305555555556,4,0.001413,1.0
3779.0,0.361111111111,5,0.00114,2.02545454545
1953.0,0.277777777778,4,0.001057,2.27065527066
1107.0,0.277777777778,4,0.000993999999999,1.36474164134
1818.0,0.305555555556,4,0.001219,1.0
3115.0,0.361111111111,4,0.00125,1.12536443149
1694.0,0.305555555556,4,0.001191,1.26923076923
5504.0,0.444444444444,6,0.00131,1.63397129187
