weight,density,degree,runtime,stretch
2022.0,0.11,6,0.003003,1.86206896552
2770.0,0.123333333333,6,0.004595,1.75438596491
2480.0,0.123333333333,6,0.003846,1.37391304348
2453.0,0.12,6,0.004343,1.41558441558
2775.0,0.126666666667,6,0.00413,1.04854368932
2516.0,0.123333333333,6,0.004355,1.87878787879
2480.0,0.123333333333,6,0.004261,1.37391304348
2746.0,0.126666666667,6,0.004559,1.87878787879
2876.0,0.126666666667,6,0.003554,1.41558441558
2402.0,0.12,6,0.003467,1.37391304348
