weight,density,degree,runtime,stretch
748.0,0.4,3,0.000566,1.0
748.0,0.4,3,0.000546,1.0
748.0,0.4,3,0.000678,1.0
748.0,0.4,3,0.000579,1.0
748.0,0.4,3,0.000598,1.0
748.0,0.4,3,0.000553,1.0
748.0,0.4,3,0.000598,1.0
748.0,0.4,3,0.000561,1.0
748.0,0.4,3,0.000576,1.0
748.0,0.4,3,0.000546,1.0
