weight,density,degree,runtime,stretch
3218.0,0.5,3,0.000528,1.0
3218.0,0.5,3,0.000556,1.0
3218.0,0.5,3,0.000548,1.0
3218.0,0.5,3,0.000545,1.0
3218.0,0.5,3,0.000798,1.0
2380.0,0.4,2,0.00068,2.18019093079
3218.0,0.5,3,0.000587,1.0
2380.0,0.4,2,0.000822,2.18019093079
3218.0,0.5,3,0.000549,1.0
3218.0,0.5,3,0.000493,1.0
