weight,density,degree,runtime,stretch
1323.0,0.333333333333,3,0.000672,1.0
1323.0,0.333333333333,3,0.000641,1.0
1323.0,0.333333333333,3,0.00062,1.0
1323.0,0.333333333333,3,0.000612,1.0
1323.0,0.333333333333,3,0.000619,1.0
1323.0,0.333333333333,3,0.000646,1.0
1323.0,0.333333333333,3,0.000654,1.0
1323.0,0.333333333333,3,0.000647,1.0
1323.0,0.333333333333,3,0.000649,1.0
1323.0,0.333333333333,3,0.000648,1.0
