weight,density,degree,runtime,stretch
7116.0,0.143333333333,6,0.005391,3.47619047619
8149.0,0.14,6,0.004887,2.15044247788
3516.0,0.106666666667,7,0.003893,1.46616541353
6390.0,0.126666666667,8,0.005781,1.61044176707
6008.0,0.133333333333,8,0.00483000000001,2.0
7959.0,0.136666666667,7,0.007501,1.31069958848
7001.0,0.13,6,0.005665,2.60267857143
7465.0,0.136666666667,7,0.005801,2.13805970149
4705.0,0.12,5,0.00496699999999,1.78540772532
9447.0,0.156666666667,8,0.005736,1.24728850325
