weight,density,degree,runtime,stretch
4499.0,0.15,7,0.004788,1.65671641791
3926.0,0.136666666667,7,0.004038,2.775
3910.0,0.136666666667,7,0.004037,1.7032967033
3632.0,0.136666666667,7,0.00366,2.71084337349
3954.0,0.143333333333,7,0.004519,1.21681415929
4062.0,0.146666666667,7,0.004623,1.41056910569
3146.0,0.126666666667,7,0.003667,1.93023255814
3623.0,0.136666666667,6,0.004045,1.65671641791
4696.0,0.153333333333,7,0.004394,1.50970873786
3947.0,0.143333333333,7,0.004522,1.65671641791
4269.0,0.146666666667,7,0.00501300000001,1.7380952381
weight,density,degree,runtime,stretch
3755.0,0.143333333333,7,0.004414,1.45555555556
3190.0,0.13,7,0.004766,1.98561151079
3367.0,0.133333333333,7,0.004285,1.98561151079
3152.0,0.126666666667,7,0.003624,1.98561151079
3323.0,0.126666666667,7,0.004433,1.92222222222
2828.0,0.123333333333,7,0.003627,2.21052631579
3328.0,0.133333333333,7,0.003751,1.98561151079
3141.0,0.123333333333,7,0.004119,1.92222222222
3357.0,0.136666666667,7,0.005174,1.72368421053
4167.0,0.15,7,0.00485999999999,1.09401709402
3205.0,0.126666666667,6,0.004284,1.4701986755
