weight,density,degree,runtime,stretch
1272.0,0.4,3,0.001709,1.0
700.0,0.333333333333,3,0.000769,1.88918918919
1996.0,0.466666666667,3,0.000658,1.66502463054
1941.0,0.4,3,0.001258,1.52608695652
1586.0,0.4,3,0.00075,1.35574229692
2489.0,0.466666666667,3,0.001393,1.10882352941
2127.0,0.466666666667,4,0.000688,1.02290076336
2418.0,0.466666666667,3,0.002589,1.66153846154
2587.0,0.466666666667,4,0.000641999999999,1.0
495.0,0.333333333333,3,0.000736,1.0
