weight,density,degree,runtime,stretch
1146.0,0.5,2,0.000439,1.0
1311.0,0.5,3,0.000491,1.0
682.0,0.5,2,0.000454,1.0
2613.0,0.666666666667,2,0.000497000000001,1.0
932.0,0.666666666667,2,0.000502000000001,1.0
1518.0,0.666666666667,3,0.000532,1.0
2718.0,0.5,2,0.000478999999999,1.0
1650.0,0.5,2,0.000449999999999,1.34252873563
1051.0,0.5,2,0.000608,1.0
1477.0,0.5,3,0.000513,1.0
