weight,density,degree,runtime,stretch
4979.0,0.15,8,0.003273,2.0
4627.0,0.15,7,0.003137,1.82142857143
5135.0,0.156666666667,8,0.003081,2.0
6708.0,0.18,8,0.004045,1.28873239437
6313.0,0.173333333333,7,0.003853,1.82142857143
4967.0,0.153333333333,7,0.003084,1.98
4523.0,0.136666666667,7,0.003119,2.07006369427
4504.0,0.14,5,0.002953,2.07006369427
4383.0,0.14,6,0.003383,2.475
6301.0,0.176666666667,8,0.003648,1.72043010753
