weight,density,degree,runtime,stretch
1433.0,0.5,2,0.000696000000001,1.0
1700.0,0.5,2,0.000535000000001,1.0
1040.0,0.5,2,0.000569,1.0
1323.0,0.5,2,0.000617,1.0
864.0,0.5,2,0.000596,1.0
618.0,0.5,2,0.000583000000001,1.0
972.0,0.5,3,0.000515999999999,1.0
1169.0,0.5,2,0.000501,1.28039430449
2291.0,0.666666666667,3,0.000513999999999,1.0
1444.0,0.5,2,0.000538000000001,1.0
