weight,density,degree,runtime,stretch
1348.0,0.25,3,0.002128,1.32242225859
1959.0,0.285714285714,4,0.00136,1.0
1959.0,0.285714285714,4,0.001148,1.0
1959.0,0.285714285714,4,0.001169,1.0
1959.0,0.285714285714,4,0.001203,1.0
1348.0,0.25,3,0.002178,1.32242225859
1959.0,0.285714285714,4,0.003246,1.0
1959.0,0.285714285714,4,0.002038,1.0
1959.0,0.285714285714,4,0.003262,1.0
1959.0,0.285714285714,4,0.00348,1.0
