weight,density,degree,runtime,stretch
2641.0,0.4,3,0.000694999999999,1.47222222222
1772.0,0.6,3,0.001006,1.0
3776.0,0.7,3,0.001301,1.0
3120.0,0.4,3,0.000653999999999,1.0
4300.0,0.6,3,0.000691999999999,1.0
2087.0,0.5,3,0.000658,1.03461538462
1348.0,0.5,3,0.000661000000001,1.0
1938.0,0.4,2,0.001346,1.0
3401.0,0.4,3,0.000758999999999,1.0
1822.0,0.4,3,0.000635000000001,1.0
