weight,density,degree,runtime,stretch
1328.0,0.357142857143,4,0.001503,1.0
1328.0,0.357142857143,4,0.002229,1.0
1328.0,0.357142857143,4,0.002154,1.0
1328.0,0.357142857143,4,0.007401,1.0
1002.0,0.321428571429,4,0.007037,1.18404907975
743.0,0.285714285714,3,0.001702,1.64864864865
1328.0,0.357142857143,4,0.001961,1.0
1002.0,0.321428571429,4,0.001915,1.18404907975
1328.0,0.357142857143,4,0.001061,1.0
1328.0,0.357142857143,4,0.000829,1.0
