weight,density,degree,runtime,stretch
1055.0,0.380952380952,3,0.000839,1.0
691.0,0.333333333333,3,0.000791,1.00274725275
691.0,0.333333333333,3,0.000848,1.00274725275
691.0,0.333333333333,3,0.000781999999999,1.00274725275
1055.0,0.380952380952,3,0.001697,1.0
1055.0,0.380952380952,3,0.001026,1.0
1055.0,0.380952380952,3,0.001216,1.0
691.0,0.333333333333,3,0.000747,1.00274725275
691.0,0.333333333333,3,0.000824000000001,1.00274725275
691.0,0.333333333333,3,0.000739,1.00274725275
