weight,density,degree,runtime,stretch
9101.0,0.527777777778,6,0.000766,1.21322537112
1902.0,0.305555555556,4,0.000822,1.0
2212.0,0.305555555556,4,0.000897,1.0
4118.0,0.444444444444,5,0.00111,1.0
2433.0,0.305555555556,4,0.001504,1.0
1889.0,0.305555555556,4,0.000872,1.0
2393.0,0.361111111111,5,0.0008,1.0
3191.0,0.333333333333,4,0.000797,1.69683257919
5642.0,0.388888888889,4,0.000719,1.94661921708
3983.0,0.416666666667,4,0.000749,1.27619047619
