weight,density,degree,runtime,stretch
1205.0,0.333333333333,4,0.000884,1.40687679083
2071.0,0.428571428571,4,0.000757,1.65432098765
1554.0,0.380952380952,4,0.000593,1.12345679012
2395.0,0.47619047619,4,0.000643,1.0
2395.0,0.47619047619,4,0.000685,1.0
2395.0,0.47619047619,4,0.000935,1.0
2071.0,0.428571428571,4,0.000684,1.65432098765
2395.0,0.47619047619,4,0.000557,1.0
2395.0,0.47619047619,4,0.00059,1.0
2395.0,0.47619047619,4,0.000792,1.0
