weight,density,degree,runtime,stretch
3021.0,1.0,3,0.000344,1.0
430.0,0.5,3,0.000384,1.0
1891.0,0.666666666667,3,0.000379,1.0
2275.0,0.833333333333,3,0.000384,1.005192108
323.0,0.5,2,0.000375,1.0
423.0,0.5,2,0.000351,1.0
2507.0,0.666666666667,3,0.000406,1.0
1711.0,0.666666666667,3,0.000383,1.0
1860.0,0.666666666667,2,0.000366,1.0
2029.0,0.666666666667,3,0.000343999999999,1.75480769231
