weight,density,degree,runtime,stretch
1964.0,0.833333333333,3,0.000430000000001,1.0
2041.0,0.666666666667,3,0.000359,1.0
1114.0,0.666666666667,3,0.0004,1.0
1958.0,0.666666666667,3,0.00037,1.0
2475.0,0.666666666667,3,0.000375,1.0
2364.0,0.666666666667,3,0.000378,1.0
555.0,0.5,2,0.000341000000001,1.0
660.0,0.5,2,0.000352,1.0
409.0,0.5,2,0.000417,1.0
2066.0,0.5,2,0.000334000000001,1.0
