weight,density,degree,runtime,stretch
5845.0,0.173333333333,7,0.00911,1.0
5845.0,0.173333333333,7,0.009053,1.0
5845.0,0.173333333333,7,0.009407,1.0
5845.0,0.173333333333,7,0.009118,1.0
5845.0,0.173333333333,7,0.009185,1.0
5845.0,0.173333333333,7,0.00993,1.0
5845.0,0.173333333333,7,0.00977,1.0
5845.0,0.173333333333,7,0.009101,1.0
5845.0,0.173333333333,7,0.009078,1.0
5845.0,0.173333333333,7,0.009148,1.0
5845.0,0.173333333333,7,0.009351,1.0
