weight,density,degree,runtime,stretch
851.0,0.25,4,0.000747,1.0
4528.0,0.571428571429,5,0.000891999999999,1.44421052632
1343.0,0.321428571429,3,0.000842,1.08783783784
3146.0,0.357142857143,5,0.000722,1.42155525239
2547.0,0.357142857143,4,0.000772,1.0
2250.0,0.392857142857,4,0.000827,1.1935483871
2492.0,0.392857142857,4,0.000832,1.0234375
487.0,0.25,5,0.000801999999999,1.0
1168.0,0.25,3,0.000648,1.27419354839
2269.0,0.392857142857,4,0.001139,1.11328125
