weight,density,degree,runtime,stretch
6788.0,0.0685714285714,8,0.16,3.26086956522
6010.0,0.065306122449,7,0.16,2.06493506494
4886.0,0.0644897959184,7,0.13,1.85185185185
6804.0,0.0767346938776,8,0.2,2.40495867769
7056.0,0.0783673469388,7,0.17,2.64925373134
5736.0,0.0726530612245,6,0.17,2.20175438596
7101.0,0.0702040816327,7,0.16,2.91111111111
6118.0,0.0718367346939,8,0.16,2.35074626866
4945.0,0.0587755102041,7,0.16,2.08421052632
6865.0,0.0751020408163,7,0.17,2.22857142857
