weight,density,degree,runtime,stretch
1362.0,0.533333333333,4,0.001137,1.0
3032.0,0.533333333333,4,0.000503,1.0
2643.0,0.466666666667,4,0.00052,1.40031152648
2337.0,0.533333333333,5,0.000567,1.0
1662.0,0.533333333333,3,0.000561,1.0
1804.0,0.4,3,0.00054,1.0
1470.0,0.4,3,0.000441,1.0
2314.0,0.533333333333,3,0.000574,1.0
2130.0,0.6,4,0.000523,1.33734939759
445.0,0.333333333333,3,0.000549,1.0
