weight,density,degree,runtime,stretch
1714.0,0.4,2,0.000727000000001,1.41886792453
3332.0,0.4,3,0.000827000000001,1.0
2577.0,0.5,3,0.000799999999998,1.0
1784.0,0.4,3,0.000670999999997,1.48949579832
1517.0,0.5,2,0.00103,1.0
1555.0,0.4,3,0.000684,1.0
386.0,0.4,2,0.000677999999997,1.0
3098.0,0.5,2,0.000637000000001,1.0
1622.0,0.4,3,0.000632,1.0
467.0,0.4,2,0.000894000000002,1.0
