weight,density,degree,runtime,stretch
2068.0,0.305555555556,4,0.00125,1.0
5558.0,0.361111111111,5,0.001198,2.45294117647
6451.0,0.416666666667,5,0.001057,1.10321715818
3331.0,0.361111111111,5,0.001099,1.60302457467
2319.0,0.333333333333,4,0.001091,1.0
3459.0,0.361111111111,4,0.001177,1.072
3667.0,0.305555555556,4,0.001036,1.80213903743
4628.0,0.388888888889,5,0.001079,1.36809815951
3718.0,0.277777777778,3,0.001053,1.63928571429
5243.0,0.388888888889,5,0.001137,1.67372134039
