weight,density,degree,runtime,stretch
3251.0,0.361111111111,4,0.002411,1.12727272727
4640.0,0.305555555556,4,0.001522,2.13211009174
2529.0,0.333333333333,5,0.002183,1.12926829268
2484.0,0.333333333333,5,0.002155,1.02517985612
769.0,0.25,4,0.001281,1.4037037037
1857.0,0.277777777778,4,0.001504,1.13503649635
1095.0,0.222222222222,3,0.001266,1.64090909091
3421.0,0.388888888889,4,0.001953,1.02620967742
1618.0,0.277777777778,4,0.001896,1.0
1684.0,0.333333333333,5,0.001355,1.0
