weight,density,degree,runtime,stretch
2259.0,0.321428571429,3,0.001171,1.22166666667
959.0,0.285714285714,3,0.001431,1.63636363636
650.0,0.285714285714,4,0.001056,1.0
598.0,0.285714285714,4,0.001107,1.0
1616.0,0.321428571429,4,0.002127,1.28057553957
1001.0,0.285714285714,5,0.001254,1.24309392265
4661.0,0.5,4,0.00119,1.17516629712
1249.0,0.321428571429,3,0.001102,1.53846153846
4308.0,0.428571428571,5,0.001036,2.2510460251
1224.0,0.321428571429,3,0.001171,1.32861189802
