weight,density,degree,runtime,stretch
2653.0,0.6,3,0.000486,1.0
687.0,0.5,3,0.000613,1.0
2611.0,0.9,4,0.000464,1.0
582.0,0.4,3,0.000447,1.05050505051
2387.0,0.5,3,0.000399,1.5825
2015.0,0.6,3,0.000421,1.0
290.0,0.4,2,0.000419,1.0
2064.0,0.5,3,0.000415,1.86111111111
1177.0,0.4,3,0.000353,2.08179419525
3345.0,0.7,3,0.000418,1.0
