weight,density,degree,runtime,stretch
2901.0,0.428571428571,5,0.000959,1.12127236581
4798.0,0.464285714286,5,0.00107,1.90346534653
4152.0,0.392857142857,4,0.000726,1.67632850242
2736.0,0.357142857143,4,0.000672,1.30158730159
4390.0,0.392857142857,5,0.000708,1.0
4400.0,0.428571428571,4,0.000684,1.0
2084.0,0.321428571429,4,0.000733,1.0
3847.0,0.392857142857,5,0.000729,1.37089201878
5056.0,0.428571428571,4,0.000735,1.85820895522
4025.0,0.392857142857,4,0.000696,1.36666666667
