weight,density,degree,runtime,stretch
3335.0,0.333333333333,4,0.001101,1.0
1542.0,0.25,4,0.000932,1.51908396947
1447.0,0.333333333333,4,0.001436,1.0
2454.0,0.305555555556,4,0.001288,1.25966850829
5506.0,0.361111111111,6,0.000798000000001,1.67412935323
2987.0,0.277777777778,6,0.000791,1.35805084746
5532.0,0.388888888889,6,0.000967,1.42158092848
1716.0,0.277777777778,4,0.000921,1.0
2523.0,0.305555555556,4,0.000966,1.20265780731
2009.0,0.277777777778,3,0.00089,1.0
