weight,density,degree,runtime,stretch
3546.0,0.361111111111,5,0.001708,1.14023372287
5091.0,0.333333333333,5,0.000881,1.90873533246
2364.0,0.277777777778,5,0.001386,1.50340136054
2762.0,0.305555555556,4,0.000938,1.60420315236
1673.0,0.277777777778,4,0.001698,1.0
8212.0,0.472222222222,5,0.000863000000001,1.01996927803
3765.0,0.361111111111,4,0.000942999999999,1.0
3401.0,0.333333333333,5,0.000786,1.5359223301
1987.0,0.277777777778,5,0.000801999999999,1.0
2343.0,0.305555555556,4,0.001147,1.0
