weight,density,degree,runtime,stretch
5086.0,0.136666666667,5,0.003756,1.39436619718
6112.0,0.15,5,0.005334,1.0
5491.0,0.143333333333,5,0.004534,1.18649517685
4617.0,0.13,5,0.003748,1.68023255814
4105.0,0.123333333333,5,0.002811,1.68023255814
5228.0,0.14,5,0.004118,1.19678714859
4836.0,0.133333333333,5,0.004907,1.488
6112.0,0.15,5,0.004572,1.0
6112.0,0.15,5,0.004189,1.0
4931.0,0.136666666667,5,0.004184,1.29616724739
6112.0,0.15,5,0.004265,1.0
weight,density,degree,runtime,stretch
4625.0,0.133333333333,8,0.002656,1.61403508772
6717.0,0.163333333333,8,0.005933,1.27696078431
5887.0,0.153333333333,8,0.004759,1.5
6917.0,0.163333333333,8,0.005671,1.27696078431
7752.0,0.173333333333,8,0.004683,1.008
7905.0,0.173333333333,8,0.004082,1.06306306306
7496.0,0.17,8,0.003702,1.12694300518
7570.0,0.17,8,0.004007,1.05722891566
7080.0,0.166666666667,8,0.003904,1.36363636364
7719.0,0.173333333333,8,0.003934,1.27696078431
7305.0,0.166666666667,8,0.003647,1.06306306306
weight,density,degree,runtime,stretch
6752.0,0.156666666667,6,0.00366,1.28
6534.0,0.156666666667,6,0.004355,1.28
6236.0,0.153333333333,6,0.004294,1.67063492063
6260.0,0.15,6,0.003151,1.55598455598
7487.0,0.166666666667,6,0.005277,1.0
6641.0,0.156666666667,6,0.006499,1.28
6570.0,0.156666666667,6,0.003425,1.36102236422
6749.0,0.156666666667,6,0.004185,1.55598455598
6101.0,0.15,6,0.003503,1.55598455598
5920.0,0.146666666667,5,0.003675,1.36102236422
7054.0,0.163333333333,6,0.004509,1.03695150115
weight,density,degree,runtime,stretch
3690.0,0.13,5,0.002778,1.72043010753
4427.0,0.14,5,0.004482,1.0
3619.0,0.13,5,0.002874,1.47328244275
4263.0,0.136666666667,5,0.003909,1.37804878049
4294.0,0.136666666667,5,0.003627,1.06766917293
3538.0,0.133333333333,5,0.003416,1.59042553191
3547.0,0.126666666667,5,0.003381,1.69841269841
4079.0,0.133333333333,5,0.004187,1.14457831325
4427.0,0.14,5,0.003396,1.0
4163.0,0.133333333333,5,0.003477,1.47328244275
3783.0,0.133333333333,5,0.004293,1.47328244275
