weight,density,degree,runtime,stretch
6304.0,0.52380952381,4,0.000660000000002,1.0
1303.0,0.285714285714,3,0.000742000000001,1.6384083045
4334.0,0.380952380952,4,0.000629,2.66076696165
2406.0,0.380952380952,4,0.000873,1.0
3818.0,0.380952380952,5,0.000710999999999,1.0
2912.0,0.380952380952,3,0.002781,1.20227272727
5251.0,0.428571428571,3,0.00079,1.0
2787.0,0.333333333333,3,0.000859,1.0
1885.0,0.333333333333,4,0.001457,1.10135135135
2878.0,0.428571428571,3,0.00108,1.0
