weight,density,degree,runtime,stretch
1262.0,0.333333333333,4,0.000874,1.04177545692
2960.0,0.533333333333,4,0.00113,1.00889453621
4136.0,0.533333333333,4,0.000874,1.31694915254
2144.0,0.333333333333,3,0.000770000000003,2.09074074074
888.0,0.4,3,0.000904999999999,1.0
3573.0,0.466666666667,4,0.000867,1.0
1020.0,0.333333333333,3,0.000878,1.63985374771
495.0,0.333333333333,2,0.000947,1.39869281046
1108.0,0.4,3,0.000890999999999,1.44444444444
3022.0,0.466666666667,3,0.000848000000001,1.0
