weight,density,degree,runtime,stretch
1986.0,0.6,4,0.000593,1.0
1567.0,0.5,4,0.000575,1.84964200477
1046.0,0.4,3,0.000585,2.41288782816
1465.0,0.5,3,0.000589,1.29174664107
1046.0,0.4,3,0.00059,2.41288782816
1465.0,0.5,3,0.000689,1.29174664107
1986.0,0.6,4,0.00165,1.0
1465.0,0.5,3,0.000898,1.29174664107
1595.0,0.5,4,0.000709,2.26854219949
1986.0,0.6,4,0.000625,1.0
