weight,density,degree,runtime,stretch
2749.0,0.4,3,0.000523,1.0
764.0,0.333333333333,2,0.000502,1.0
1507.0,0.333333333333,3,0.000516,2.25909090909
3182.0,0.466666666667,3,0.000607,1.0
1510.0,0.4,3,0.001058,1.0
4016.0,0.533333333333,5,0.001119,1.0
1379.0,0.4,4,0.000558,1.2019047619
3657.0,0.533333333333,4,0.00096,1.0
3306.0,0.466666666667,4,0.000576,1.0
1920.0,0.333333333333,3,0.000965,1.63544303797
