weight,density,degree,runtime,stretch
4562.0,0.153333333333,7,0.007706,1.72463768116
5780.0,0.156666666667,6,0.00699399999999,1.76255707763
2383.0,0.116666666667,6,0.006872,2.06779661017
5189.0,0.143333333333,9,0.007611,1.84976525822
3270.0,0.126666666667,5,0.00708499999999,2.3125
4400.0,0.136666666667,8,0.010053,1.71649484536
3348.0,0.12,5,0.009288,2.40131578947
1916.0,0.11,7,0.006902,1.6157635468
4623.0,0.14,6,0.00764100000001,2.01666666667
4634.0,0.146666666667,7,0.010587,1.34042553191
