weight,density,degree,runtime,stretch
1879.0,0.5,3,0.000372,1.0
1879.0,0.5,3,0.000394,1.0
1879.0,0.5,3,0.000422,1.0
1025.0,0.4,3,0.000395,1.0
1879.0,0.5,3,0.00039,1.0
1025.0,0.4,3,0.000406,1.0
1025.0,0.4,3,0.000402,1.0
1025.0,0.4,3,0.000392,1.0
1025.0,0.4,3,0.000344,1.0
1879.0,0.5,3,0.000485,1.0
