weight,density,degree,runtime,stretch
2838.0,0.392857142857,4,0.000747,1.22462203024
2761.0,0.392857142857,4,0.000796999999999,1.0
1663.0,0.357142857143,4,0.000816,1.06666666667
2820.0,0.357142857143,4,0.000758,1.69146608315
1989.0,0.357142857143,4,0.000840999999999,1.0
2862.0,0.392857142857,4,0.000806,1.0
4344.0,0.464285714286,5,0.000809,1.0
3525.0,0.392857142857,4,0.000749,1.19723183391
2450.0,0.357142857143,4,0.000885999999999,1.0
2898.0,0.392857142857,4,0.001268,1.0
