weight,density,degree,runtime,stretch
704.0,0.333333333333,3,0.001448,1.0
704.0,0.333333333333,3,0.001986,1.0
704.0,0.333333333333,3,0.001135,1.0
704.0,0.333333333333,3,0.001197,1.0
508.0,0.285714285714,3,0.001063,1.5306122449
704.0,0.333333333333,3,0.001085,1.0
704.0,0.333333333333,3,0.001168,1.0
704.0,0.333333333333,3,0.001023,1.0
704.0,0.333333333333,3,0.001089,1.0
704.0,0.333333333333,3,0.001179,1.0
