weight,density,degree,runtime,stretch
2983.0,0.126666666667,5,0.08,1.94444444444
3367.0,0.123333333333,6,0.08,1.89847715736
4740.0,0.136666666667,8,0.08,2.11695906433
2724.0,0.1,5,0.04,2.39215686275
3059.0,0.126666666667,5,0.05,1.86124401914
2029.0,0.11,6,0.08,2.86206896552
3924.0,0.13,6,0.08,2.5
3008.0,0.123333333333,5,0.0400000000001,2.21052631579
3263.0,0.13,7,0.08,2.70454545455
2452.0,0.113333333333,7,0.08,2.70588235294
