weight,density,degree,runtime,stretch
2128.0,0.103333333333,5,0.05,1.57674418605
6960.0,0.136666666667,7,0.05,2.12179487179
4142.0,0.126666666667,5,0.03,3.24242424242
3912.0,0.133333333333,7,0.03,2.01183431953
2607.0,0.11,5,0.03,3.31967213115
2367.0,0.106666666667,4,0.02,1.77508650519
4503.0,0.136666666667,6,0.03,1.8375
3814.0,0.14,7,0.04,2.17391304348
2752.0,0.123333333333,8,0.04,1.48993288591
3009.0,0.116666666667,5,0.07,2.37373737374
