weight,density,degree,runtime,stretch
859.0,0.333333333333,3,0.000434,1.8725
3555.0,0.533333333333,4,0.000551,1.0
2819.0,0.466666666667,3,0.0005,1.16082474227
955.0,0.333333333333,3,0.000784,1.0
1452.0,0.4,3,0.000567,1.07422969188
1193.0,0.4,4,0.000557,1.0
1515.0,0.4,4,0.000669,1.0
5114.0,0.666666666667,5,0.000553,1.45140032949
1171.0,0.333333333333,3,0.000831,1.0
1058.0,0.4,4,0.0005,1.0188976378
