weight,density,degree,runtime,stretch
1173.0,0.666666666667,2,0.000458999999999,1.0
2266.0,0.5,2,0.000437,1.0
1817.0,0.666666666667,2,0.000465,1.0
402.0,0.5,3,0.00088,1.0
852.0,0.5,3,0.000627,1.0
1158.0,0.666666666667,2,0.000475,1.0
1567.0,0.666666666667,2,0.000466999999999,1.0
2333.0,0.666666666667,3,0.000489,1.27172195893
2746.0,0.5,2,0.000435000000001,1.0
1455.0,0.5,3,0.000506999999999,2.52766798419
