weight,density,degree,runtime,stretch
5538.0,0.14,8,0.003699,2.37765957447
4666.0,0.126666666667,7,0.00369999999999,2.45212765957
5904.0,0.146666666667,7,0.00395,2.6028708134
8844.0,0.183333333333,8,0.00412799999999,1.67870036101
5266.0,0.133333333333,8,0.003874,2.48356807512
7411.0,0.166666666667,8,0.00405,2.22972972973
6066.0,0.146666666667,7,0.004245,1.88038277512
7751.0,0.17,8,0.004428,1.67870036101
6664.0,0.156666666667,8,0.004189,1.88038277512
6470.0,0.15,8,0.003823,2.98850574713
