weight,density,degree,runtime,stretch
1448.0,0.25,4,0.001125,1.48333333333
1138.0,0.25,4,0.001187,1.0
1386.0,0.305555555556,4,0.001043,1.12433862434
1283.0,0.25,3,0.001181,1.2525083612
2610.0,0.333333333333,6,0.00123,1.63076923077
830.0,0.25,3,0.001038,1.14156626506
3967.0,0.333333333333,5,0.001118,1.99513381995
1728.0,0.277777777778,4,0.001263,1.7375
1929.0,0.333333333333,4,0.001313,1.82683982684
3879.0,0.416666666667,6,0.001063,1.44308943089
