weight,density,degree,runtime,stretch
2693.0,0.6,3,0.000703999999999,1.8649122807
553.0,0.4,3,0.000636999999999,1.10944206009
2266.0,0.5,3,0.000644000000001,1.16715976331
1735.0,0.5,3,0.000590000000001,1.0
2668.0,0.7,3,0.000604000000001,1.07726597325
1036.0,0.5,3,0.000755,1.0
1894.0,0.6,3,0.000767,1.0
2551.0,0.6,3,0.000652000000001,1.0
2115.0,0.5,3,0.000690000000001,2.0120240481
900.0,0.4,3,0.000638,1.0
