weight,density,degree,runtime,stretch
1334.0,0.666666666667,2,0.001037,1.0
292.0,0.5,2,0.001221,1.0
3537.0,1.0,3,0.000549,1.0
132.0,0.5,3,0.000906000000001,1.0
1058.0,0.666666666667,2,0.000456000000001,1.0
222.0,0.5,3,0.000459,1.0
2154.0,0.666666666667,2,0.000591,1.0
664.0,0.666666666667,3,0.00052,1.0
2384.0,0.833333333333,3,0.000643,1.0
2596.0,0.833333333333,3,0.000503,1.0
