weight,density,degree,runtime,stretch
550.0,0.4,3,0.000574,1.0
550.0,0.4,3,0.000841,1.0
550.0,0.4,3,0.000655,1.0
550.0,0.4,3,0.000573,1.0
550.0,0.4,3,0.000547,1.0
550.0,0.4,3,0.000572,1.0
550.0,0.4,3,0.000605,1.0
550.0,0.4,3,0.000801,1.0
550.0,0.4,3,0.000874,1.0
550.0,0.4,3,0.000547,1.0
