weight,density,degree,runtime,stretch
2085.0,0.321428571429,3,0.000798000000001,1.0
1611.0,0.285714285714,3,0.000653,1.55907172996
2085.0,0.321428571429,3,0.000666,1.0
2085.0,0.321428571429,3,0.000801,1.0
2085.0,0.321428571429,3,0.000848,1.0
1611.0,0.285714285714,3,0.000964,1.55907172996
1611.0,0.285714285714,3,0.001387,1.55907172996
2085.0,0.321428571429,3,0.001556,1.0
2085.0,0.321428571429,3,0.001455,1.0
1611.0,0.285714285714,3,0.00176,1.55907172996
