weight,density,degree,runtime,stretch
4180.0,0.416666666667,5,0.001636,1.0543071161
3528.0,0.361111111111,5,0.001546,1.67058823529
1884.0,0.333333333333,4,0.001539,1.22149837134
1051.0,0.277777777778,3,0.001473,1.0
2049.0,0.277777777778,3,0.001422,1.0
3839.0,0.333333333333,5,0.001455,1.87055837563
1352.0,0.222222222222,3,0.001662,2.18272425249
1662.0,0.333333333333,4,0.001661,1.01401869159
4073.0,0.388888888889,5,0.001601,1.0
1837.0,0.277777777778,4,0.00141,1.14942528736
