weight,density,degree,runtime,stretch
5258.0,0.0791836734694,7,0.014909,2.14285714286
4886.0,0.0759183673469,7,0.015333,1.73831775701
5941.0,0.0832653061224,8,0.018237,1.70588235294
5343.0,0.0791836734694,7,0.017876,1.5
4876.0,0.0759183673469,7,0.013667,1.73831775701
4459.0,0.0734693877551,7,0.016122,2.0
4235.0,0.0726530612245,7,0.016251,2.0
4555.0,0.0726530612245,7,0.013056,2.14285714286
5500.0,0.0791836734694,8,0.015854,1.58333333333
4422.0,0.0734693877551,7,0.01474,2.0
