weight,density,degree,runtime,stretch
1510.0,0.4,2,0.000408,1.0
1785.0,0.4,3,0.000404,1.0
2339.0,0.4,2,0.000391,1.0
2383.0,0.5,3,0.00038,1.0
1947.0,0.5,3,0.000404,1.0
2296.0,0.5,3,0.000358,1.0
1309.0,0.4,2,0.000384,1.0
1539.0,0.5,3,0.000498,1.0
2153.0,0.4,3,0.000343,2.16312056738
2025.0,0.4,2,0.000395,1.0
