weight,density,degree,runtime,stretch
8371.0,0.15,8,0.003221,2.17355371901
8976.0,0.156666666667,6,0.003561,1.91
9250.0,0.163333333333,8,0.003435,2.17355371901
7810.0,0.146666666667,6,0.003364,2.1045751634
8692.0,0.153333333333,6,0.003407,2.80555555556
9435.0,0.16,7,0.003986,2.17355371901
8510.0,0.153333333333,6,0.003175,2.80555555556
8386.0,0.153333333333,7,0.003652,2.17355371901
8642.0,0.156666666667,6,0.003596,1.93706293706
9705.0,0.166666666667,10,0.003474,1.93706293706
