weight,density,degree,runtime,stretch
5176.0,0.13,6,0.003509,2.04207119741
6290.0,0.14,6,0.004062,1.56130790191
6584.0,0.143333333333,6,0.004145,1.56130790191
4901.0,0.126666666667,6,0.00350299999999,1.56130790191
4494.0,0.12,6,0.00331300000001,1.92814371257
5760.0,0.136666666667,6,0.003561,1.56130790191
5673.0,0.133333333333,6,0.003976,2.53459119497
5177.0,0.126666666667,6,0.003488,2.42517006803
5334.0,0.13,5,0.003385,1.92814371257
4030.0,0.116666666667,6,0.003275,2.42517006803
