weight,density,degree,runtime,stretch
2918.0,0.428571428571,4,0.000615,1.04426002766
3641.0,0.47619047619,4,0.00099,1.0
2417.0,0.380952380952,3,0.000951,1.24460431655
3641.0,0.47619047619,4,0.000802,1.0
2946.0,0.428571428571,3,0.000724,1.10215827338
2223.0,0.380952380952,3,0.000636,1.10215827338
2946.0,0.428571428571,3,0.000653,1.10215827338
2946.0,0.428571428571,3,0.000578,1.10215827338
3112.0,0.428571428571,3,0.000693,1.18714555766
3258.0,0.428571428571,3,0.001366,2.02088772846
