weight,density,degree,runtime,stretch
3972.0,0.028,9,0.820000000007,3.22222222222
3937.0,0.0304516129032,9,1.04999999999,2.20833333333
4464.0,0.0295483870968,9,1.19,3.14285714286
4564.0,0.0289032258065,9,1.22,2.67857142857
