weight,density,degree,runtime,stretch
3800.0,0.533333333333,4,0.00103,1.3906020558
3253.0,0.466666666667,3,0.000853,2.046989721
2617.0,0.4,3,0.000888,2.03959131545
5416.0,0.666666666667,5,0.001008,1.0
2777.0,0.4,3,0.000818,2.17752234994
4895.0,0.6,4,0.001061,1.95777351248
3253.0,0.466666666667,3,0.001032,2.046989721
3401.0,0.466666666667,5,0.001178,2.42286751361
4481.0,0.6,4,0.00084,1.01711229947
4869.0,0.6,4,0.000791,1.81718464351
