weight,density,degree,runtime,stretch
2197.0,0.5,2,0.000477999999999,1.0
2013.0,0.5,2,0.000515999999999,1.20162224797
418.0,0.5,2,0.000519000000001,1.0
1586.0,0.5,3,0.000672999999999,1.0
844.0,0.5,2,0.000557000000001,1.27878787879
697.0,0.5,2,0.000556,1.37306843267
1568.0,0.666666666667,3,0.000529999999999,1.0
2298.0,0.666666666667,3,0.000541999999999,2.51814516129
1369.0,0.666666666667,3,0.000519000000001,1.0
1455.0,0.666666666667,2,0.000534,1.37339055794
