weight,density,degree,runtime,stretch
4602.0,0.333333333333,5,0.001384,1.0
5817.0,0.361111111111,5,0.001228,1.41631799163
2933.0,0.277777777778,5,0.001115,1.32791728213
3136.0,0.305555555556,5,0.001114,1.72494172494
1735.0,0.25,4,0.001321,1.0
3275.0,0.25,4,0.001036,1.73465703971
1759.0,0.25,4,0.001208,2.36538461538
5877.0,0.361111111111,4,0.001284,1.66336633663
4724.0,0.333333333333,4,0.001596,1.51798561151
1728.0,0.277777777778,3,0.001263,1.09207708779
