weight,density,degree,runtime,stretch
1248.0,0.25,3,0.001641,1.68780487805
2272.0,0.321428571429,3,0.001077,1.0
1453.0,0.285714285714,3,0.001887,1.42735042735
1453.0,0.285714285714,3,0.001126,1.42735042735
1453.0,0.285714285714,3,0.000874,1.42735042735
1453.0,0.285714285714,3,0.000831999999999,1.42735042735
1453.0,0.285714285714,3,0.000859,1.42735042735
2272.0,0.321428571429,3,0.000959,1.0
1453.0,0.285714285714,3,0.001019,1.42735042735
1453.0,0.285714285714,3,0.000836999999999,1.42735042735
