weight,density,degree,runtime,stretch
1200.0,0.4,2,0.001197,1.0
1200.0,0.4,2,0.000982,1.0
1200.0,0.4,2,0.001126,1.0
660.0,0.333333333333,2,0.00093,1.22222222222
660.0,0.333333333333,2,0.001212,1.22222222222
1200.0,0.4,2,0.001018,1.0
827.0,0.333333333333,2,0.001098,2.21715817694
660.0,0.333333333333,2,0.000894,1.22222222222
660.0,0.333333333333,2,0.001173,1.22222222222
1200.0,0.4,2,0.001132,1.0
