weight,density,degree,runtime,stretch
1112.0,0.4,3,0.000589,1.0
1112.0,0.4,3,0.000636,1.0
1112.0,0.4,3,0.000599,1.0
1112.0,0.4,3,0.000526,1.0
1112.0,0.4,3,0.000598,1.0
1112.0,0.4,3,0.000768,1.0
1112.0,0.4,3,0.000582,1.0
1112.0,0.4,3,0.000621,1.0
1112.0,0.4,3,0.000663,1.0
1112.0,0.4,3,0.000586,1.0
