weight,density,degree,runtime,stretch
3550.0,0.357142857143,4,0.001081,1.30855855856
2064.0,0.285714285714,4,0.001135,1.28382352941
3268.0,0.357142857143,4,0.001059,1.0
1997.0,0.321428571429,3,0.001131,1.0
2762.0,0.285714285714,5,0.001128,1.4460916442
2053.0,0.25,4,0.001962,1.55613577023
2178.0,0.285714285714,4,0.001198,1.56219512195
4411.0,0.321428571429,4,0.001317,1.50751879699
4196.0,0.428571428571,4,0.001197,1.0
1785.0,0.285714285714,4,0.001113,1.25130890052
