weight,density,degree,runtime,stretch
819.0,0.285714285714,3,0.000977,1.0
2173.0,0.380952380952,4,0.0007,2.39733333333
1493.0,0.333333333333,3,0.000711,1.41435185185
2270.0,0.428571428571,4,0.000954999999999,1.88888888889
727.0,0.333333333333,3,0.000739,1.0
5467.0,0.619047619048,6,0.000904,1.40979020979
1525.0,0.333333333333,3,0.000747,2.08582089552
3209.0,0.47619047619,4,0.000724,1.01560062402
1788.0,0.428571428571,3,0.000690000000001,1.56402439024
1114.0,0.380952380952,3,0.00079,1.0
