weight,density,degree,runtime,stretch
1749.0,0.5,3,0.000509,1.35524475524
1749.0,0.5,3,0.000561,1.35524475524
2464.0,0.6,3,0.000581,1.0
1749.0,0.5,3,0.000515,1.35524475524
1749.0,0.5,3,0.000495,1.35524475524
2464.0,0.6,3,0.000505,1.0
1749.0,0.5,3,0.00065,1.35524475524
2464.0,0.6,3,0.000558,1.0
1051.0,0.4,2,0.000502,1.46993006993
2464.0,0.6,3,0.000561,1.0
