weight,density,degree,runtime,stretch
1448.0,0.305555555556,4,0.001431,1.07836990596
2524.0,0.333333333333,4,0.001319,1.19613259669
593.0,0.277777777778,4,0.001231,1.0
1996.0,0.305555555556,5,0.001481,1.0
1043.0,0.277777777778,4,0.001438,1.77987421384
6271.0,0.416666666667,5,0.001251,2.05737704918
1251.0,0.25,4,0.00139,1.70412844037
1262.0,0.25,3,0.00126,2.32558139535
2068.0,0.333333333333,4,0.001432,1.04008438819
1150.0,0.25,6,0.001539,1.0
