weight,density,degree,runtime,stretch
3211.0,0.4,2,0.000372,1.0
3211.0,0.4,2,0.000809,1.0
3211.0,0.4,2,0.000463,1.0
3211.0,0.4,2,0.001081,1.0
3211.0,0.4,2,0.000879,1.0
3211.0,0.4,2,0.000395,1.0
3211.0,0.4,2,0.001026,1.0
3211.0,0.4,2,0.000386,1.0
3211.0,0.4,2,0.000394,1.0
3211.0,0.4,2,0.000359,1.0
