weight,density,degree,runtime,stretch
1316.0,0.333333333333,3,0.000944,2.14
3393.0,0.6,4,0.00086,1.0
2747.0,0.533333333333,4,0.000824,1.57894736842
1516.0,0.4,3,0.000795,1.57894736842
2656.0,0.466666666667,3,0.000836,1.41538461538
1516.0,0.4,3,0.000733,1.57894736842
1993.0,0.466666666667,3,0.000794,1.57894736842
2747.0,0.533333333333,4,0.001131,1.57894736842
2162.0,0.466666666667,3,0.000852,1.18238993711
1516.0,0.4,3,0.000754,1.57894736842
