weight,density,degree,runtime,stretch
1793.0,0.380952380952,3,0.000852,1.0
990.0,0.285714285714,3,0.000928999999999,1.99068322981
1312.0,0.333333333333,3,0.000848,1.22453222453
1471.0,0.333333333333,3,0.000879,1.99068322981
1471.0,0.333333333333,3,0.000832,1.99068322981
1793.0,0.380952380952,3,0.000853,1.0
1471.0,0.333333333333,3,0.000957,1.99068322981
1793.0,0.380952380952,3,0.000881000000001,1.0
1793.0,0.380952380952,3,0.000938,1.0
1312.0,0.333333333333,3,0.000815,1.22453222453
