weight,density,degree,runtime,stretch
5122.0,0.11,6,0.05,2.40282685512
4492.0,0.113333333333,5,0.03,2.78231292517
6754.0,0.133333333333,6,0.03,2.4652173913
4468.0,0.11,4,0.02,2.48947368421
6682.0,0.133333333333,8,0.02,1.77397260274
5342.0,0.116666666667,8,0.05,2.21641791045
5664.0,0.116666666667,8,0.03,2.60869565217
5578.0,0.12,5,0.03,1.71428571429
5216.0,0.116666666667,6,0.03,2.24096385542
6400.0,0.13,6,0.02,3.172
