weight,density,degree,runtime,stretch
3517.0,0.380952380952,4,0.000625,1.95102040816
846.0,0.285714285714,3,0.000669,1.0
2409.0,0.428571428571,4,0.00076,1.0
3118.0,0.380952380952,3,0.000633,1.0
3829.0,0.428571428571,5,0.000692,1.0
3560.0,0.428571428571,3,0.00063,1.02470588235
2142.0,0.285714285714,3,0.00052,2.21348314607
5148.0,0.428571428571,4,0.000568,1.76912181303
439.0,0.285714285714,4,0.000645,1.0
2064.0,0.380952380952,5,0.00051,1.0
