weight,density,degree,runtime,stretch
5069.0,0.136666666667,6,0.003458,1.29508196721
5937.0,0.143333333333,6,0.003058,1.29508196721
5593.0,0.14,6,0.003275,1.37579617834
4782.0,0.13,6,0.002996,1.54230769231
5856.0,0.143333333333,6,0.003216,1.1951951952
3651.0,0.116666666667,6,0.002747,1.81785714286
4323.0,0.123333333333,6,0.002856,2.40206185567
5618.0,0.14,6,0.003091,1.29508196721
5092.0,0.136666666667,6,0.003242,1.37579617834
4475.0,0.13,6,0.003014,1.81785714286
