weight,density,degree,runtime,stretch
4222.0,0.123333333333,5,0.05,1.97260273973
4653.0,0.11,5,0.04,2.48
8727.0,0.136666666667,5,0.04,1.4882629108
5403.0,0.113333333333,6,0.04,2.63888888889
4906.0,0.13,5,0.04,2.36842105263
3638.0,0.113333333333,5,0.04,1.68384879725
6698.0,0.143333333333,6,0.04,1.7012987013
7056.0,0.136666666667,9,0.05,1.46451612903
5208.0,0.116666666667,7,0.04,2.59375
2928.0,0.106666666667,5,0.04,1.81927710843
