weight,density,degree,runtime,stretch
11777.0,0.0963265306122,8,0.27,1.7614213198
9669.0,0.0857142857143,9,0.21,1.66455696203
11332.0,0.0938775510204,10,0.25,1.62087912088
4370.0,0.0702040816327,8,0.24,1.56818181818
10730.0,0.0938775510204,9,0.28,1.37142857143
7851.0,0.0791836734694,9,0.21,1.74556213018
7306.0,0.08,9,0.24,1.71074380165
8908.0,0.0848979591837,8,0.2,2.04827586207
5890.0,0.0726530612245,6,0.24,1.78787878788
8745.0,0.0832653061224,9,0.24,1.62773722628
