weight,density,degree,runtime,stretch
2100.0,0.380952380952,4,0.000870000000001,2.46666666667
1551.0,0.380952380952,4,0.000925000000001,1.16119402985
2250.0,0.428571428571,4,0.000979,1.16119402985
1647.0,0.380952380952,4,0.000844,2.00418410042
2585.0,0.47619047619,4,0.001151,1.0
2585.0,0.47619047619,4,0.000903,1.0
1296.0,0.333333333333,3,0.001195,1.81568627451
1886.0,0.428571428571,4,0.001223,1.09585121602
1551.0,0.380952380952,4,0.000899,1.16119402985
2585.0,0.47619047619,4,0.000861,1.0
