weight,density,degree,runtime,stretch
2206.0,0.6,4,0.000837000000001,1.0
4178.0,0.7,4,0.000759,1.03557312253
1048.0,0.5,3,0.000708999999999,1.0
473.0,0.4,2,0.000722999999999,1.0
2593.0,0.6,3,0.000802,1.0
897.0,0.5,3,0.000739000000001,1.56064690027
1616.0,0.7,3,0.000788999999999,1.0
4035.0,0.7,4,0.00081,1.8164983165
2221.0,0.5,4,0.000704000000001,1.73630831643
1367.0,0.5,3,0.000912000000001,1.0
