weight,density,degree,runtime,stretch
3481.0,0.6,3,0.00036,1.0
1422.0,0.4,3,0.000345,1.0
2282.0,0.4,2,0.000367,1.0
2081.0,0.5,3,0.000328,1.35062611807
3317.0,0.5,3,0.000322,1.0
2743.0,0.6,3,0.000314,1.0
1970.0,0.4,2,0.000336,1.0
2799.0,0.5,3,0.000327,1.0
1734.0,0.4,3,0.000327,1.0
1514.0,0.5,3,0.000357,1.0
