weight,density,degree,runtime,stretch
1310.0,0.428571428571,4,0.001372,1.0
1310.0,0.428571428571,4,0.000829,1.0
1216.0,0.380952380952,4,0.000773,1.14893617021
1310.0,0.428571428571,4,0.000801999999999,1.0
1310.0,0.428571428571,4,0.001275,1.0
1310.0,0.428571428571,4,0.000753,1.0
1073.0,0.380952380952,4,0.000957,1.50632911392
1073.0,0.380952380952,4,0.000799000000001,1.50632911392
979.0,0.333333333333,4,0.000692,1.56540084388
1310.0,0.428571428571,4,0.000769,1.0
