weight,density,degree,runtime,stretch
4440.0,0.6,5,0.000905,1.11944091487
5227.0,0.666666666667,5,0.002632,1.0
5227.0,0.666666666667,5,0.000897,1.0
4107.0,0.533333333333,4,0.001628,1.2389261745
5227.0,0.666666666667,5,0.00091,1.0
4852.0,0.6,4,0.001909,1.19733333333
3408.0,0.466666666667,5,0.000849,1.56097560976
2459.0,0.4,5,0.001578,1.56097560976
3991.0,0.533333333333,5,0.001014,1.56097560976
4278.0,0.6,5,0.001756,1.3593256059
