weight,density,degree,runtime,stretch
1836.0,0.5,3,0.000931,1.0
1836.0,0.5,3,0.000813,1.0
1377.0,0.4,2,0.000651,1.25708061002
1836.0,0.5,3,0.000953,1.0
1524.0,0.4,2,0.001379,2.32051282051
1836.0,0.5,3,0.001223,1.0
1836.0,0.5,3,0.000923,1.0
1836.0,0.5,3,0.000794,1.0
1836.0,0.5,3,0.000765,1.0
1836.0,0.5,3,0.00072,1.0
