weight,density,degree,runtime,stretch
2390.0,0.5,3,0.000358,1.0
2306.0,0.5,2,0.000406,1.0
2504.0,0.6,3,0.000397,1.0
2098.0,0.5,3,0.000378,2.18631178707
893.0,0.4,4,0.000476,1.0
4808.0,0.7,4,0.000499,1.0
1456.0,0.5,2,0.000491,1.0
280.0,0.4,3,0.000477,1.0
4041.0,0.6,4,0.00097,1.0
2271.0,0.7,4,0.000454,1.0
