weight,density,degree,runtime,stretch
1859.0,0.110526315789,6,0.010723,2.75483870968
3928.0,0.147368421053,6,0.012778,1.59205020921
4280.0,0.142105263158,5,0.010152,1.67385444744
3791.0,0.147368421053,5,0.010412,2.42424242424
