weight,density,degree,runtime,stretch
3973.0,0.146666666667,7,0.00555700000001,2.30769230769
3325.0,0.133333333333,8,0.005562,2.56481481481
3037.0,0.126666666667,6,0.005668,2.421875
3523.0,0.14,7,0.00557000000001,2.0
2593.0,0.116666666667,8,0.005174,2.421875
2738.0,0.123333333333,6,0.00545,2.421875
3612.0,0.14,7,0.00580000000001,2.30769230769
2375.0,0.113333333333,5,0.00592900000001,2.53968253968
2883.0,0.126666666667,5,0.005478,1.75892857143
3769.0,0.143333333333,6,0.005658,1.40865384615
