weight,density,degree,runtime,stretch
891.0,0.25,3,0.000614,1.70192307692
5628.0,0.464285714286,5,0.000856,1.0
4731.0,0.428571428571,4,0.000682,1.0
1260.0,0.321428571429,3,0.000749,1.0
5492.0,0.428571428571,4,0.001199,1.22571428571
5774.0,0.464285714286,4,0.001,1.0
2392.0,0.285714285714,4,0.001363,1.0
6086.0,0.464285714286,5,0.000834,1.0
3303.0,0.357142857143,4,0.000724,1.0
1538.0,0.321428571429,5,0.000879,1.0
