weight,density,degree,runtime,stretch
4526.0,0.6,4,0.00075,1.0
3610.0,0.533333333333,3,0.000759,1.02401746725
3058.0,0.466666666667,3,0.000721,1.26473859844
3957.0,0.533333333333,4,0.000691,1.0474516696
2142.0,0.4,3,0.000777,1.28921023359
3957.0,0.533333333333,4,0.000766,1.0474516696
4526.0,0.6,4,0.000789,1.0
3957.0,0.533333333333,4,0.00069,1.0474516696
2711.0,0.466666666667,3,0.000702,1.25917686318
4526.0,0.6,4,0.000803,1.0
