weight,density,degree,runtime,stretch
1497.0,0.4,4,0.000732,1.0
1497.0,0.4,4,0.000839,1.0
1497.0,0.4,4,0.000827,1.0
1497.0,0.4,4,0.000605,1.0
1497.0,0.4,4,0.000546,1.0
1497.0,0.4,4,0.000927,1.0
968.0,0.333333333333,3,0.000616,1.73345935728
1497.0,0.4,4,0.000683,1.0
1497.0,0.4,4,0.00066,1.0
1497.0,0.4,4,0.000722,1.0
