weight,density,degree,runtime,stretch
2615.0,0.4,3,0.000787,1.0
2615.0,0.4,3,0.001058,1.0
2615.0,0.4,3,0.000691,1.0
2615.0,0.4,3,0.00075,1.0
2615.0,0.4,3,0.000932,1.0
2615.0,0.4,3,0.001008,1.0
1907.0,0.333333333333,3,0.000796,1.52542372881
1907.0,0.333333333333,3,0.001033,1.52542372881
2615.0,0.4,3,0.000789,1.0
2615.0,0.4,3,0.001173,1.0
