weight,density,degree,runtime,stretch
4357.0,0.380952380952,3,0.000661,1.0
2090.0,0.333333333333,3,0.000597,1.0
3040.0,0.428571428571,4,0.001866,1.23224568138
1353.0,0.285714285714,4,0.001154,1.0
4981.0,0.47619047619,5,0.000878,1.34291799787
2837.0,0.380952380952,4,0.001539,1.0
2583.0,0.380952380952,3,0.000824,1.0
2645.0,0.380952380952,3,0.001357,1.42562592047
3416.0,0.380952380952,4,0.001062,1.0
5221.0,0.52380952381,4,0.000996,1.0
