weight,density,degree,runtime,stretch
3360.0,0.321428571429,4,0.000561,1.63366336634
6162.0,0.428571428571,6,0.001289,1.23578363384
3781.0,0.357142857143,3,0.000791,1.0
3372.0,0.357142857143,4,0.001068,1.0
1544.0,0.285714285714,4,0.000634,1.0
4569.0,0.428571428571,4,0.000754,1.12045889101
1706.0,0.25,5,0.002353,1.0
3889.0,0.321428571429,4,0.001228,2.12447257384
2677.0,0.321428571429,3,0.001401,1.0
4810.0,0.428571428571,5,0.001243,1.62211221122
