weight,density,degree,runtime,stretch
3227.0,0.392857142857,4,0.002027,1.61235955056
4208.0,0.464285714286,5,0.001903,1.0
3583.0,0.428571428571,5,0.001516,1.0208
3281.0,0.392857142857,5,0.001472,1.35593220339
3583.0,0.428571428571,5,0.003529,1.0208
4208.0,0.464285714286,5,0.007799,1.0
2629.0,0.357142857143,5,0.001033,1.92272727273
2216.0,0.321428571429,5,0.000758999999999,1.92272727273
3795.0,0.428571428571,5,0.000881,1.35593220339
3143.0,0.392857142857,5,0.000797,1.92272727273
