weight,density,degree,runtime,stretch
1832.0,0.4,3,0.000789000000001,1.0
3451.0,0.6,3,0.000706999999998,1.0
1820.0,0.5,3,0.000718999999997,1.90891840607
2103.0,0.4,3,0.000715,1.02527075812
3227.0,0.5,3,0.000733,1.0
2041.0,0.5,3,0.000706000000001,1.22913256956
3123.0,0.4,3,0.000699000000001,1.0
1687.0,0.5,3,0.000735000000002,1.27650727651
935.0,0.4,3,0.000727000000001,1.0
3365.0,0.6,3,0.000753,1.0
