weight,density,degree,runtime,stretch
4140.0,0.12,6,0.03,2.68098159509
3192.0,0.113333333333,5,0.03,1.77391304348
3264.0,0.116666666667,7,0.03,2.90654205607
3300.0,0.133333333333,7,0.04,1.13684210526
2467.0,0.13,7,0.03,2.20987654321
4136.0,0.123333333333,5,0.05,2.29702970297
2650.0,0.123333333333,5,0.03,3.13375796178
3849.0,0.123333333333,6,0.05,1.63309352518
4162.0,0.126666666667,6,0.05,2.21678321678
1761.0,0.103333333333,5,0.05,1.90909090909
