weight,density,degree,runtime,stretch
1944.0,0.4,3,0.001298,1.42907801418
3837.0,0.466666666667,3,0.000882999999998,1.0
2520.0,0.333333333333,3,0.000791,1.0
1469.0,0.333333333333,2,0.000764,2.88039215686
1170.0,0.333333333333,3,0.000995,1.0
3167.0,0.466666666667,3,0.000809,1.18402426694
1191.0,0.4,3,0.000782999999998,1.0022172949
2750.0,0.4,3,0.000923999999998,1.0
2470.0,0.4,3,0.000952999999999,1.0
3699.0,0.4,3,0.000816999999998,1.28748707342
