weight,density,degree,runtime,stretch
3288.0,0.13,7,0.009842,1.0
3288.0,0.13,7,0.008542,1.0
3288.0,0.13,7,0.00864,1.0
3288.0,0.13,7,0.008601,1.0
3288.0,0.13,7,0.008736,1.0
3288.0,0.13,7,0.008549,1.0
3288.0,0.13,7,0.008742,1.0
3288.0,0.13,7,0.00839,1.0
3288.0,0.13,7,0.008469,1.0
3288.0,0.13,7,0.008834,1.0
3288.0,0.13,7,0.008811,1.0
