weight,density,degree,runtime,stretch
783.0,0.4,2,0.000730000000001,1.28571428571
2917.0,0.5,3,0.000658999999999,1.0
353.0,0.4,3,0.000723999999998,1.0
3960.0,0.6,4,0.000755000000002,1.07165605096
3448.0,0.7,4,0.000771,1.18193891102
3687.0,0.7,4,0.000786999999999,1.0
2536.0,0.7,4,0.000768999999998,1.0
1653.0,0.4,3,0.000689000000001,1.29789473684
1791.0,0.4,3,0.000677999999997,1.79518072289
4149.0,0.6,3,0.000705,1.0
