weight,density,degree,runtime,stretch
3056.0,0.361111111111,5,0.000877,1.0
1187.0,0.277777777778,3,0.000713,1.0
2285.0,0.277777777778,5,0.00083,1.16312056738
5190.0,0.416666666667,5,0.000866,1.77199281867
860.0,0.25,4,0.000891,1.69683257919
1070.0,0.25,3,0.001005,1.29568106312
2590.0,0.305555555556,4,0.000816,1.94054054054
1967.0,0.305555555556,4,0.001103,1.0
3866.0,0.388888888889,5,0.000999,1.0
3670.0,0.416666666667,4,0.001038,1.0
