weight,density,degree,runtime,stretch
4274.0,0.0644897959184,7,0.21,2.59210526316
7114.0,0.0734693877551,8,0.16,2.70666666667
7252.0,0.0710204081633,7,0.17,2.45833333333
3712.0,0.0595918367347,6,0.2,3.16455696203
5678.0,0.0677551020408,8,0.21,4.03448275862
5701.0,0.0636734693878,7,0.16,2.96078431373
6262.0,0.0661224489796,9,0.17,3.32584269663
4985.0,0.0644897959184,7,0.12,2.54430379747
5420.0,0.0628571428571,8,0.2,3.09210526316
5200.0,0.0669387755102,8,0.160000000001,2.38709677419
