weight,density,degree,runtime,stretch
1834.0,0.6,3,0.000638,1.0
873.0,0.4,3,0.000576,1.81796116505
1834.0,0.6,3,0.000602,1.0
1834.0,0.6,3,0.000624,1.0
1834.0,0.6,3,0.000671,1.0
1320.0,0.5,2,0.000623,1.25875486381
873.0,0.4,3,0.000563,1.81796116505
1422.0,0.5,3,0.000685,1.81796116505
1285.0,0.5,3,0.000648,1.1621129326
1285.0,0.5,3,0.00067,1.1621129326
