weight,density,degree,runtime,stretch
4403.0,0.571428571429,5,0.00147,1.0
5009.0,0.52380952381,4,0.001145,1.0
1999.0,0.333333333333,4,0.000888000000002,1.76923076923
3946.0,0.428571428571,5,0.000982,1.85399449036
4964.0,0.47619047619,4,0.000990999999999,2.11079545455
3055.0,0.428571428571,4,0.001037,1.13372956909
1868.0,0.285714285714,5,0.001567,1.31334622824
2198.0,0.285714285714,3,0.000847,1.26108374384
3238.0,0.428571428571,3,0.00188,1.06948228883
2505.0,0.428571428571,4,0.001202,1.0
