weight,density,degree,runtime,stretch
3624.0,0.52380952381,4,0.002295,1.21563342318
2799.0,0.47619047619,4,0.001612,1.06703146375
2093.0,0.380952380952,3,0.00324,2.04620462046
2093.0,0.380952380952,3,0.002241,2.04620462046
3221.0,0.47619047619,4,0.001235,1.48787061995
3995.0,0.571428571429,5,0.001199,1.0
2125.0,0.380952380952,4,0.00123,1.99339933993
1514.0,0.333333333333,3,0.00122,2.04620462046
3264.0,0.52380952381,5,0.001152,1.05061559508
2685.0,0.47619047619,5,0.001171,1.19516407599
