weight,density,degree,runtime,stretch
1473.0,0.333333333333,4,0.001712,1.3351800554
1658.0,0.380952380952,4,0.001238,1.3351800554
2461.0,0.47619047619,4,0.003583,1.0
1043.0,0.285714285714,3,0.001373,1.68325791855
1915.0,0.380952380952,4,0.004332,1.3351800554
1473.0,0.333333333333,4,0.001984,1.3351800554
2461.0,0.47619047619,4,0.001094,1.0
1670.0,0.380952380952,3,0.00233,1.3351800554
2461.0,0.47619047619,4,0.001592,1.0
2461.0,0.47619047619,4,0.001658,1.0
