weight,density,degree,runtime,stretch
10243.0,0.0816326530612,12,0.010757,2.27215189873
10161.0,0.0816326530612,8,0.011048,2.68
9835.0,0.0783673469388,8,0.010353,2.27215189873
10612.0,0.0840816326531,8,0.010322,2.25641025641
11007.0,0.0848979591837,8,0.01093,2.25641025641
12714.0,0.0914285714286,12,0.01339,2.13913043478
9707.0,0.0775510204082,8,0.010134,2.68
11854.0,0.0881632653061,9,0.011306,2.13913043478
8921.0,0.0759183673469,8,0.00952000000001,2.44303797468
8248.0,0.0718367346939,8,0.00851299999999,2.31707317073
