weight,density,degree,runtime,stretch
2363.0,0.305555555556,4,0.000883,1.43020594966
3925.0,0.361111111111,5,0.000861,1.2101551481
1792.0,0.305555555556,5,0.000768,1.03258145363
6137.0,0.416666666667,5,0.001036,1.08732876712
5026.0,0.444444444444,5,0.000865,1.0
2021.0,0.333333333333,4,0.001744,1.03964757709
1464.0,0.25,4,0.000777,1.2480620155
2248.0,0.361111111111,5,0.001561,1.0
2681.0,0.416666666667,5,0.000819,1.0
3266.0,0.388888888889,5,0.000915,1.30244755245
