weight,density,degree,runtime,stretch
2367.0,0.123333333333,5,0.003275,1.4756097561
3290.0,0.14,8,0.003682,1.43406593407
3472.0,0.143333333333,8,0.00464,1.01986754967
3315.0,0.14,8,0.004822,1.43406593407
3048.0,0.136666666667,6,0.004831,1.4756097561
3526.0,0.143333333333,8,0.003801,1.36082474227
1971.0,0.113333333333,5,0.004789,1.67073170732
3441.0,0.143333333333,8,0.003849,1.43406593407
2619.0,0.13,5,0.004024,1.33516483516
2577.0,0.126666666667,5,0.003953,1.43406593407
