weight,density,degree,runtime,stretch
4429.0,0.136666666667,7,0.005259,2.18333333333
3102.0,0.123333333333,7,0.005206,1.58385093168
3409.0,0.126666666667,7,0.00528800000001,1.4746835443
4380.0,0.14,7,0.005538,1.51470588235
3235.0,0.12,7,0.00510200000001,3.18556701031
5417.0,0.156666666667,7,0.00644299999999,1.20083682008
4125.0,0.126666666667,7,0.00516500000001,4.10714285714
2745.0,0.11,7,0.004656,2.75641025641
3080.0,0.116666666667,7,0.004926,2.375
3340.0,0.123333333333,7,0.005421,1.51470588235
