weight,density,degree,runtime,stretch
2261.0,0.666666666667,3,0.000326,1.0
2541.0,0.666666666667,3,0.000295,1.0
2418.0,0.833333333333,3,0.000274,1.0
3700.0,0.833333333333,3,0.000296,1.0
2106.0,0.666666666667,3,0.000258,1.0
1050.0,0.5,3,0.000288,1.0
1305.0,0.5,2,0.000295,1.0
1351.0,0.5,2,0.000293,1.0
2014.0,0.666666666667,3,0.000314,1.0
429.0,0.5,2,0.000351,1.0
