weight,density,degree,runtime,stretch
1815.0,0.380952380952,4,0.001847,1.34030418251
3584.0,0.52380952381,5,0.002539,1.0
2341.0,0.428571428571,5,0.002406,1.25228519196
2058.0,0.380952380952,5,0.00236,2.18374558304
1657.0,0.333333333333,3,0.002973,1.73170731707
3584.0,0.52380952381,5,0.002615,1.0
2257.0,0.380952380952,3,0.003551,1.64258555133
3584.0,0.52380952381,5,0.002178,1.0
3584.0,0.52380952381,5,0.002824,1.0
3350.0,0.47619047619,5,0.002513,1.85042735043
