weight,density,degree,runtime,stretch
1904.0,0.466666666667,4,0.000503,1.0
3370.0,0.4,3,0.000461,1.0
1576.0,0.333333333333,3,0.000451,1.0
2339.0,0.466666666667,3,0.000493,1.5888030888
2688.0,0.4,4,0.000449,1.89381933439
2457.0,0.4,3,0.000602,1.625
2312.0,0.4,3,0.000486,1.0
1992.0,0.4,3,0.000506,1.0
1308.0,0.333333333333,3,0.000559,1.0
4036.0,0.533333333333,3,0.000517,1.72527472527
