weight,density,degree,runtime,stretch
4392.0,0.6,4,0.000769,1.18918918919
1288.0,0.466666666667,3,0.000732000000001,1.0
1474.0,0.4,3,0.000904,1.0
1735.0,0.466666666667,3,0.000780000000001,1.80909090909
1573.0,0.4,3,0.000873,1.0
2297.0,0.466666666667,4,0.001542,1.0
6977.0,0.733333333333,5,0.00198,1.57722308892
6586.0,0.733333333333,5,0.000847,1.5231316726
893.0,0.4,3,0.000828,1.0
331.0,0.4,3,0.000959,1.0
