weight,density,degree,runtime,stretch
1477.0,0.222222222222,4,0.001261,2.05204460967
3229.0,0.333333333333,4,0.001999,1.52664576803
1379.0,0.25,4,0.001396,1.0
2924.0,0.333333333333,4,0.00138,2.03430079156
1661.0,0.277777777778,3,0.001314,1.2582781457
2050.0,0.305555555556,3,0.00118,1.34464751958
7406.0,0.472222222222,5,0.001248,1.84686774942
4280.0,0.388888888889,5,0.001263,1.02232854864
4972.0,0.361111111111,5,0.001243,1.7487804878
3026.0,0.361111111111,5,0.001236,1.15798319328
