weight,density,degree,runtime,stretch
3471.0,0.6,3,0.000408999999999,1.0
2141.0,0.4,2,0.000421999999999,1.0
1587.0,0.5,3,0.000553,1.0
1374.0,0.5,3,0.000423000000001,1.0
1784.0,0.5,2,0.000443000000001,1.05405405405
876.0,0.4,4,0.000479,1.0
1686.0,0.5,3,0.000425,1.0
2810.0,0.5,3,0.000413,1.0
2779.0,0.5,2,0.000448,1.45063291139
3842.0,0.6,3,0.000452999999999,1.0
