weight,density,degree,runtime,stretch
1379.0,0.285714285714,4,0.001111,1.11058823529
4782.0,0.428571428571,5,0.001142,1.28227571116
2822.0,0.357142857143,4,0.001144,1.52570480929
1459.0,0.321428571429,4,0.001053,1.05647840532
4229.0,0.392857142857,4,0.001099,2.58806818182
1355.0,0.285714285714,3,0.00113,1.0
4766.0,0.5,5,0.001431,1.41379310345
1560.0,0.285714285714,3,0.00156,1.43738656987
2427.0,0.392857142857,5,0.001113,1.0
5714.0,0.428571428571,5,0.00105,1.36643026005
