weight,density,degree,runtime,stretch
4051.0,0.380952380952,3,0.000989,1.54261954262
5852.0,0.47619047619,3,0.00069,1.0
5852.0,0.47619047619,3,0.000608,1.0
4051.0,0.380952380952,3,0.000765,1.54261954262
5852.0,0.47619047619,3,0.000632,1.0
5852.0,0.47619047619,3,0.000571,1.0
4169.0,0.380952380952,3,0.000674,1.73647711512
4051.0,0.380952380952,3,0.000607,1.54261954262
5852.0,0.47619047619,3,0.000806,1.0
4890.0,0.428571428571,3,0.000715,1.51663201663
