weight,density,degree,runtime,stretch
1840.0,0.25,3,0.000909,1.31465517241
4720.0,0.277777777778,4,0.000868000000001,2.63951473137
2924.0,0.277777777778,4,0.000933999999999,1.69218241042
1778.0,0.25,4,0.001004,1.0
4681.0,0.333333333333,5,0.000965000000001,1.82621502209
3430.0,0.361111111111,4,0.001149,1.47122302158
6144.0,0.361111111111,3,0.001026,1.0
5214.0,0.361111111111,4,0.000964,1.0
1802.0,0.25,5,0.000887000000001,1.10689655172
5171.0,0.388888888889,5,0.001039,1.0
