weight,density,degree,runtime,stretch
4109.0,0.733333333333,4,0.000909999999999,1.0
1764.0,0.333333333333,4,0.000791000000001,1.69444444444
825.0,0.333333333333,3,0.000814,1.30434782609
1496.0,0.466666666667,3,0.000766,1.0
682.0,0.333333333333,3,0.001431,2.14798206278
1968.0,0.466666666667,3,0.000861,1.27447552448
1702.0,0.4,4,0.00085,1.81081081081
2652.0,0.4,4,0.000722999999999,2.05918367347
347.0,0.333333333333,3,0.000783,1.30769230769
1507.0,0.4,4,0.001165,1.34328358209
