weight,density,degree,runtime,stretch
2416.0,0.380952380952,4,0.000756,1.36156351792
3030.0,0.428571428571,4,0.000882,1.0
2331.0,0.380952380952,4,0.000949,1.29184549356
1717.0,0.333333333333,4,0.001025,1.36156351792
2331.0,0.380952380952,4,0.000824,1.29184549356
2331.0,0.380952380952,4,0.001016,1.29184549356
2331.0,0.380952380952,4,0.000894,1.29184549356
1363.0,0.285714285714,4,0.000617,1.80508474576
2331.0,0.380952380952,4,0.000738,1.29184549356
3030.0,0.428571428571,4,0.000923,1.0
