weight,density,degree,runtime,stretch
2012.0,0.466666666667,4,0.000665,1.0
1494.0,0.4,4,0.000804,1.70849420849
2012.0,0.466666666667,4,0.00146,1.0
2012.0,0.466666666667,4,0.000716,1.0
1494.0,0.4,4,0.000584,1.70849420849
1612.0,0.4,4,0.000703,1.5925
2012.0,0.466666666667,4,0.00072,1.0
1494.0,0.4,4,0.000675,1.70849420849
1494.0,0.4,4,0.001343,1.70849420849
2012.0,0.466666666667,4,0.000966,1.0
