weight,density,degree,runtime,stretch
2025.0,0.4,3,0.002025,2.38990825688
3511.0,0.6,4,0.001042,1.02288329519
1639.0,0.4,2,0.000964000000002,2.2638121547
1243.0,0.4,3,0.001015,1.0
1306.0,0.4,3,0.000997999999999,1.18567639257
1377.0,0.4,3,0.000536,1.0
833.0,0.4,2,0.000547000000001,1.0
3405.0,0.6,4,0.000684,1.0
2403.0,0.5,3,0.0006,1.0
3565.0,0.5,3,0.001323,1.0
