weight,density,degree,runtime,stretch
6464.0,0.0783673469388,8,0.17,2.49315068493
4462.0,0.0644897959184,6,0.16,2.68518518519
6782.0,0.0808163265306,8,0.16,1.88524590164
4271.0,0.0661224489796,7,0.17,2.68
4410.0,0.065306122449,8,0.21,2.76543209877
5261.0,0.0734693877551,8,0.16,2.68965517241
4394.0,0.0685714285714,6,0.17,2.34375
4145.0,0.0612244897959,7,0.13,1.92771084337
6181.0,0.0783673469388,9,0.13,1.89344262295
6132.0,0.0742857142857,8,0.17,2.87234042553
