weight,density,degree,runtime,stretch
4407.0,0.136666666667,7,0.004773,2.18781725888
4681.0,0.146666666667,8,0.005101,1.69516728625
4825.0,0.15,8,0.004801,2.05789473684
4052.0,0.13,6,0.00463099999999,2.08947368421
4483.0,0.14,6,0.004718,2.171875
3523.0,0.12,7,0.00441300000001,2.43125
4918.0,0.153333333333,7,0.00545200000001,2.21875
4997.0,0.15,7,0.00500100000001,2.08947368421
4062.0,0.133333333333,6,0.00486500000001,2.37323943662
4339.0,0.133333333333,7,0.00458,2.43125
