weight,density,degree,runtime,stretch
3386.0,0.4,4,0.000764,2.20465116279
3225.0,0.333333333333,3,0.000656000000001,1.73404255319
479.0,0.333333333333,3,0.000806000000001,1.0
2708.0,0.4,3,0.000774,1.34406438632
3559.0,0.4,5,0.000690000000001,1.62951167728
3188.0,0.4,3,0.000772000000001,1.0
695.0,0.333333333333,3,0.000975,1.0
1794.0,0.4,3,0.000780000000001,1.1023255814
967.0,0.4,3,0.000695,1.0
2347.0,0.333333333333,2,0.000613,1.0
