weight,density,degree,runtime,stretch
2488.0,0.333333333333,4,0.00185,1.0
5148.0,0.428571428571,4,0.001542,1.0
3340.0,0.428571428571,4,0.001761,1.4277673546
1374.0,0.333333333333,4,0.001782,1.0
1614.0,0.285714285714,4,0.001511,1.17780429594
3623.0,0.380952380952,3,0.001575,3.18820224719
3441.0,0.333333333333,4,0.001452,1.0
4672.0,0.47619047619,4,0.001684,1.03217158177
3426.0,0.380952380952,4,0.00149,1.0
6427.0,0.47619047619,4,0.001626,1.38095238095
