weight,density,degree,runtime,stretch
4690.0,0.52380952381,5,0.001074,1.4788213628
2224.0,0.333333333333,4,0.001081,2.01793721973
3372.0,0.428571428571,5,0.001062,2.01793721973
4061.0,0.47619047619,4,0.001052,1.60674157303
3769.0,0.428571428571,5,0.000991,2.38565022422
3773.0,0.47619047619,5,0.000970000000001,1.4788213628
2905.0,0.380952380952,5,0.000991999999999,2.05741626794
6725.0,0.666666666667,5,0.001059,1.0
3818.0,0.47619047619,5,0.002208,1.5407554672
5172.0,0.52380952381,5,0.001281,1.62226640159
