weight,density,degree,runtime,stretch
1594.0,0.380952380952,3,0.000994000000002,1.07246376812
1725.0,0.285714285714,3,0.000978,1.19880239521
2091.0,0.380952380952,4,0.00102,1.4208
1790.0,0.333333333333,3,0.001003,1.0
3882.0,0.380952380952,4,0.00157,1.8875
747.0,0.333333333333,3,0.001008,1.0
5446.0,0.47619047619,4,0.001013,1.22127139364
1580.0,0.285714285714,4,0.001795,1.0
1957.0,0.333333333333,3,0.000993999999999,1.27868852459
5768.0,0.47619047619,4,0.001066,1.0
