weight,density,degree,runtime,stretch
4442.0,0.428571428571,4,0.000856,1.0
3215.0,0.333333333333,3,0.000992,2.11609907121
4442.0,0.428571428571,4,0.000959,1.0
4442.0,0.428571428571,4,0.001051,1.0
4442.0,0.428571428571,4,0.001109,1.0
3487.0,0.380952380952,4,0.000938,1.09738219895
4442.0,0.428571428571,4,0.001275,1.0
3606.0,0.380952380952,3,0.00088,1.39593301435
3215.0,0.333333333333,3,0.000871,2.11609907121
3487.0,0.380952380952,4,0.001134,1.09738219895
