weight,density,degree,runtime,stretch
1059.0,0.5,3,0.000532,1.0
1737.0,0.4,2,0.000464,1.43841642229
3074.0,0.5,3,0.00075,1.0
1718.0,0.4,2,0.001234,1.0
1672.0,0.5,3,0.00055,1.0
2989.0,0.5,2,0.000463,1.27403846154
2916.0,0.5,2,0.000538,1.0
2245.0,0.6,3,0.000552,1.0
1624.0,0.5,3,0.000521,1.0
2490.0,0.5,3,0.000547,1.0
