weight,density,degree,runtime,stretch
2055.0,0.4,3,0.0011,1.0
3494.0,0.533333333333,4,0.001298,1.0
1444.0,0.4,3,0.000973,1.0
3916.0,0.533333333333,4,0.001535,1.0
2872.0,0.4,3,0.000932,1.0
4024.0,0.6,4,0.000874,1.0
5218.0,0.6,4,0.000885,1.0
2275.0,0.4,3,0.000804,1.0
1790.0,0.4,3,0.001018,1.0
4121.0,0.466666666667,3,0.000698,1.0
