weight,density,degree,runtime,stretch
1455.0,0.285714285714,3,0.000682,1.0
2407.0,0.357142857143,4,0.000737,1.0
6600.0,0.571428571429,5,0.000777,1.0
4629.0,0.392857142857,4,0.000689,1.0
2520.0,0.392857142857,4,0.00079,1.0
5789.0,0.428571428571,4,0.000719,1.0
5455.0,0.392857142857,4,0.000564,1.45813953488
876.0,0.25,3,0.000688,1.0
5367.0,0.535714285714,5,0.000679,1.22243713733
4723.0,0.428571428571,5,0.000704,1.30053908356
