weight,density,degree,runtime,stretch
5037.0,0.136666666667,6,0.003819,1.47368421053
4798.0,0.133333333333,6,0.003767,1.62264150943
4268.0,0.126666666667,7,0.00376,1.80882352941
5108.0,0.136666666667,7,0.003998,2.25842696629
4705.0,0.133333333333,7,0.003859,1.55084745763
3643.0,0.116666666667,7,0.003521,2.25842696629
5393.0,0.14,7,0.003771,1.4128440367
4409.0,0.126666666667,7,0.003773,2.25842696629
5234.0,0.14,7,0.003999,1.55084745763
4016.0,0.123333333333,7,0.003758,2.66060606061
