weight,density,degree,runtime,stretch
3286.0,0.1,6,0.005818,1.45945945946
6263.0,0.126666666667,6,0.006412,1.8768115942
1714.0,0.106666666667,5,0.00827,1.86170212766
6517.0,0.146666666667,7,0.00744,1.96598639456
7965.0,0.146666666667,6,0.00618900000001,2.49145299145
4399.0,0.126666666667,5,0.00680699999999,1.40863787375
4812.0,0.13,6,0.00519,1.57142857143
3189.0,0.12,6,0.005546,2.3
4005.0,0.116666666667,6,0.006164,1.59829059829
4367.0,0.13,5,0.00566999999999,1.91981132075
