weight,density,degree,runtime,stretch
3532.0,0.133333333333,7,0.003921,1.80357142857
3767.0,0.14,7,0.004592,1.46012269939
3949.0,0.146666666667,6,0.003939,1.67567567568
3004.0,0.126666666667,6,0.004056,1.67664670659
2894.0,0.126666666667,6,0.00451,1.67664670659
3488.0,0.136666666667,6,0.004035,1.67664670659
3588.0,0.136666666667,7,0.003998,1.67567567568
3575.0,0.136666666667,7,0.005485,1.46012269939
3077.0,0.13,6,0.003755,1.65979381443
3894.0,0.143333333333,7,0.004425,1.46012269939
