weight,density,degree,runtime,stretch
1841.0,0.47619047619,4,0.000652,1.0
3804.0,0.47619047619,4,0.000605,1.51700680272
1768.0,0.428571428571,4,0.000591,1.13766233766
2958.0,0.52380952381,4,0.00057,1.0
2000.0,0.380952380952,3,0.000604,1.42802303263
1308.0,0.333333333333,3,0.000665,1.00578034682
6123.0,0.666666666667,5,0.000659,1.0
1132.0,0.333333333333,4,0.00065,1.0
1961.0,0.333333333333,3,0.000624,1.81074766355
2605.0,0.428571428571,3,0.000615,1.18227848101
