weight,density,degree,runtime,stretch
6497.0,0.14,6,0.02,1.61801242236
5202.0,0.146666666667,8,0.02,1.72727272727
3624.0,0.133333333333,6,0.02,1.375
6893.0,0.133333333333,7,0.01,2.32710280374
9002.0,0.153333333333,7,0.01,1.73476702509
5120.0,0.123333333333,5,0.0,1.83185840708
5906.0,0.136666666667,6,0.02,2.34347826087
9443.0,0.163333333333,6,0.00999999999999,1.88996763754
6095.0,0.143333333333,7,0.01,1.86473429952
3681.0,0.126666666667,7,0.02,1.24548736462
