weight,density,degree,runtime,stretch
6077.0,0.47619047619,3,0.002,1.62608695652
1037.0,0.333333333333,4,0.001684,1.04918032787
2171.0,0.380952380952,3,0.001056,1.0
850.0,0.285714285714,2,0.001021,1.0
3646.0,0.47619047619,3,0.001573,1.25691699605
1782.0,0.333333333333,3,0.001008,1.0
6151.0,0.52380952381,4,0.001638,1.25446428571
2351.0,0.333333333333,3,0.001811,1.91408934708
2416.0,0.380952380952,4,0.002317,1.0
3480.0,0.380952380952,3,0.001044,1.44176136364
