weight,density,degree,runtime,stretch
2143.0,0.380952380952,3,0.001004,1.0
1644.0,0.333333333333,2,0.00108,1.47094188377
2143.0,0.380952380952,3,0.000807,1.0
2143.0,0.380952380952,3,0.001084,1.0
2143.0,0.380952380952,3,0.000839,1.0
2143.0,0.380952380952,3,0.0008,1.0
2143.0,0.380952380952,3,0.000825,1.0
2143.0,0.380952380952,3,0.000849000000001,1.0
2143.0,0.380952380952,3,0.000725,1.0
2143.0,0.380952380952,3,0.000883999999999,1.0
