weight,density,degree,runtime,stretch
1399.0,0.333333333333,3,0.000702,1.68380062305
1809.0,0.333333333333,3,0.000665,1.41707920792
1029.0,0.333333333333,3,0.000694000000001,1.2652733119
2236.0,0.4,3,0.000793999999999,2.20206489676
2547.0,0.466666666667,3,0.000737000000001,1.0
1847.0,0.4,4,0.000724,2.2905027933
520.0,0.333333333333,2,0.000750999999999,1.0
2215.0,0.466666666667,4,0.000818000000001,1.0
2721.0,0.4,3,0.000689999999999,2.30828220859
1995.0,0.533333333333,3,0.00075,1.0
