weight,density,degree,runtime,stretch
1837.0,0.5,3,0.000293,1.0
1585.0,0.5,2,0.000365,1.0
1128.0,0.5,3,0.00035,1.45996275605
1516.0,0.5,2,0.000329,1.0
1205.0,0.5,3,0.000277,1.0
881.0,0.5,3,0.0003,1.0
1792.0,0.5,2,0.000326,1.0
2348.0,0.5,2,0.000659,1.0
2122.0,0.666666666667,2,0.000369,1.0
1917.0,0.666666666667,3,0.000311,1.0
