weight,density,degree,runtime,stretch
2098.0,0.466666666667,5,0.000611,1.0
1753.0,0.4,4,0.000562,2.12463768116
2098.0,0.466666666667,5,0.000518,1.0
2098.0,0.466666666667,5,0.000545,1.0
2098.0,0.466666666667,5,0.000587,1.0
1757.0,0.4,5,0.000619,1.00879765396
1757.0,0.4,5,0.000553,1.00879765396
2098.0,0.466666666667,5,0.000564,1.0
1635.0,0.4,5,0.000763,1.3282937365
2098.0,0.466666666667,5,0.00054,1.0
