weight,density,degree,runtime,stretch
3186.0,0.136666666667,8,0.003637,2.35789473684
2950.0,0.133333333333,7,0.003713,1.93181818182
3887.0,0.15,8,0.004099,2.11475409836
3438.0,0.146666666667,6,0.00388,2.096
3412.0,0.143333333333,8,0.003811,2.17213114754
3429.0,0.14,8,0.004053,2.34513274336
3184.0,0.143333333333,7,0.003886,1.93181818182
3736.0,0.146666666667,8,0.004369,2.38053097345
3077.0,0.136666666667,8,0.003511,2.35789473684
3209.0,0.136666666667,6,0.004115,1.5724137931
