weight,density,degree,runtime,stretch
2158.0,0.0866666666667,4,0.02,1.66451612903
3916.0,0.113333333333,7,0.04,2.27692307692
6454.0,0.143333333333,6,0.06,2.83673469388
3166.0,0.113333333333,5,0.05,2.5
6151.0,0.133333333333,6,0.05,2.35882352941
4190.0,0.126666666667,7,0.02,1.63157894737
4224.0,0.11,5,0.03,2.35869565217
11771.0,0.156666666667,7,0.06,2.51750972763
5369.0,0.143333333333,7,0.05,1.70391061453
4893.0,0.126666666667,8,0.05,3.02580645161
