weight,density,degree,runtime,stretch
4414.0,0.13,6,0.01,1.87577639752
3908.0,0.13,6,0.02,1.33191489362
4805.0,0.136666666667,7,0.01,1.28693181818
3589.0,0.126666666667,6,0.02,1.43693693694
7970.0,0.166666666667,8,0.01,1.37848605578
5667.0,0.16,7,0.01,1.67741935484
8680.0,0.176666666667,6,0.0,1.51470588235
4476.0,0.133333333333,5,0.01,1.84868421053
6651.0,0.156666666667,6,0.02,1.34090909091
4999.0,0.14,6,0.02,1.30508474576
