weight,density,degree,runtime,stretch
1535.0,0.5,3,0.000435,1.0
2930.0,0.6,3,0.000437,1.46389891697
940.0,0.5,3,0.000486,1.0
3789.0,0.7,4,0.000625,1.0
2553.0,0.6,4,0.000506,1.03921568627
1305.0,0.5,3,0.000443000000001,1.0
1089.0,0.5,4,0.000578,1.0
1566.0,0.5,3,0.000456,1.35883905013
1126.0,0.5,3,0.000429,1.03877005348
3668.0,0.7,4,0.000669,1.0
