weight,density,degree,runtime,stretch
3798.0,0.428571428571,4,0.000631,1.0
3557.0,0.380952380952,4,0.001311,1.0
1474.0,0.333333333333,3,0.000652,1.51860465116
4268.0,0.333333333333,4,0.000618,1.0
1678.0,0.333333333333,5,0.001657,1.25441696113
4686.0,0.428571428571,4,0.000931,1.67
1684.0,0.333333333333,4,0.000674,1.0
2594.0,0.333333333333,3,0.001403,1.32699619772
1765.0,0.333333333333,3,0.000658,1.0
1599.0,0.333333333333,4,0.000741,1.0
