weight,density,degree,runtime,stretch
952.0,0.285714285714,3,0.002177,1.0
7536.0,0.619047619048,5,0.002045,1.57602339181
1601.0,0.333333333333,4,0.00133,1.56484149856
1099.0,0.333333333333,3,0.001004,1.0
4684.0,0.52380952381,4,0.001128,1.0
2096.0,0.333333333333,5,0.000963,1.66894977169
6484.0,0.571428571429,5,0.000984999999998,1.81462585034
2583.0,0.333333333333,5,0.000999,1.3253493014
1096.0,0.333333333333,4,0.000956,1.0
1492.0,0.333333333333,3,0.000962999999999,1.7528604119
