weight,density,degree,runtime,stretch
3223.0,0.466666666667,3,0.000814999999999,1.11203319502
1750.0,0.4,3,0.000995,1.0
1480.0,0.333333333333,4,0.000928999999999,1.19593908629
2854.0,0.4,3,0.000813999999998,1.0
2960.0,0.4,3,0.000827000000001,1.0
2430.0,0.466666666667,3,0.000776999999999,1.0
4244.0,0.533333333333,4,0.000933,1.72154115587
3790.0,0.533333333333,4,0.000876000000002,1.0
1830.0,0.4,4,0.000808000000003,1.92487046632
535.0,0.333333333333,3,0.000914000000002,1.0
