weight,density,degree,runtime,stretch
2513.0,0.357142857143,3,0.001203,2.97894736842
2857.0,0.357142857143,4,0.002137,1.78518518519
1391.0,0.285714285714,5,0.001138,1.02040816327
2869.0,0.321428571429,5,0.000994,1.45658263305
953.0,0.285714285714,4,0.00165,1.0
2323.0,0.321428571429,3,0.00127,1.156
651.0,0.25,3,0.001018,1.03125
1106.0,0.25,5,0.001261,1.53197674419
1600.0,0.357142857143,3,0.001083,1.0
1478.0,0.285714285714,3,0.001137,1.49094567404
