weight,density,degree,runtime,stretch
656.0,0.25,5,0.001215,1.46613545817
1097.0,0.321428571429,3,0.001296,2.0078125
5765.0,0.464285714286,6,0.00122,2.10395010395
1291.0,0.321428571429,4,0.001352,1.0
2057.0,0.285714285714,3,0.001179,2.42366412214
968.0,0.285714285714,3,0.002082,1.48442906574
1145.0,0.285714285714,4,0.001215,2.47717842324
1587.0,0.285714285714,3,0.001195,1.77142857143
1192.0,0.285714285714,4,0.001462,1.69886363636
589.0,0.285714285714,3,0.002832,1.21942446043
