weight,density,degree,runtime,stretch
1265.0,0.4,3,0.000603,1.0
1265.0,0.4,3,0.001312,1.0
1265.0,0.4,3,0.000731,1.0
1265.0,0.4,3,0.000597,1.0
1265.0,0.4,3,0.000638,1.0
1265.0,0.4,3,0.000778,1.0
1265.0,0.4,3,0.001002,1.0
1265.0,0.4,3,0.000678,1.0
1265.0,0.4,3,0.000743,1.0
1265.0,0.4,3,0.000641,1.0
