weight,density,degree,runtime,stretch
6957.0,0.428571428571,5,0.000902999999999,1.8640776699
1347.0,0.25,3,0.000873,1.47368421053
2203.0,0.285714285714,4,0.000959,1.24739884393
4702.0,0.357142857143,5,0.000895,1.0
2152.0,0.285714285714,3,0.000960000000001,1.85518590998
5232.0,0.392857142857,5,0.000964000000002,1.0
1276.0,0.25,2,0.000903000000001,1.9873015873
4798.0,0.357142857143,4,0.000935999999999,1.54081632653
2692.0,0.285714285714,4,0.001604,1.0
1630.0,0.25,3,0.001102,1.51716738197
