weight,density,degree,runtime,stretch
3697.0,0.136666666667,6,0.007017,1.3275862069
4679.0,0.16,6,0.008998,1.82584269663
3605.0,0.133333333333,6,0.009293,1.4501607717
5413.0,0.156666666667,6,0.008374,2.14285714286
6141.0,0.176666666667,7,0.007928,1.8164556962
6483.0,0.176666666667,7,0.009342,1.47580645161
4494.0,0.15,6,0.00769,1.33734939759
2690.0,0.12,5,0.006906,1.89130434783
4493.0,0.156666666667,7,0.007069,1.54651162791
3433.0,0.14,6,0.009843,1.55905511811
