weight,density,degree,runtime,stretch
1783.0,0.277777777778,4,0.001401,2.1107266436
3067.0,0.333333333333,4,0.001515,1.81983805668
3358.0,0.305555555556,4,0.001337,1.5069637883
2414.0,0.305555555556,3,0.002798,1.69672131148
2468.0,0.333333333333,4,0.002084,1.0
4244.0,0.333333333333,4,0.001234,1.89296636086
656.0,0.222222222222,3,0.001358,1.68195718654
1459.0,0.25,5,0.002848,2.37102473498
4626.0,0.361111111111,6,0.001781,1.0
1282.0,0.25,4,0.0014,1.69498069498
