weight,density,degree,runtime,stretch
2537.0,0.533333333333,3,0.000532,1.0
1907.0,0.466666666667,3,0.000586,1.01746031746
2143.0,0.466666666667,3,0.000517,1.01776649746
2143.0,0.466666666667,3,0.000473,1.01776649746
1907.0,0.466666666667,3,0.000508,1.01746031746
1364.0,0.4,3,0.000463,1.50276243094
1513.0,0.4,3,0.000412,1.01776649746
2537.0,0.533333333333,3,0.0007,1.0
970.0,0.333333333333,3,0.000466,1.50276243094
2537.0,0.533333333333,3,0.000453,1.0
