weight,density,degree,runtime,stretch
773.0,0.5,3,0.000900999999999,1.0
787.0,0.666666666667,3,0.000610999999999,1.0
593.0,0.5,2,0.000603000000002,1.0
320.0,0.5,2,0.000713999999999,1.0
516.0,0.5,2,0.001419,1.0
2059.0,0.666666666667,3,0.000917999999999,1.0
2279.0,0.666666666667,3,0.000550999999998,1.42200725514
1772.0,0.666666666667,2,0.000923,1.0
708.0,0.5,2,0.000609999999998,1.0
3603.0,0.833333333333,3,0.000658000000001,1.0
