weight,density,degree,runtime,stretch
3363.0,0.4,3,0.000762,1.0
2869.0,0.4,4,0.000457,1.0
2181.0,0.4,3,0.000871,1.0
3709.0,0.4,3,0.000462,1.21584984359
3290.0,0.4,4,0.000951,1.0
2930.0,0.4,4,0.000938,1.0
1572.0,0.4,3,0.000792,1.0
1290.0,0.333333333333,3,0.00194,1.0
5500.0,0.6,4,0.000827,1.0
1708.0,0.466666666667,3,0.001189,1.0
