weight,density,degree,runtime,stretch
3686.0,0.153333333333,7,0.004249,1.84615384615
2556.0,0.126666666667,6,0.004179,2.77966101695
2606.0,0.133333333333,6,0.004502,1.8036809816
2285.0,0.12,5,0.004368,2.9358974359
2702.0,0.133333333333,5,0.004441,1.8036809816
3103.0,0.14,6,0.004859,2.25609756098
2438.0,0.123333333333,6,0.004094,2.74390243902
2189.0,0.12,6,0.003791,2.7619047619
2783.0,0.136666666667,6,0.004164,1.64880952381
2658.0,0.133333333333,6,0.004627,1.87313432836
