weight,density,degree,runtime,stretch
1075.0,0.4,4,0.000944,1.0
1280.0,0.4,3,0.001187,1.08043875686
1511.0,0.466666666667,4,0.001223,1.08242950108
1988.0,0.533333333333,4,0.000952000000002,1.0
1170.0,0.4,3,0.001009,1.38235294118
1529.0,0.466666666667,3,0.000935999999999,1.0
776.0,0.333333333333,3,0.000928000000002,1.44186046512
1995.0,0.533333333333,4,0.001087,1.0
2899.0,0.533333333333,3,0.001324,1.43545878694
1835.0,0.533333333333,4,0.000876999999999,1.0
