weight,density,degree,runtime,stretch
4406.0,0.123333333333,8,0.05,1.45
8272.0,0.156666666667,6,0.03,2.31838565022
4020.0,0.12,6,0.03,1.99227799228
2565.0,0.103333333333,6,0.06,2.825
2054.0,0.1,5,0.03,2.1049382716
2121.0,0.106666666667,6,0.05,2.31578947368
3997.0,0.14,7,0.03,1.88356164384
3532.0,0.113333333333,6,0.05,2.58333333333
3267.0,0.13,7,0.05,2.18604651163
3119.0,0.0933333333333,8,0.05,2.25423728814
