weight,density,degree,runtime,stretch
1738.0,0.357142857143,3,0.002757,1.0
1266.0,0.321428571429,3,0.003043,1.06991525424
1520.0,0.321428571429,3,0.004125,1.17889908257
1738.0,0.357142857143,3,0.001544,1.0
1048.0,0.285714285714,3,0.001356,1.17889908257
704.0,0.25,3,0.002311,1.22674418605
1738.0,0.357142857143,3,0.003078,1.0
1738.0,0.357142857143,3,0.002331,1.0
1266.0,0.321428571429,3,0.001652,1.06991525424
1738.0,0.357142857143,3,0.001784,1.0
