weight,density,degree,runtime,stretch
2372.0,0.136666666667,6,0.010391,1.14563106796
3377.0,0.143333333333,6,0.008414,1.25352112676
5385.0,0.16,7,0.00849,1.38150289017
3944.0,0.16,7,0.008923,1.0
2954.0,0.14,6,0.008942,1.11111111111
3785.0,0.143333333333,6,0.007808,1.48633879781
2543.0,0.156666666667,6,0.014677,1.0
4367.0,0.146666666667,6,0.007938,2.01041666667
2158.0,0.116666666667,6,0.008755,1.59574468085
4148.0,0.153333333333,6,0.008225,1.82236842105
