weight,density,degree,runtime,stretch
4390.0,0.136666666667,6,0.003388,1.92523364486
5113.0,0.146666666667,7,0.003553,1.32850241546
4961.0,0.143333333333,7,0.00331,1.32850241546
5012.0,0.143333333333,6,0.003504,1.89252336449
5494.0,0.15,7,0.003764,1.92523364486
4664.0,0.14,6,0.003442,1.92523364486
3477.0,0.12,6,0.002906,1.92537313433
5744.0,0.156666666667,8,0.003432,1.25914634146
5384.0,0.15,7,0.003535,1.38378378378
5981.0,0.156666666667,7,0.00346,1.88888888889
