weight,density,degree,runtime,stretch
4567.0,0.388888888889,5,0.00118,1.13165266106
4425.0,0.388888888889,5,0.001206,1.0
1933.0,0.305555555556,4,0.001206,1.316
1934.0,0.277777777778,4,0.001193,1.0
2810.0,0.333333333333,3,0.001253,2.55778894472
1778.0,0.333333333333,4,0.001413,1.0
1393.0,0.277777777778,3,0.002192,1.63605442177
2145.0,0.305555555556,4,0.001315,1.40211640212
3326.0,0.333333333333,4,0.001043,2.01960784314
1072.0,0.277777777778,4,0.001096,1.10055865922
