weight,density,degree,runtime,stretch
3701.0,0.0677551020408,7,0.16,2.21568627451
4050.0,0.0677551020408,7,0.16,4.15384615385
4665.0,0.0751020408163,8,0.2,2.37209302326
3519.0,0.0661224489796,6,0.16,2.4406779661
6840.0,0.0873469387755,9,0.2,1.83582089552
2808.0,0.0661224489796,7,0.2,2.53703703704
3886.0,0.0677551020408,7,0.21,2.31818181818
4190.0,0.0702040816327,6,0.21,2.23076923077
4428.0,0.0677551020408,7,0.17,2.86842105263
2649.0,0.0604081632653,8,0.16,2.21276595745
