weight,density,degree,runtime,stretch
5870.0,0.123333333333,6,0.003917,2.46153846154
6058.0,0.13,7,0.004417,1.98240469208
8408.0,0.156666666667,7,0.004361,1.49404761905
7274.0,0.143333333333,7,0.00447100000001,2.91162790698
5475.0,0.123333333333,7,0.004108,3.24782608696
5499.0,0.123333333333,7,0.003946,2.4175257732
6047.0,0.13,7,0.003918,1.85714285714
6321.0,0.13,8,0.004053,2.72903225806
4798.0,0.116666666667,7,0.004053,2.72903225806
5971.0,0.13,7,0.00384099999999,2.46153846154
