weight,density,degree,runtime,stretch
2735.0,0.533333333333,4,0.000556,1.0
2610.0,0.466666666667,3,0.000439,1.0
2034.0,0.466666666667,3,0.000925,1.0
1120.0,0.4,4,0.000926,1.0
2044.0,0.533333333333,4,0.000511,1.0
1228.0,0.4,3,0.001648,1.0
2143.0,0.466666666667,4,0.000453,1.0
2179.0,0.466666666667,3,0.000927,1.0
3813.0,0.533333333333,4,0.000961,1.0
1735.0,0.466666666667,4,0.001069,1.0
