weight,density,degree,runtime,stretch
1938.0,0.357142857143,4,0.001523,1.02666666667
1395.0,0.321428571429,4,0.001655,1.0773480663
2463.0,0.392857142857,4,0.001804,1.0
2463.0,0.392857142857,4,0.002457,1.0
2463.0,0.392857142857,4,0.002658,1.0
1938.0,0.357142857143,4,0.001443,1.02666666667
1920.0,0.357142857143,4,0.000807,1.05156537753
1312.0,0.285714285714,4,0.00079,1.3734939759
2463.0,0.392857142857,4,0.000942,1.0
1920.0,0.357142857143,4,0.000805,1.05156537753
