weight,density,degree,runtime,stretch
2440.0,0.4,3,0.001354,1.26255707763
2440.0,0.4,3,0.001974,1.26255707763
4243.0,0.533333333333,3,0.000959,1.0
3316.0,0.466666666667,3,0.001169,1.12837108954
3367.0,0.466666666667,3,0.00115,1.26255707763
3367.0,0.466666666667,3,0.001091,1.26255707763
4243.0,0.533333333333,3,0.001043,1.0
3367.0,0.466666666667,3,0.000944,1.26255707763
2622.0,0.4,3,0.000981,2.00864553314
3549.0,0.466666666667,3,0.001062,1.84293948127
