weight,density,degree,runtime,stretch
3416.0,0.428571428571,4,0.001096,1.02232854864
831.0,0.285714285714,4,0.000979000000001,1.0
3658.0,0.47619047619,4,0.001097,1.0
1870.0,0.333333333333,3,0.001004,1.3438077634
2560.0,0.380952380952,4,0.001232,1.13184079602
1694.0,0.333333333333,3,0.001076,2.34482758621
2927.0,0.52380952381,4,0.0016,1.0
1974.0,0.380952380952,4,0.00112,1.82065217391
2449.0,0.47619047619,5,0.00427,1.0
975.0,0.285714285714,4,0.001481,1.0
