weight,density,degree,runtime,stretch
1564.0,0.25,3,0.001331,1.64058679707
1973.0,0.285714285714,4,0.001796,1.19841269841
1973.0,0.285714285714,4,0.001208,1.19841269841
1973.0,0.285714285714,4,0.001524,1.19841269841
3884.0,0.392857142857,4,0.00227,1.0
2068.0,0.285714285714,3,0.002644,1.64058679707
3884.0,0.392857142857,4,0.002942,1.0
1973.0,0.285714285714,4,0.002303,1.19841269841
2752.0,0.321428571429,4,0.002238,1.19841269841
1973.0,0.285714285714,4,0.001559,1.19841269841
