weight,density,degree,runtime,stretch
2363.0,0.5,3,0.000762999999999,1.0
1734.0,0.4,3,0.000711000000001,1.0
1883.0,0.6,3,0.001142,1.0
3807.0,0.7,4,0.000713000000001,2.09911894273
3892.0,0.5,3,0.000745999999999,1.0
1177.0,0.5,3,0.000677,1.0
1510.0,0.5,3,0.000679999999999,1.05242966752
2383.0,0.5,4,0.001294,1.48684210526
1463.0,0.4,3,0.000680999999998,1.0
2351.0,0.5,3,0.000746999999999,1.0
