weight,density,degree,runtime,stretch
3938.0,0.533333333333,4,0.001175,2.11406844106
4483.0,0.6,4,0.000971,1.85854616896
5172.0,0.666666666667,5,0.00093,1.90048939641
5054.0,0.666666666667,5,0.002102,1.29376257545
4526.0,0.6,5,0.001044,1.49755301794
5057.0,0.666666666667,5,0.001053,1.85854616896
3938.0,0.533333333333,4,0.00103,2.11406844106
5276.0,0.666666666667,5,0.00107,2.23379174853
3426.0,0.466666666667,4,0.000951,2.45817490494
2949.0,0.466666666667,4,0.000952,1.49755301794
