weight,density,degree,runtime,stretch
7018.0,0.146666666667,7,0.005852,1.97993311037
10810.0,0.176666666667,7,0.006445,2.53293413174
3330.0,0.126666666667,7,0.00594899999999,2.19166666667
5640.0,0.133333333333,8,0.006948,2.05303030303
6818.0,0.136666666667,6,0.004799,2.8085106383
7729.0,0.14,8,0.005695,2.30888030888
6428.0,0.133333333333,6,0.005244,2.09090909091
5488.0,0.14,6,0.006691,1.73684210526
6317.0,0.16,7,0.007101,1.25092250923
3597.0,0.113333333333,4,0.005455,1.59748427673
