weight,density,degree,runtime,stretch
2416.0,0.6,4,0.000634,1.0
2416.0,0.6,4,0.000632,1.0
2416.0,0.6,4,0.000563,1.0
2416.0,0.6,4,0.000545,1.0
2416.0,0.6,4,0.000642,1.0
2416.0,0.6,4,0.000628,1.0
1867.0,0.5,4,0.000582,2.10200364299
1262.0,0.4,2,0.00054,1.49090909091
2416.0,0.6,4,0.000689,1.0
2416.0,0.6,4,0.00063,1.0
