weight,density,degree,runtime,stretch
1224.0,0.4,2,0.000463,1.0
1224.0,0.4,2,0.001007,1.0
1224.0,0.4,2,0.000982,1.0
1224.0,0.4,2,0.001026,1.0
1224.0,0.4,2,0.001567,1.0
1224.0,0.4,2,0.00117,1.0
1224.0,0.4,2,0.000933,1.0
1224.0,0.4,2,0.0009,1.0
1224.0,0.4,2,0.000972,1.0
1224.0,0.4,2,0.001002,1.0
