weight,density,degree,runtime,stretch
7405.0,0.0434343434343,8,0.9,2.2
8649.0,0.0468686868687,10,0.950000000001,1.98113207547
8231.0,0.0444444444444,9,1.06,1.61538461538
5686.0,0.040202020202,8,1.34,1.62222222222
13359.0,0.0541414141414,11,1.14,1.81428571429
7586.0,0.0440404040404,11,0.889999999999,2.08620689655
8534.0,0.0468686868687,10,0.849999999999,2.09090909091
10197.0,0.0474747474747,12,1.18,1.9125
10194.0,0.0460606060606,11,1.14,2.05263157895
8342.0,0.0448484848485,10,1.19,1.92105263158
