weight,density,degree,runtime,stretch
1899.0,0.321428571429,4,0.001416,1.99214659686
2900.0,0.392857142857,4,0.001173,1.49471458774
1805.0,0.285714285714,3,0.001144,1.30945558739
1308.0,0.428571428571,4,0.001453,1.0
2748.0,0.357142857143,3,0.003833,1.53043478261
1961.0,0.285714285714,3,0.001256,1.02923976608
1218.0,0.285714285714,3,0.001267,1.3325415677
1024.0,0.321428571429,4,0.00129,1.10169491525
3121.0,0.357142857143,4,0.001236,1.61538461538
3613.0,0.392857142857,4,0.001298,1.34064327485
