weight,density,degree,runtime,stretch
756.0,0.5,3,0.000639,1.0
756.0,0.5,3,0.000731,1.0
756.0,0.5,3,0.000599,1.0
756.0,0.5,3,0.000573,1.0
534.0,0.4,3,0.000936,2.0
756.0,0.5,3,0.001124,1.0
444.0,0.4,2,0.000584,1.13461538462
756.0,0.5,3,0.000637,1.0
534.0,0.4,3,0.000539,2.0
756.0,0.5,3,0.000742,1.0
