weight,density,degree,runtime,stretch
4767.0,0.153333333333,6,0.008109,1.58974358974
3911.0,0.143333333333,7,0.00681900000001,1.41538461538
4006.0,0.14,5,0.00722400000001,1.52127659574
6508.0,0.166666666667,8,0.007605,1.90598290598
4035.0,0.163333333333,7,0.00713599999999,2.27884615385
6849.0,0.173333333333,7,0.007374,2.53571428571
3245.0,0.136666666667,7,0.00670100000001,1.91975308642
4479.0,0.143333333333,6,0.008656,1.91358024691
2511.0,0.116666666667,6,0.005368,1.67375886525
4985.0,0.143333333333,7,0.007456,1.72151898734
