weight,density,degree,runtime,stretch
1165.0,0.333333333333,3,0.000747,1.32029795158
4845.0,0.533333333333,4,0.000759,1.24917672887
1811.0,0.466666666667,3,0.000912,1.0
2081.0,0.333333333333,5,0.000821999999999,1.72298624754
1782.0,0.333333333333,2,0.000772999999999,1.72210065646
2335.0,0.333333333333,4,0.000656000000001,1.0
1963.0,0.333333333333,3,0.000734000000001,2.625
1787.0,0.4,3,0.000819999999999,1.0
1091.0,0.333333333333,2,0.000836,1.0
2001.0,0.4,3,0.000722,1.0
