weight,density,degree,runtime,stretch
4792.0,0.163333333333,6,0.009523,1.0
4792.0,0.163333333333,6,0.009546,1.0
4792.0,0.163333333333,6,0.009525,1.0
4792.0,0.163333333333,6,0.009595,1.0
4792.0,0.163333333333,6,0.009511,1.0
4792.0,0.163333333333,6,0.009645,1.0
4792.0,0.163333333333,6,0.009507,1.0
4792.0,0.163333333333,6,0.009833,1.0
4792.0,0.163333333333,6,0.009895,1.0
4792.0,0.163333333333,6,0.009947,1.0
4792.0,0.163333333333,6,0.010304,1.0
