weight,density,degree,runtime,stretch
2413.0,0.357142857143,4,0.000824,1.0
516.0,0.25,3,0.001603,1.09243697479
2207.0,0.285714285714,3,0.000806,1.02272727273
4305.0,0.428571428571,5,0.000872,1.73795180723
881.0,0.285714285714,3,0.000835,1.0
1204.0,0.321428571429,4,0.000794,1.07282415631
1519.0,0.321428571429,4,0.000821,2.15942028986
4053.0,0.464285714286,5,0.000876,1.0
3338.0,0.428571428571,5,0.000832,1.236
4415.0,0.428571428571,4,0.000832,1.73192239859
