weight,density,degree,runtime,stretch
3216.0,0.6,3,0.000577,1.31295336788
3216.0,0.6,3,0.000549,1.31295336788
3216.0,0.6,3,0.000533,1.31295336788
3553.0,0.6,3,0.000748,1.30984455959
2333.0,0.5,3,0.000542,1.8731596829
4766.0,0.7,4,0.000861,2.44591029024
4518.0,0.7,4,0.000472,1.08293460925
2333.0,0.5,3,0.000518,1.8731596829
4518.0,0.7,4,0.000479,1.08293460925
3541.0,0.6,4,0.000487,2.4875
