weight,density,degree,runtime,stretch
1290.0,0.380952380952,3,0.000926,1.0
2487.0,0.428571428571,5,0.001509,1.22517321016
2876.0,0.428571428571,4,0.001041,1.23803191489
1783.0,0.380952380952,4,0.001274,1.0
1290.0,0.428571428571,4,0.00108,1.0
1128.0,0.285714285714,4,0.001286,1.30862068966
2767.0,0.428571428571,4,0.000925000000001,1.22327790974
1440.0,0.380952380952,5,0.001001,2.04888888889
2618.0,0.428571428571,4,0.000987,1.0
2499.0,0.428571428571,5,0.000893999999999,1.26373626374
