weight,density,degree,runtime,stretch
1395.0,0.25,4,0.00102,2.68333333333
1905.0,0.277777777778,4,0.001017,1.51891891892
2373.0,0.333333333333,4,0.001237,2.28488372093
3043.0,0.388888888889,5,0.001595,1.32282003711
1758.0,0.361111111111,4,0.002113,1.0
1545.0,0.25,4,0.000996,1.77325581395
946.0,0.25,4,0.000969,1.34931506849
2451.0,0.333333333333,4,0.001287,1.60659340659
4163.0,0.416666666667,6,0.001026,1.22519083969
4362.0,0.472222222222,5,0.001196,1.0
