weight,density,degree,runtime,stretch
1535.0,0.333333333333,3,0.0011,1.21485943775
2531.0,0.4,3,0.001057,1.0
2531.0,0.4,3,0.00094,1.0
1535.0,0.333333333333,3,0.000926,1.21485943775
2531.0,0.4,3,0.001034,1.0
2531.0,0.4,3,0.001242,1.0
2531.0,0.4,3,0.00103,1.0
2531.0,0.4,3,0.001194,1.0
2531.0,0.4,3,0.000936,1.0
2531.0,0.4,3,0.000908,1.0
