weight,density,degree,runtime,stretch
3508.0,0.416666666667,4,0.001546,1.0
7938.0,0.444444444444,5,0.001592,1.27436823105
6532.0,0.361111111111,5,0.001574,1.26865671642
3984.0,0.333333333333,4,0.002028,1.41111111111
1652.0,0.277777777778,3,0.001612,1.64190981432
4491.0,0.305555555556,4,0.002321,1.88786482335
5080.0,0.333333333333,4,0.001368,1.21052631579
7628.0,0.361111111111,5,0.001225,1.53760445682
1440.0,0.25,4,0.001301,1.62150537634
3525.0,0.277777777778,5,0.001391,2.34195402299
