weight,density,degree,runtime,stretch
908.0,0.5,2,0.000472,1.0
2267.0,0.833333333333,3,0.000506,1.21153846154
1590.0,0.5,3,0.000502000000001,1.0
1163.0,0.5,3,0.000473,1.0483490566
1973.0,0.5,2,0.000503,1.0
2233.0,0.666666666667,3,0.000461999999999,1.0
312.0,0.5,2,0.000515999999999,1.0
1045.0,0.5,2,0.000489999999999,1.0
1459.0,0.5,2,0.000496,1.743130227
367.0,0.5,2,0.000456,1.04261363636
