weight,density,degree,runtime,stretch
1805.0,0.5,3,0.000676000000002,1.0
2507.0,0.6,3,0.000731000000002,1.02234636872
3030.0,0.6,4,0.000767,1.06464924347
1228.0,0.6,3,0.000744000000001,1.0
778.0,0.4,3,0.000727000000001,1.0
991.0,0.4,3,0.000792000000001,2.43167701863
2533.0,0.5,3,0.000667,1.72151898734
3289.0,0.6,3,0.000753,1.41315789474
2192.0,0.4,3,0.000737000000001,1.79017857143
2991.0,0.6,3,0.000912,1.38301282051
