weight,density,degree,runtime,stretch
7339.0,0.163333333333,7,0.00386,1.05982905983
6436.0,0.153333333333,6,0.003033,1.31967213115
6728.0,0.156666666667,6,0.003814,1.31967213115
6658.0,0.156666666667,6,0.003264,1.05982905983
7220.0,0.16,6,0.003599,1.31967213115
6757.0,0.156666666667,7,0.003019,1.31967213115
5511.0,0.14,5,0.003253,2.10687022901
5557.0,0.14,6,0.00307,1.5243902439
7007.0,0.156666666667,6,0.00371,1.33152173913
7486.0,0.163333333333,6,0.003892,1.28971962617
