weight,density,degree,runtime,stretch
3208.0,0.153333333333,7,0.004587,1.38129496403
3534.0,0.153333333333,6,0.00538,2.08450704225
2733.0,0.136666666667,7,0.003907,2.2972972973
3015.0,0.143333333333,6,0.004555,1.53488372093
3329.0,0.156666666667,7,0.00479300000001,1.52413793103
3248.0,0.153333333333,7,0.005063,1.69784172662
3042.0,0.146666666667,7,0.004238,2.70161290323
3355.0,0.153333333333,7,0.004959,1.53488372093
weight,density,degree,runtime,stretch
4009.0,0.143333333333,6,0.004833,1.11450381679
2921.0,0.123333333333,6,0.004392,2.1186440678
3781.0,0.14,6,0.005091,1.11450381679
3407.0,0.13,6,0.00462,1.78703703704
3442.0,0.133333333333,6,0.00497,1.74782608696
3076.0,0.13,5,0.004203,1.76851851852
3331.0,0.126666666667,6,0.004087,1.78703703704
2837.0,0.126666666667,5,0.003995,1.88185654008
3221.0,0.13,6,0.00390899999999,1.76851851852
3905.0,0.136666666667,6,0.004455,1.70642201835
3046.0,0.13,5,0.003815,2.22807017544
