weight,density,degree,runtime,stretch
2394.0,0.666666666667,4,0.000821,1.0
2155.0,0.466666666667,4,0.000756000000001,1.46996996997
2174.0,0.466666666667,3,0.001162,1.16488730724
2310.0,0.466666666667,4,0.001443,2.47411444142
3012.0,0.533333333333,4,0.001604,1.0
1002.0,0.333333333333,4,0.001389,1.11627906977
3849.0,0.6,4,0.000945999999999,1.0
780.0,0.333333333333,2,0.001327,1.51358695652
2495.0,0.466666666667,4,0.00138,1.32710280374
2736.0,0.533333333333,4,0.001247,1.86070686071
