weight,density,degree,runtime,stretch
2233.0,0.357142857143,3,0.001242,1.0
2233.0,0.357142857143,3,0.001569,1.0
2233.0,0.357142857143,3,0.001814,1.0
2233.0,0.357142857143,3,0.004944,1.0
2233.0,0.357142857143,3,0.002846,1.0
2233.0,0.357142857143,3,0.001094,1.0
2233.0,0.357142857143,3,0.001916,1.0
2233.0,0.357142857143,3,0.001458,1.0
2233.0,0.357142857143,3,0.001373,1.0
2233.0,0.357142857143,3,0.001212,1.0
