weight,density,degree,runtime,stretch
6253.0,0.333333333333,5,0.001385,2.62553191489
1460.0,0.25,6,0.001332,1.70434782609
1766.0,0.305555555556,3,0.001294,1.0056980057
2524.0,0.305555555556,4,0.0014,1.86923076923
3916.0,0.333333333333,4,0.001341,1.57487922705
2211.0,0.25,3,0.001294,2.22684310019
2182.0,0.25,5,0.001301,1.0
3119.0,0.333333333333,5,0.001379,1.32188841202
2756.0,0.305555555556,4,0.001293,1.0
2528.0,0.333333333333,4,0.001305,1.59821428571
