weight,density,degree,runtime,stretch
3203.0,0.392857142857,5,0.000682,1.04630788486
1734.0,0.285714285714,3,0.000501,1.70125786164
2107.0,0.285714285714,4,0.000716,1.0320855615
2456.0,0.285714285714,4,0.000668,1.0
4127.0,0.392857142857,5,0.000644,1.0
6858.0,0.428571428571,4,0.000575,1.0
2075.0,0.321428571429,4,0.000627,1.07594936709
2942.0,0.321428571429,4,0.000961,1.0
3726.0,0.321428571429,4,0.000816,1.0
6463.0,0.5,5,0.000619,1.00591016548
