weight,density,degree,runtime,stretch
2124.0,0.4,2,0.000667,1.0
2162.0,0.4,4,0.00054,1.0
2440.0,0.333333333333,5,0.001282,1.0
5148.0,0.466666666667,3,0.000560999999999,1.0
1692.0,0.4,3,0.000671000000001,1.0
1361.0,0.4,3,0.000862,1.0
4247.0,0.533333333333,3,0.000690000000001,1.0
1583.0,0.4,4,0.000573,1.0
1993.0,0.4,3,0.000579,1.07411630559
1375.0,0.333333333333,3,0.000709000000001,1.0
