weight,density,degree,runtime,stretch
745.0,0.4,3,0.000439,1.0
745.0,0.4,3,0.000401,1.0
745.0,0.4,3,0.000394,1.0
745.0,0.4,3,0.000439,1.0
745.0,0.4,3,0.000467,1.0
745.0,0.4,3,0.000426,1.0
745.0,0.4,3,0.000398,1.0
745.0,0.4,3,0.000649,1.0
745.0,0.4,3,0.00085,1.0
745.0,0.4,3,0.000863,1.0
