weight,density,degree,runtime,stretch
4306.0,0.0710204081633,7,0.18,1.67647058824
3757.0,0.069387755102,8,0.16,2.06976744186
2825.0,0.0661224489796,6,0.2,2.21428571429
3177.0,0.0677551020408,7,0.16,2.5
5085.0,0.0710204081633,7,0.2,2.48717948718
5494.0,0.0783673469388,7,0.2,1.93939393939
2626.0,0.0620408163265,7,0.17,2.62162162162
4083.0,0.0734693877551,9,0.16,3.13461538462
4199.0,0.0718367346939,6,0.2,2.64285714286
5973.0,0.0848979591837,8,0.21,1.89523809524
