weight,density,degree,runtime,stretch
7931.0,0.19,9,0.006803,1.0
9491.0,0.196666666667,9,0.006811,1.0
9098.0,0.196666666667,9,0.007357,1.0
7923.0,0.19,9,0.006965,1.0
10911.0,0.22,10,0.006648,1.0
14201.0,0.226666666667,9,0.006279,1.0
7476.0,0.186666666667,10,0.006997,1.0
12098.0,0.213333333333,10,0.007044,1.0
7326.0,0.183333333333,9,0.007609,1.0
16861.0,0.25,9,0.006486,1.0
7916.0,0.186666666667,9,0.006772,1.0
