weight,density,degree,runtime,stretch
2246.0,0.5,3,0.000551,2.1399730821
2341.0,0.5,3,0.000587,1.21729957806
2924.0,0.6,3,0.000561,1.21729957806
2041.0,0.5,3,0.000538,1.46097046414
3872.0,0.7,3,0.000699,1.0
3872.0,0.7,3,0.000608,1.0
2041.0,0.5,3,0.000554,1.46097046414
2924.0,0.6,3,0.000549,1.21729957806
3872.0,0.7,3,0.00115,1.0
3872.0,0.7,3,0.000723,1.0
