weight,density,degree,runtime,stretch
4601.0,0.143333333333,6,0.02,1.52054794521
3575.0,0.133333333333,6,0.02,1.36257309942
4829.0,0.156666666667,7,0.02,1.45856353591
4138.0,0.146666666667,7,0.02,1.73873873874
1723.0,0.106666666667,6,0.01,1.76699029126
6910.0,0.183333333333,7,0.02,2.08411214953
2201.0,0.12,6,0.02,1.5
2816.0,0.14,7,0.02,2.07042253521
2288.0,0.11,7,0.0,1.01851851852
2443.0,0.13,6,0.0,2.10638297872
