weight,density,degree,runtime,stretch
777.0,0.4,3,0.001287,1.0
777.0,0.4,3,0.000729,1.0
777.0,0.4,3,0.000697,1.0
777.0,0.4,3,0.000722,1.0
777.0,0.4,3,0.001369,1.0
777.0,0.4,3,0.000746,1.0
777.0,0.4,3,0.000629,1.0
777.0,0.4,3,0.00121,1.0
777.0,0.4,3,0.000717,1.0
777.0,0.4,3,0.000859,1.0
