weight,density,degree,runtime,stretch
1286.0,0.666666666667,3,0.000315,1.0
1647.0,0.666666666667,2,0.000319,1.0
2396.0,0.666666666667,2,0.000264,1.0
2503.0,0.666666666667,3,0.000287,1.0
2336.0,0.666666666667,3,0.000271,1.0
1156.0,0.5,2,0.000276,1.0
2507.0,0.666666666667,2,0.000292,1.0
1647.0,0.5,2,0.000279,1.0
1244.0,0.666666666667,3,0.00031,1.0
3232.0,0.833333333333,3,0.000273,1.0
