weight,density,degree,runtime,stretch
3164.0,0.277777777778,4,0.001308,1.5260960334
2578.0,0.25,4,0.001503,1.72033898305
2507.0,0.277777777778,4,0.001396,1.0
3643.0,0.277777777778,4,0.001256,1.80541455161
4670.0,0.333333333333,5,0.001423,1.07740916272
4152.0,0.277777777778,5,0.001203,1.10112359551
7012.0,0.388888888889,5,0.001392,1.8623853211
5231.0,0.305555555556,4,0.001287,2.35252808989
3083.0,0.277777777778,4,0.00139,2.10012515645
2002.0,0.277777777778,5,0.002444,1.43456790123
