weight,density,degree,runtime,stretch
3170.0,0.4,3,0.000583,2.29179331307
3828.0,0.466666666667,4,0.000592,1.0
2868.0,0.4,4,0.000554,1.25625
2320.0,0.333333333333,3,0.000565,1.52291666667
2301.0,0.333333333333,4,0.000582,1.38447971781
3280.0,0.4,3,0.00061,1.46715328467
2868.0,0.4,4,0.000593,1.25625
2301.0,0.333333333333,4,0.000549,1.38447971781
3828.0,0.466666666667,4,0.000601,1.0
3261.0,0.4,4,0.000565,1.38447971781
