weight,density,degree,runtime,stretch
2142.0,0.113333333333,5,0.03,2.39393939394
1729.0,0.11,7,0.05,1.23966942149
5386.0,0.153333333333,8,0.05,1.69444444444
3836.0,0.133333333333,7,0.03,2.35526315789
6441.0,0.16,9,0.05,2.13274336283
3262.0,0.133333333333,6,0.05,2.09090909091
2539.0,0.116666666667,5,0.06,2.11875
4321.0,0.133333333333,6,0.06,2.45222929936
2913.0,0.123333333333,7,0.05,2.24675324675
3699.0,0.126666666667,5,0.05,2.22222222222
