weight,density,degree,runtime,stretch
949.0,0.5,2,0.000355,1.0
539.0,0.5,2,0.000379,1.09795918367
2620.0,0.666666666667,3,0.0004,1.0
1033.0,0.5,2,0.000344999999999,1.08705357143
1178.0,0.5,2,0.000385,1.31518987342
1648.0,0.5,2,0.000347,1.0
2352.0,0.666666666667,3,0.000378,1.0
1838.0,0.5,3,0.000392000000001,2.00462962963
1173.0,0.5,2,0.000359,1.0
339.0,0.5,2,0.000387,1.0
