weight,density,degree,runtime,stretch
3943.0,0.126666666667,5,0.003718,2.58558558559
4970.0,0.15,6,0.00402,1.77124183007
5174.0,0.153333333333,6,0.004937,1.47916666667
4794.0,0.146666666667,6,0.003755,1.64028776978
4684.0,0.14,6,0.004177,2.15068493151
5328.0,0.15,6,0.004294,1.64028776978
5490.0,0.156666666667,6,0.004406,2.5497382199
6455.0,0.17,6,0.005323,1.37623762376
6780.0,0.176666666667,6,0.004558,1.37623762376
4782.0,0.143333333333,6,0.004105,2.18579234973
