weight,density,degree,runtime,stretch
3334.0,0.533333333333,3,0.001568,1.00715563506
6322.0,0.733333333333,5,0.001511,1.0
4325.0,0.6,4,0.000766,1.2972972973
1131.0,0.466666666667,4,0.00084,1.0
3948.0,0.6,4,0.000847,1.0
3869.0,0.6,5,0.000756999999998,1.0
686.0,0.333333333333,3,0.000881000000001,1.0
1280.0,0.4,3,0.000783999999999,1.34439834025
2321.0,0.466666666667,3,0.001415,1.27476882431
1817.0,0.4,3,0.001175,1.39254658385
