weight,density,degree,runtime,stretch
1798.0,0.6,4,0.000457,1.0
1798.0,0.6,4,0.000533,1.0
1142.0,0.4,4,0.000465,1.51343283582
1798.0,0.6,4,0.000464,1.0
1798.0,0.6,4,0.000472,1.0
1179.0,0.4,3,0.000448,1.88936170213
1798.0,0.6,4,0.000497,1.0
1798.0,0.6,4,0.000465,1.0
1477.0,0.5,4,0.00041,1.11526479751
1798.0,0.6,4,0.000488,1.0
