weight,density,degree,runtime,stretch
3840.0,0.361111111111,5,0.001207,1.0
1984.0,0.361111111111,5,0.001045,1.22377622378
3980.0,0.388888888889,5,0.001065,1.7662037037
5103.0,0.416666666667,5,0.001409,1.26127819549
1766.0,0.277777777778,4,0.001076,1.63661971831
6896.0,0.444444444444,6,0.001239,2.94475138122
4351.0,0.388888888889,5,0.001171,1.16300940439
4524.0,0.416666666667,5,0.001253,1.36231884058
1273.0,0.277777777778,4,0.00121,1.21641791045
2337.0,0.333333333333,4,0.001822,1.25714285714
