weight,density,degree,runtime,stretch
400.0,0.4,3,0.000365,1.0
2054.0,0.6,3,0.000374,1.0
3355.0,0.7,3,0.00072,1.0
3534.0,0.7,3,0.000709,1.0
2940.0,0.6,3,0.000741,1.32456140351
784.0,0.4,2,0.001085,1.0
1689.0,0.5,3,0.000377,1.18954248366
2872.0,0.6,3,0.00044,1.0
3239.0,0.6,3,0.000381,1.93162393162
713.0,0.5,3,0.000608,1.21034482759
