weight,density,degree,runtime,stretch
3420.0,0.321428571429,4,0.000944,1.0
3420.0,0.321428571429,4,0.000826999999999,1.0
2471.0,0.285714285714,4,0.001259,1.48577449947
3420.0,0.321428571429,4,0.000871,1.0
3420.0,0.321428571429,4,0.001221,1.0
3420.0,0.321428571429,4,0.001405,1.0
3420.0,0.321428571429,4,0.001778,1.0
3420.0,0.321428571429,4,0.001313,1.0
3420.0,0.321428571429,4,0.001158,1.0
3420.0,0.321428571429,4,0.001371,1.0
