weight,density,degree,runtime,stretch
4125.0,0.113333333333,8,0.02,3.19858156028
4498.0,0.12,5,0.03,1.72077922078
6688.0,0.136666666667,6,0.05,2.12121212121
4941.0,0.126666666667,8,0.03,2.35862068966
6544.0,0.14,6,0.03,2.82481751825
6616.0,0.143333333333,6,0.02,2.04633204633
5826.0,0.13,5,0.05,1.99315068493
3572.0,0.116666666667,7,0.03,2.5234375
4456.0,0.136666666667,6,0.06,1.92413793103
3624.0,0.123333333333,6,0.03,1.96825396825
