weight,density,degree,runtime,stretch
1741.0,0.285714285714,4,0.001318,1.49677419355
4667.0,0.392857142857,4,0.001073,2.12962962963
2236.0,0.392857142857,4,0.001266,1.0
2999.0,0.321428571429,4,0.001764,2.15859030837
2272.0,0.321428571429,3,0.001126,1.0
3142.0,0.428571428571,5,0.001275,1.0
1705.0,0.321428571429,4,0.001093,1.43824027073
5256.0,0.428571428571,5,0.001233,1.90142671855
3440.0,0.428571428571,4,0.001352,1.98626373626
5493.0,0.464285714286,4,0.001974,1.70537261698
